0 verbose cli C:\Program Files\nodejs\node.exe C:\Program Files\nodejs\node_modules\npm\bin\npm-cli.js
1 info using npm@11.19.0
2 info using node@v24.20.0
3 silly config load:file:C:\Program Files\nodejs\node_modules\npm\npmrc
4 silly config load:file:C:\Users\chaiy\OneDrive\Documents\thetanuts track 1\.npmrc
5 silly config load:file:C:\Users\chaiy\.npmrc
6 silly config load:file:C:\Users\chaiy\AppData\Roaming\npm\etc\npmrc
7 verbose title npm install
8 verbose argv "install" "--cache" ".npm-cache" "--no-audit" "--no-fund"
9 verbose logfile logs-max:10 dir:C:\Users\chaiy\OneDrive\Documents\thetanuts track 1\.npm-cache\_logs\2026-08-31T12_13_39_347Z-
10 verbose logfile C:\Users\chaiy\OneDrive\Documents\thetanuts track 1\.npm-cache\_logs\2026-08-31T12_13_39_347Z-debug-0.log
11 silly logfile done cleaning log files
12 silly packumentCache heap:4496293888 maxSize:1124073472 maxEntrySize:562036736
13 silly idealTree buildDeps
14 silly fetch manifest @thetanuts-finance/thetanuts-client@^0.3.0
15 silly packumentCache full:https://registry.npmjs.org/@thetanuts-finance%2fthetanuts-client cache-miss
16 http fetch GET 200 https://registry.npmjs.org/@thetanuts-finance%2fthetanuts-client 835ms (cache miss)
17 silly packumentCache full:https://registry.npmjs.org/@thetanuts-finance%2fthetanuts-client set size:undefined disposed:false
18 silly fetch manifest ethers@^6.17.0
19 silly packumentCache full:https://registry.npmjs.org/ethers cache-miss
20 http fetch GET 200 https://registry.npmjs.org/ethers 101ms (cache miss)
21 silly packumentCache full:https://registry.npmjs.org/ethers set size:undefined disposed:false
22 silly fetch manifest lucide-react@^0.468.0
23 silly packumentCache full:https://registry.npmjs.org/lucide-react cache-miss
24 http fetch GET 200 https://registry.npmjs.org/lucide-react 41ms (cache revalidated)
25 silly packumentCache full:https://registry.npmjs.org/lucide-react set size:2334836 disposed:false
26 silly fetch manifest react@^19.0.0
27 silly packumentCache full:https://registry.npmjs.org/react cache-miss
28 http fetch GET 200 https://registry.npmjs.org/react 46ms (cache revalidated)
29 silly packumentCache full:https://registry.npmjs.org/react set size:6926968 disposed:false
30 silly fetch manifest next@^15.1.7
31 silly packumentCache full:https://registry.npmjs.org/next cache-miss
32 http fetch GET 200 https://registry.npmjs.org/next 80ms (cache revalidated)
33 silly packumentCache full:https://registry.npmjs.org/next set size:31178067 disposed:false
34 silly fetch manifest @opentelemetry/api@^1.1.0
35 silly packumentCache full:https://registry.npmjs.org/@opentelemetry%2fapi cache-miss
36 http fetch GET 200 https://registry.npmjs.org/@opentelemetry%2fapi 59ms (cache revalidated)
37 silly packumentCache full:https://registry.npmjs.org/@opentelemetry%2fapi set size:272967 disposed:false
38 silly fetch manifest @playwright/test@^1.51.1
39 silly packumentCache full:https://registry.npmjs.org/@playwright%2ftest cache-miss
40 http fetch GET 200 https://registry.npmjs.org/@playwright%2ftest 68ms (cache revalidated)
41 silly packumentCache full:https://registry.npmjs.org/@playwright%2ftest set size:9469263 disposed:false
42 silly fetch manifest babel-plugin-react-compiler@*
43 silly packumentCache full:https://registry.npmjs.org/babel-plugin-react-compiler cache-miss
44 http fetch GET 200 https://registry.npmjs.org/babel-plugin-react-compiler 36ms (cache revalidated)
45 silly packumentCache full:https://registry.npmjs.org/babel-plugin-react-compiler set size:1356999 disposed:false
46 silly fetch manifest react-dom@^19.0.0
47 silly packumentCache full:https://registry.npmjs.org/react-dom cache-miss
48 http fetch GET 200 https://registry.npmjs.org/react-dom 50ms (cache revalidated)
49 silly packumentCache full:https://registry.npmjs.org/react-dom set size:9313795 disposed:false
50 silly fetch manifest sass@^1.3.0
51 silly packumentCache full:https://registry.npmjs.org/sass cache-miss
52 http fetch GET 200 https://registry.npmjs.org/sass 165ms (cache revalidated)
53 silly packumentCache full:https://registry.npmjs.org/sass set size:747752 disposed:false
54 silly fetch manifest recharts@^2.15.1
55 silly packumentCache full:https://registry.npmjs.org/recharts cache-miss
56 http fetch GET 200 https://registry.npmjs.org/recharts 59ms (cache revalidated)
57 silly packumentCache full:https://registry.npmjs.org/recharts set size:1445457 disposed:false
58 silly fetch manifest @types/node@^22.10.10
59 silly packumentCache full:https://registry.npmjs.org/@types%2fnode cache-miss
60 http fetch GET 200 https://registry.npmjs.org/@types%2fnode 141ms (cache revalidated)
61 silly packumentCache full:https://registry.npmjs.org/@types%2fnode set size:11096266 disposed:false
62 silly fetch manifest @types/react@^19.0.8
63 silly packumentCache full:https://registry.npmjs.org/@types%2freact cache-miss
64 http fetch GET 200 https://registry.npmjs.org/@types%2freact 117ms (cache revalidated)
65 silly packumentCache full:https://registry.npmjs.org/@types%2freact set size:2637439 disposed:false
66 silly fetch manifest @types/react-dom@^19.0.3
67 silly packumentCache full:https://registry.npmjs.org/@types%2freact-dom cache-miss
68 http fetch GET 200 https://registry.npmjs.org/@types%2freact-dom 68ms (cache revalidated)
69 silly packumentCache full:https://registry.npmjs.org/@types%2freact-dom set size:435860 disposed:false
70 silly fetch manifest autoprefixer@^10.4.20
71 silly packumentCache full:https://registry.npmjs.org/autoprefixer cache-miss
72 http fetch GET 200 https://registry.npmjs.org/autoprefixer 62ms (cache revalidated)
73 silly packumentCache full:https://registry.npmjs.org/autoprefixer set size:1366815 disposed:false
74 silly fetch manifest postcss@^8.5.1
75 silly packumentCache full:https://registry.npmjs.org/postcss cache-miss
76 http fetch GET 200 https://registry.npmjs.org/postcss 59ms (cache revalidated)
77 silly packumentCache full:https://registry.npmjs.org/postcss set size:760024 disposed:false
78 silly fetch manifest tailwindcss@^3.4.17
79 silly packumentCache full:https://registry.npmjs.org/tailwindcss cache-miss
80 http fetch GET 200 https://registry.npmjs.org/tailwindcss 46ms (cache revalidated)
81 silly packumentCache full:https://registry.npmjs.org/tailwindcss set size:10875803 disposed:false
82 silly fetch manifest typescript@^5.7.3
83 silly packumentCache full:https://registry.npmjs.org/typescript cache-miss
84 http fetch GET 200 https://registry.npmjs.org/typescript 108ms (cache revalidated)
85 silly packumentCache full:https://registry.npmjs.org/typescript set size:15618607 disposed:false
86 silly placeDep ROOT @thetanuts-finance/thetanuts-client@0.3.0 OK for: yield-shield@0.1.0 want: ^0.3.0
87 silly placeDep ROOT @types/node@22.20.1 OK for: yield-shield@0.1.0 want: ^22.10.10
88 silly placeDep ROOT @types/react@19.2.18 OK for: yield-shield@0.1.0 want: ^19.0.8
89 silly placeDep ROOT @types/react-dom@19.2.5 OK for: yield-shield@0.1.0 want: ^19.0.3
90 silly placeDep ROOT autoprefixer@10.5.4 OK for: yield-shield@0.1.0 want: ^10.4.20
91 silly placeDep ROOT postcss@8.5.26 OK for: autoprefixer@10.5.4 want: ^8.1.0
92 silly placeDep ROOT ethers@6.17.0 OK for: yield-shield@0.1.0 want: ^6.17.0
93 silly placeDep ROOT lucide-react@0.468.0 OK for: yield-shield@0.1.0 want: ^0.468.0
94 silly placeDep ROOT react@19.2.8 OK for: lucide-react@0.468.0 want: ^16.5.1 || ^17.0.0 || ^18.0.0 || ^19.0.0-rc
95 silly placeDep ROOT next@15.5.24 OK for: yield-shield@0.1.0 want: ^15.1.7
96 silly placeDep ROOT react-dom@19.2.8 OK for: next@15.5.24 want: ^18.2.0 || 19.0.0-rc-de68d2f4-20241204 || ^19.0.0
97 silly placeDep ROOT recharts@2.15.4 OK for: yield-shield@0.1.0 want: ^2.15.1
98 silly placeDep ROOT tailwindcss@3.4.19 OK for: yield-shield@0.1.0 want: ^3.4.17
99 silly placeDep ROOT typescript@5.9.3 OK for: yield-shield@0.1.0 want: ^5.7.3
100 silly fetch manifest axios@^1.16.1
101 silly packumentCache full:https://registry.npmjs.org/axios cache-miss
102 silly fetch manifest ethers@^6.0.0
103 silly packumentCache full:https://registry.npmjs.org/ethers cache-miss
104 silly fetch manifest viem@^2.47.0
105 silly packumentCache full:https://registry.npmjs.org/viem cache-miss
106 silly fetch manifest undici-types@~6.21.0
107 silly packumentCache full:https://registry.npmjs.org/undici-types cache-miss
108 silly fetch manifest csstype@^3.2.2
109 silly packumentCache full:https://registry.npmjs.org/csstype cache-miss
110 silly fetch manifest picocolors@^1.1.1
111 silly packumentCache full:https://registry.npmjs.org/picocolors cache-miss
112 silly fetch manifest fraction.js@^5.3.4
113 silly packumentCache full:https://registry.npmjs.org/fraction.js cache-miss
114 silly fetch manifest browserslist@^4.28.6
115 silly packumentCache full:https://registry.npmjs.org/browserslist cache-miss
116 silly fetch manifest caniuse-lite@^1.0.30001806
117 silly packumentCache full:https://registry.npmjs.org/caniuse-lite cache-miss
118 silly fetch manifest postcss-value-parser@^4.2.0
119 silly packumentCache full:https://registry.npmjs.org/postcss-value-parser cache-miss
120 silly fetch manifest nanoid@^3.3.17
121 silly packumentCache full:https://registry.npmjs.org/nanoid cache-miss
122 silly fetch manifest picocolors@^1.1.1
123 silly packumentCache full:https://registry.npmjs.org/picocolors cache-miss
124 silly fetch manifest source-map-js@^1.2.1
125 silly packumentCache full:https://registry.npmjs.org/source-map-js cache-miss
126 silly fetch manifest @adraffy/ens-normalize@1.11.1
127 silly packumentCache full:https://registry.npmjs.org/@adraffy%2fens-normalize cache-miss
128 silly fetch manifest @noble/curves@1.2.0
129 silly packumentCache full:https://registry.npmjs.org/@noble%2fcurves cache-miss
130 http cache https://registry.npmjs.org/ethers 43ms (cache hit)
131 silly packumentCache full:https://registry.npmjs.org/ethers set size:1385088 disposed:false
132 silly fetch manifest @noble/hashes@1.3.2
133 silly packumentCache full:https://registry.npmjs.org/@noble%2fhashes cache-miss
134 http fetch GET 200 https://registry.npmjs.org/picocolors 53ms (cache revalidated)
135 silly packumentCache full:https://registry.npmjs.org/picocolors set size:16648 disposed:false
136 silly fetch manifest @types/node@22.7.5
137 silly packumentCache full:https://registry.npmjs.org/@types%2fnode cache-miss
138 http cache https://registry.npmjs.org/@types%2fnode 29ms (cache hit)
139 silly packumentCache full:https://registry.npmjs.org/@types%2fnode set size:11096266 disposed:false
140 silly fetch manifest aes-js@4.0.0-beta.5
141 silly packumentCache full:https://registry.npmjs.org/aes-js cache-miss
142 http fetch GET 200 https://registry.npmjs.org/@noble%2fhashes 87ms (cache revalidated)
143 silly packumentCache full:https://registry.npmjs.org/@noble%2fhashes set size:220000 disposed:false
144 silly fetch manifest tslib@2.7.0
145 silly packumentCache full:https://registry.npmjs.org/tslib cache-miss
146 http fetch GET 200 https://registry.npmjs.org/source-map-js 135ms (cache revalidated)
147 silly packumentCache full:https://registry.npmjs.org/source-map-js set size:62640 disposed:false
148 silly fetch manifest ws@8.21.0
149 silly packumentCache full:https://registry.npmjs.org/ws cache-miss
150 http fetch GET 200 https://registry.npmjs.org/picocolors 146ms (cache revalidated)
151 silly packumentCache full:https://registry.npmjs.org/picocolors set size:16648 disposed:false
152 silly packumentCache full:https://registry.npmjs.org/picocolors dispose
153 silly fetch manifest postcss@8.4.31
154 silly packumentCache full:https://registry.npmjs.org/postcss cache-hit
155 silly fetch manifest @next/env@15.5.24
156 silly packumentCache full:https://registry.npmjs.org/@next%2fenv cache-miss
157 http fetch GET 200 https://registry.npmjs.org/nanoid 148ms (cache revalidated)
158 silly packumentCache full:https://registry.npmjs.org/nanoid set size:342705 disposed:false
159 silly fetch manifest styled-jsx@5.1.6
160 silly packumentCache full:https://registry.npmjs.org/styled-jsx cache-miss
161 http fetch GET 200 https://registry.npmjs.org/undici-types 156ms (cache revalidated)
162 silly packumentCache full:https://registry.npmjs.org/undici-types set size:250438 disposed:false
163 silly fetch manifest @swc/helpers@0.5.15
164 silly packumentCache full:https://registry.npmjs.org/@swc%2fhelpers cache-miss
165 http fetch GET 200 https://registry.npmjs.org/csstype 157ms (cache revalidated)
166 silly packumentCache full:https://registry.npmjs.org/csstype set size:274189 disposed:false
167 silly fetch manifest caniuse-lite@^1.0.30001579
168 silly packumentCache full:https://registry.npmjs.org/caniuse-lite cache-miss
169 http fetch GET 200 https://registry.npmjs.org/viem 174ms (cache revalidated)
170 silly packumentCache full:https://registry.npmjs.org/viem set size:11078162 disposed:false
171 silly fetch manifest sharp@^0.34.3 || ^0.35.3
172 silly packumentCache full:https://registry.npmjs.org/sharp cache-miss
173 http fetch GET 200 https://registry.npmjs.org/fraction.js 221ms (cache revalidated)
174 silly packumentCache full:https://registry.npmjs.org/fraction.js set size:149386 disposed:false
175 silly fetch manifest @next/swc-darwin-x64@15.5.24
176 silly packumentCache full:https://registry.npmjs.org/@next%2fswc-darwin-x64 cache-miss
177 http fetch GET 200 https://registry.npmjs.org/browserslist 224ms (cache revalidated)
178 silly packumentCache full:https://registry.npmjs.org/browserslist set size:518659 disposed:false
179 silly fetch manifest @next/swc-darwin-arm64@15.5.24
180 silly packumentCache full:https://registry.npmjs.org/@next%2fswc-darwin-arm64 cache-miss
181 http fetch GET 200 https://registry.npmjs.org/axios 229ms (cache revalidated)
182 silly packumentCache full:https://registry.npmjs.org/axios set size:857738 disposed:false
183 silly fetch manifest @next/swc-linux-x64-gnu@15.5.24
184 silly packumentCache full:https://registry.npmjs.org/@next%2fswc-linux-x64-gnu cache-miss
185 http fetch GET 200 https://registry.npmjs.org/caniuse-lite 237ms (cache revalidated)
186 silly packumentCache full:https://registry.npmjs.org/caniuse-lite set size:2313344 disposed:false
187 silly fetch manifest @next/swc-linux-x64-musl@15.5.24
188 silly packumentCache full:https://registry.npmjs.org/@next%2fswc-linux-x64-musl cache-miss
189 http fetch GET 200 https://registry.npmjs.org/tslib 107ms (cache revalidated)
190 silly packumentCache full:https://registry.npmjs.org/tslib set size:108843 disposed:false
191 silly fetch manifest @next/swc-win32-x64-msvc@15.5.24
192 silly packumentCache full:https://registry.npmjs.org/@next%2fswc-win32-x64-msvc cache-miss
193 http fetch GET 200 https://registry.npmjs.org/@noble%2fcurves 242ms (cache revalidated)
194 silly packumentCache full:https://registry.npmjs.org/@noble%2fcurves set size:312318 disposed:false
195 silly fetch manifest @next/swc-linux-arm64-gnu@15.5.24
196 silly packumentCache full:https://registry.npmjs.org/@next%2fswc-linux-arm64-gnu cache-miss
197 http fetch GET 200 https://registry.npmjs.org/ws 110ms (cache revalidated)
198 silly packumentCache full:https://registry.npmjs.org/ws set size:447661 disposed:false
199 silly fetch manifest @next/swc-linux-arm64-musl@15.5.24
200 silly packumentCache full:https://registry.npmjs.org/@next%2fswc-linux-arm64-musl cache-miss
201 http fetch GET 200 https://registry.npmjs.org/styled-jsx 107ms (cache revalidated)
202 silly packumentCache full:https://registry.npmjs.org/styled-jsx set size:436113 disposed:false
203 silly fetch manifest @next/swc-win32-arm64-msvc@15.5.24
204 silly packumentCache full:https://registry.npmjs.org/@next%2fswc-win32-arm64-msvc cache-miss
205 http fetch GET 200 https://registry.npmjs.org/aes-js 152ms (cache miss)
206 silly packumentCache full:https://registry.npmjs.org/aes-js set size:undefined disposed:false
207 silly fetch manifest scheduler@^0.27.0
208 silly packumentCache full:https://registry.npmjs.org/scheduler cache-miss
209 http fetch GET 200 https://registry.npmjs.org/@next%2fenv 131ms (cache revalidated)
210 silly packumentCache full:https://registry.npmjs.org/@next%2fenv set size:7621579 disposed:false
211 silly fetch manifest clsx@^2.0.0
212 silly packumentCache full:https://registry.npmjs.org/clsx cache-miss
213 http fetch GET 200 https://registry.npmjs.org/sharp 106ms (cache revalidated)
214 silly packumentCache full:https://registry.npmjs.org/sharp set size:1221057 disposed:false
215 silly fetch manifest lodash@^4.17.21
216 silly packumentCache full:https://registry.npmjs.org/lodash cache-miss
217 http fetch GET 200 https://registry.npmjs.org/caniuse-lite 166ms (cache revalidated)
218 silly packumentCache full:https://registry.npmjs.org/caniuse-lite set size:2313344 disposed:false
219 silly fetch manifest react-is@^18.3.1
220 silly packumentCache full:https://registry.npmjs.org/react-is cache-miss
221 http fetch GET 200 https://registry.npmjs.org/@next%2fswc-darwin-x64 115ms (cache revalidated)
222 silly packumentCache full:https://registry.npmjs.org/@next%2fswc-darwin-x64 set size:5515263 disposed:false
223 silly fetch manifest react-smooth@^4.0.4
224 silly packumentCache full:https://registry.npmjs.org/react-smooth cache-miss
225 http fetch GET 200 https://registry.npmjs.org/@next%2fswc-linux-x64-gnu 123ms (cache revalidated)
226 silly packumentCache full:https://registry.npmjs.org/@next%2fswc-linux-x64-gnu set size:5628641 disposed:false
227 silly fetch manifest eventemitter3@^4.0.1
228 silly packumentCache full:https://registry.npmjs.org/eventemitter3 cache-miss
229 http fetch GET 200 https://registry.npmjs.org/@next%2fswc-linux-x64-musl 136ms (cache revalidated)
230 silly packumentCache full:https://registry.npmjs.org/@next%2fswc-linux-x64-musl set size:5384292 disposed:false
231 silly fetch manifest recharts-scale@^0.4.4
232 silly packumentCache full:https://registry.npmjs.org/recharts-scale cache-miss
233 http fetch GET 200 https://registry.npmjs.org/@next%2fswc-win32-x64-msvc 162ms (cache revalidated)
234 silly packumentCache full:https://registry.npmjs.org/@next%2fswc-win32-x64-msvc set size:5599305 disposed:false
235 silly fetch manifest tiny-invariant@^1.3.1
236 silly packumentCache full:https://registry.npmjs.org/tiny-invariant cache-miss
237 http fetch GET 200 https://registry.npmjs.org/@next%2fswc-linux-arm64-gnu 180ms (cache revalidated)
238 silly packumentCache full:https://registry.npmjs.org/@next%2fswc-linux-arm64-gnu set size:5433431 disposed:false
239 silly fetch manifest victory-vendor@^36.6.8
240 silly packumentCache full:https://registry.npmjs.org/victory-vendor cache-miss
241 http fetch GET 200 https://registry.npmjs.org/@swc%2fhelpers 291ms (cache revalidated)
242 silly packumentCache full:https://registry.npmjs.org/@swc%2fhelpers set size:775458 disposed:false
243 silly fetch manifest arg@^5.0.2
244 silly packumentCache full:https://registry.npmjs.org/arg cache-miss
245 http fetch GET 200 https://registry.npmjs.org/@next%2fswc-linux-arm64-musl 210ms (cache revalidated)
246 silly packumentCache full:https://registry.npmjs.org/@next%2fswc-linux-arm64-musl set size:5452870 disposed:false
247 silly fetch manifest dlv@^1.1.3
248 silly packumentCache full:https://registry.npmjs.org/dlv cache-miss
249 http fetch GET 200 https://registry.npmjs.org/postcss-value-parser 486ms (cache revalidated)
250 silly packumentCache full:https://registry.npmjs.org/postcss-value-parser set size:73526 disposed:false
251 silly fetch manifest jiti@^1.21.7
252 silly packumentCache full:https://registry.npmjs.org/jiti cache-miss
253 http fetch GET 200 https://registry.npmjs.org/@next%2fswc-win32-arm64-msvc 236ms (cache revalidated)
254 silly packumentCache full:https://registry.npmjs.org/@next%2fswc-win32-arm64-msvc set size:5414614 disposed:false
255 silly fetch manifest is-glob@^4.0.3
256 silly packumentCache full:https://registry.npmjs.org/is-glob cache-miss
257 http fetch GET 200 https://registry.npmjs.org/clsx 225ms (cache revalidated)
258 silly packumentCache full:https://registry.npmjs.org/clsx set size:42506 disposed:false
259 silly fetch manifest resolve@^1.22.8
260 silly packumentCache full:https://registry.npmjs.org/resolve cache-miss
261 http fetch GET 200 https://registry.npmjs.org/scheduler 264ms (cache revalidated)
262 silly packumentCache full:https://registry.npmjs.org/scheduler set size:5719027 disposed:false
263 silly fetch manifest sucrase@^3.35.0
264 silly packumentCache full:https://registry.npmjs.org/sucrase cache-miss
265 http fetch GET 200 https://registry.npmjs.org/arg 120ms (cache revalidated)
266 silly packumentCache full:https://registry.npmjs.org/arg set size:67036 disposed:false
267 silly fetch manifest chokidar@^3.6.0
268 silly packumentCache full:https://registry.npmjs.org/chokidar cache-miss
269 http fetch GET 200 https://registry.npmjs.org/lodash 252ms (cache revalidated)
270 silly packumentCache full:https://registry.npmjs.org/lodash set size:247652 disposed:false
271 silly fetch manifest fast-glob@^3.3.2
272 silly packumentCache full:https://registry.npmjs.org/fast-glob cache-miss
273 http fetch GET 200 https://registry.npmjs.org/eventemitter3 205ms (cache revalidated)
274 silly packumentCache full:https://registry.npmjs.org/eventemitter3 set size:92292 disposed:false
275 silly fetch manifest lilconfig@^3.1.3
276 silly packumentCache full:https://registry.npmjs.org/lilconfig cache-miss
277 http fetch GET 200 https://registry.npmjs.org/tiny-invariant 158ms (cache revalidated)
278 silly packumentCache full:https://registry.npmjs.org/tiny-invariant set size:98310 disposed:false
279 silly fetch manifest didyoumean@^1.2.2
280 silly packumentCache full:https://registry.npmjs.org/didyoumean cache-miss
281 http fetch GET 200 https://registry.npmjs.org/victory-vendor 137ms (cache revalidated)
282 silly packumentCache full:https://registry.npmjs.org/victory-vendor set size:249209 disposed:false
283 silly fetch manifest micromatch@^4.0.8
284 silly packumentCache full:https://registry.npmjs.org/micromatch cache-miss
285 http fetch GET 200 https://registry.npmjs.org/dlv 106ms (cache revalidated)
286 silly packumentCache full:https://registry.npmjs.org/dlv set size:16709 disposed:false
287 silly fetch manifest postcss-js@^4.0.1
288 silly packumentCache full:https://registry.npmjs.org/postcss-js cache-miss
289 http fetch GET 200 https://registry.npmjs.org/react-smooth 232ms (cache revalidated)
290 silly packumentCache full:https://registry.npmjs.org/react-smooth set size:197810 disposed:false
291 silly fetch manifest glob-parent@^6.0.2
292 silly packumentCache full:https://registry.npmjs.org/glob-parent cache-miss
293 http fetch GET 200 https://registry.npmjs.org/recharts-scale 185ms (cache revalidated)
294 silly packumentCache full:https://registry.npmjs.org/recharts-scale set size:62529 disposed:false
295 silly fetch manifest object-hash@^3.0.0
296 silly packumentCache full:https://registry.npmjs.org/object-hash cache-miss
297 http fetch GET 200 https://registry.npmjs.org/react-is 261ms (cache revalidated)
298 silly packumentCache full:https://registry.npmjs.org/react-is set size:5605732 disposed:false
299 silly fetch manifest normalize-path@^3.0.0
300 silly packumentCache full:https://registry.npmjs.org/normalize-path cache-miss
301 http fetch GET 200 https://registry.npmjs.org/@next%2fswc-darwin-arm64 390ms (cache revalidated)
302 silly packumentCache full:https://registry.npmjs.org/@next%2fswc-darwin-arm64 set size:5575340 disposed:false
303 silly fetch manifest postcss-import@^15.1.0
304 silly packumentCache full:https://registry.npmjs.org/postcss-import cache-miss
305 http fetch GET 200 https://registry.npmjs.org/is-glob 123ms (cache revalidated)
306 silly packumentCache full:https://registry.npmjs.org/is-glob set size:40530 disposed:false
307 silly fetch manifest postcss-nested@^6.2.0
308 silly packumentCache full:https://registry.npmjs.org/postcss-nested cache-miss
309 http fetch GET 200 https://registry.npmjs.org/jiti 150ms (cache revalidated)
310 silly packumentCache full:https://registry.npmjs.org/jiti set size:387989 disposed:false
311 silly fetch manifest @alloc/quick-lru@^5.2.0
312 silly packumentCache full:https://registry.npmjs.org/@alloc%2fquick-lru cache-miss
313 http fetch GET 200 https://registry.npmjs.org/resolve 133ms (cache revalidated)
314 silly packumentCache full:https://registry.npmjs.org/resolve set size:244568 disposed:false
315 silly fetch manifest postcss-load-config@^4.0.2 || ^5.0 || ^6.0
316 silly packumentCache full:https://registry.npmjs.org/postcss-load-config cache-miss
317 http fetch GET 200 https://registry.npmjs.org/sucrase 107ms (cache revalidated)
318 silly packumentCache full:https://registry.npmjs.org/sucrase set size:449399 disposed:false
319 silly fetch manifest postcss-selector-parser@^6.1.2
320 silly packumentCache full:https://registry.npmjs.org/postcss-selector-parser cache-miss
321 http fetch GET 200 https://registry.npmjs.org/chokidar 98ms (cache revalidated)
322 silly packumentCache full:https://registry.npmjs.org/chokidar set size:255902 disposed:false
323 http fetch GET 200 https://registry.npmjs.org/fast-glob 102ms (cache revalidated)
324 silly packumentCache full:https://registry.npmjs.org/fast-glob set size:220556 disposed:false
325 http fetch GET 200 https://registry.npmjs.org/lilconfig 102ms (cache revalidated)
326 silly packumentCache full:https://registry.npmjs.org/lilconfig set size:45636 disposed:false
327 http fetch GET 200 https://registry.npmjs.org/postcss-js 99ms (cache revalidated)
328 silly packumentCache full:https://registry.npmjs.org/postcss-js set size:51308 disposed:false
329 http fetch GET 200 https://registry.npmjs.org/micromatch 101ms (cache revalidated)
330 silly packumentCache full:https://registry.npmjs.org/micromatch set size:240630 disposed:false
331 http fetch GET 200 https://registry.npmjs.org/postcss-nested 45ms (cache revalidated)
332 silly packumentCache full:https://registry.npmjs.org/postcss-nested set size:83321 disposed:false
333 http fetch GET 200 https://registry.npmjs.org/object-hash 99ms (cache revalidated)
334 silly packumentCache full:https://registry.npmjs.org/object-hash set size:100564 disposed:false
335 http fetch GET 200 https://registry.npmjs.org/didyoumean 107ms (cache revalidated)
336 silly packumentCache full:https://registry.npmjs.org/didyoumean set size:11446 disposed:false
337 http fetch GET 200 https://registry.npmjs.org/glob-parent 102ms (cache revalidated)
338 silly packumentCache full:https://registry.npmjs.org/glob-parent set size:42445 disposed:false
339 http fetch GET 200 https://registry.npmjs.org/normalize-path 79ms (cache revalidated)
340 silly packumentCache full:https://registry.npmjs.org/normalize-path set size:28713 disposed:false
341 http fetch GET 200 https://registry.npmjs.org/postcss-load-config 37ms (cache revalidated)
342 silly packumentCache full:https://registry.npmjs.org/postcss-load-config set size:86425 disposed:false
343 http fetch GET 200 https://registry.npmjs.org/postcss-selector-parser 35ms (cache revalidated)
344 silly packumentCache full:https://registry.npmjs.org/postcss-selector-parser set size:196939 disposed:false
345 http fetch GET 200 https://registry.npmjs.org/@adraffy%2fens-normalize 705ms (cache revalidated)
346 silly packumentCache full:https://registry.npmjs.org/@adraffy%2fens-normalize set size:148524 disposed:false
347 http fetch GET 200 https://registry.npmjs.org/@alloc%2fquick-lru 82ms (cache revalidated)
348 silly packumentCache full:https://registry.npmjs.org/@alloc%2fquick-lru set size:7269 disposed:false
349 http fetch GET 200 https://registry.npmjs.org/postcss-import 249ms (cache revalidated)
350 silly packumentCache full:https://registry.npmjs.org/postcss-import set size:125042 disposed:false
351 silly fetch manifest typescript@>=5.0.4
352 silly packumentCache full:https://registry.npmjs.org/typescript cache-miss
353 http cache https://registry.npmjs.org/typescript 27ms (cache hit)
354 silly packumentCache full:https://registry.npmjs.org/typescript set size:15618607 disposed:false
355 silly placeDep ROOT axios@1.20.0 OK for: @thetanuts-finance/thetanuts-client@0.3.0 want: ^1.16.1
356 silly placeDep ROOT viem@2.56.1 OK for: @thetanuts-finance/thetanuts-client@0.3.0 want: ^2.47.0
357 silly fetch manifest form-data@^4.0.6
358 silly packumentCache full:https://registry.npmjs.org/form-data cache-miss
359 silly fetch manifest proxy-from-env@^2.1.0
360 silly packumentCache full:https://registry.npmjs.org/proxy-from-env cache-miss
361 silly fetch manifest follow-redirects@^1.16.0
362 silly packumentCache full:https://registry.npmjs.org/follow-redirects cache-miss
363 silly fetch manifest https-proxy-agent@^5.0.1
364 silly packumentCache full:https://registry.npmjs.org/https-proxy-agent cache-miss
365 silly fetch manifest ox@0.14.34
366 silly packumentCache full:https://registry.npmjs.org/ox cache-miss
367 silly fetch manifest isows@1.0.7
368 silly packumentCache full:https://registry.npmjs.org/isows cache-miss
369 silly fetch manifest abitype@1.2.3
370 silly packumentCache full:https://registry.npmjs.org/abitype cache-miss
371 silly fetch manifest @scure/bip32@1.7.0
372 silly packumentCache full:https://registry.npmjs.org/@scure%2fbip32 cache-miss
373 silly fetch manifest @scure/bip39@1.6.0
374 silly packumentCache full:https://registry.npmjs.org/@scure%2fbip39 cache-miss
375 silly fetch manifest @noble/curves@1.9.1
376 silly packumentCache full:https://registry.npmjs.org/@noble%2fcurves cache-hit
377 silly fetch manifest @noble/hashes@1.8.0
378 silly packumentCache full:https://registry.npmjs.org/@noble%2fhashes cache-hit
379 http fetch GET 200 https://registry.npmjs.org/follow-redirects 51ms (cache revalidated)
380 silly packumentCache full:https://registry.npmjs.org/follow-redirects set size:188945 disposed:false
381 http fetch GET 200 https://registry.npmjs.org/isows 53ms (cache revalidated)
382 silly packumentCache full:https://registry.npmjs.org/isows set size:83098 disposed:false
383 http fetch GET 200 https://registry.npmjs.org/form-data 55ms (cache revalidated)
384 silly packumentCache full:https://registry.npmjs.org/form-data set size:153174 disposed:false
385 http fetch GET 200 https://registry.npmjs.org/proxy-from-env 56ms (cache revalidated)
386 silly packumentCache full:https://registry.npmjs.org/proxy-from-env set size:21422 disposed:false
387 http fetch GET 200 https://registry.npmjs.org/abitype 57ms (cache revalidated)
388 silly packumentCache full:https://registry.npmjs.org/abitype set size:589820 disposed:false
389 http fetch GET 200 https://registry.npmjs.org/ox 66ms (cache revalidated)
390 silly packumentCache full:https://registry.npmjs.org/ox set size:6237238 disposed:false
391 http fetch GET 200 https://registry.npmjs.org/@scure%2fbip39 87ms (cache revalidated)
392 silly packumentCache full:https://registry.npmjs.org/@scure%2fbip39 set size:74584 disposed:false
393 http fetch GET 200 https://registry.npmjs.org/@scure%2fbip32 90ms (cache revalidated)
394 silly packumentCache full:https://registry.npmjs.org/@scure%2fbip32 set size:75723 disposed:false
395 http fetch GET 200 https://registry.npmjs.org/https-proxy-agent 95ms (cache miss)
396 silly packumentCache full:https://registry.npmjs.org/https-proxy-agent set size:undefined disposed:false
397 silly placeDep ROOT undici-types@6.21.0 OK for: @types/node@22.20.1 want: ~6.21.0
398 silly placeDep ROOT csstype@3.2.3 OK for: @types/react@19.2.18 want: ^3.2.2
399 silly placeDep ROOT browserslist@4.28.8 OK for: autoprefixer@10.5.4 want: ^4.28.6
400 silly placeDep ROOT caniuse-lite@1.0.30001810 OK for: autoprefixer@10.5.4 want: ^1.0.30001806
401 silly placeDep ROOT fraction.js@5.3.4 OK for: autoprefixer@10.5.4 want: ^5.3.4
402 silly placeDep ROOT picocolors@1.1.1 OK for: autoprefixer@10.5.4 want: ^1.1.1
403 silly placeDep ROOT postcss-value-parser@4.2.0 OK for: autoprefixer@10.5.4 want: ^4.2.0
404 silly fetch manifest caniuse-lite@^1.0.30001809
405 silly packumentCache full:https://registry.npmjs.org/caniuse-lite cache-miss
406 silly fetch manifest node-releases@^2.0.53
407 silly packumentCache full:https://registry.npmjs.org/node-releases cache-miss
408 silly fetch manifest electron-to-chromium@^1.5.402
409 silly packumentCache full:https://registry.npmjs.org/electron-to-chromium cache-miss
410 silly fetch manifest update-browserslist-db@^1.3.0
411 silly packumentCache full:https://registry.npmjs.org/update-browserslist-db cache-miss
412 silly fetch manifest baseline-browser-mapping@^2.11.12
413 silly packumentCache full:https://registry.npmjs.org/baseline-browser-mapping cache-miss
414 http cache https://registry.npmjs.org/caniuse-lite 20ms (cache hit)
415 silly packumentCache full:https://registry.npmjs.org/caniuse-lite set size:2313344 disposed:false
416 http fetch GET 200 https://registry.npmjs.org/node-releases 43ms (cache revalidated)
417 silly packumentCache full:https://registry.npmjs.org/node-releases set size:295994 disposed:false
418 http fetch GET 200 https://registry.npmjs.org/electron-to-chromium 50ms (cache revalidated)
419 silly packumentCache full:https://registry.npmjs.org/electron-to-chromium set size:4921508 disposed:false
420 http fetch GET 200 https://registry.npmjs.org/update-browserslist-db 65ms (cache revalidated)
421 silly packumentCache full:https://registry.npmjs.org/update-browserslist-db set size:68935 disposed:false
422 http fetch GET 200 https://registry.npmjs.org/baseline-browser-mapping 67ms (cache revalidated)
423 silly packumentCache full:https://registry.npmjs.org/baseline-browser-mapping set size:621461 disposed:false
424 silly placeDep ROOT follow-redirects@1.16.0 OK for: axios@1.20.0 want: ^1.16.0
425 silly placeDep ROOT form-data@4.0.6 OK for: axios@1.20.0 want: ^4.0.6
426 silly placeDep ROOT https-proxy-agent@5.0.1 OK for: axios@1.20.0 want: ^5.0.1
427 silly placeDep ROOT proxy-from-env@2.1.0 OK for: axios@1.20.0 want: ^2.1.0
428 silly fetch manifest hasown@^2.0.4
429 silly packumentCache full:https://registry.npmjs.org/hasown cache-miss
430 silly fetch manifest asynckit@^0.4.0
431 silly packumentCache full:https://registry.npmjs.org/asynckit cache-miss
432 silly fetch manifest mime-types@^2.1.35
433 silly packumentCache full:https://registry.npmjs.org/mime-types cache-miss
434 silly fetch manifest combined-stream@^1.0.8
435 silly packumentCache full:https://registry.npmjs.org/combined-stream cache-miss
436 silly fetch manifest es-set-tostringtag@^2.1.0
437 silly packumentCache full:https://registry.npmjs.org/es-set-tostringtag cache-miss
438 silly fetch manifest debug@4
439 silly packumentCache full:https://registry.npmjs.org/debug cache-miss
440 silly fetch manifest agent-base@6
441 silly packumentCache full:https://registry.npmjs.org/agent-base cache-miss
442 http fetch GET 200 https://registry.npmjs.org/hasown 34ms (cache revalidated)
443 silly packumentCache full:https://registry.npmjs.org/hasown set size:18361 disposed:false
444 http fetch GET 200 https://registry.npmjs.org/es-set-tostringtag 35ms (cache revalidated)
445 silly packumentCache full:https://registry.npmjs.org/es-set-tostringtag set size:22094 disposed:false
446 http fetch GET 200 https://registry.npmjs.org/combined-stream 36ms (cache revalidated)
447 silly packumentCache full:https://registry.npmjs.org/combined-stream set size:40337 disposed:false
448 http fetch GET 200 https://registry.npmjs.org/debug 39ms (cache revalidated)
449 silly packumentCache full:https://registry.npmjs.org/debug set size:195840 disposed:false
450 http fetch GET 200 https://registry.npmjs.org/mime-types 42ms (cache revalidated)
451 silly packumentCache full:https://registry.npmjs.org/mime-types set size:139110 disposed:false
452 http fetch GET 200 https://registry.npmjs.org/asynckit 45ms (cache revalidated)
453 silly packumentCache full:https://registry.npmjs.org/asynckit set size:18932 disposed:false
454 http fetch GET 200 https://registry.npmjs.org/agent-base 54ms (cache miss)
455 silly packumentCache full:https://registry.npmjs.org/agent-base set size:undefined disposed:false
456 silly fetch manifest browserslist@>= 4.21.0
457 silly packumentCache full:https://registry.npmjs.org/browserslist cache-hit
458 silly placeDep ROOT baseline-browser-mapping@2.11.20 OK for: browserslist@4.28.8 want: ^2.11.12
459 silly placeDep ROOT electron-to-chromium@1.5.417 OK for: browserslist@4.28.8 want: ^1.5.402
460 silly placeDep ROOT node-releases@2.0.54 OK for: browserslist@4.28.8 want: ^2.0.53
461 silly placeDep ROOT update-browserslist-db@1.3.2 OK for: browserslist@4.28.8 want: ^1.3.0
462 silly fetch manifest escalade@^3.2.0
463 silly packumentCache full:https://registry.npmjs.org/escalade cache-miss
464 http fetch GET 200 https://registry.npmjs.org/escalade 33ms (cache revalidated)
465 silly packumentCache full:https://registry.npmjs.org/escalade set size:33724 disposed:false
466 silly fetch manifest bufferutil@^4.0.1
467 silly packumentCache full:https://registry.npmjs.org/bufferutil cache-miss
468 http fetch GET 200 https://registry.npmjs.org/bufferutil 32ms (cache revalidated)
469 silly packumentCache full:https://registry.npmjs.org/bufferutil set size:52668 disposed:false
470 silly fetch manifest utf-8-validate@>=5.0.2
471 silly packumentCache full:https://registry.npmjs.org/utf-8-validate cache-miss
472 http fetch GET 200 https://registry.npmjs.org/utf-8-validate 34ms (cache revalidated)
473 silly packumentCache full:https://registry.npmjs.org/utf-8-validate set size:77012 disposed:false
474 silly placeDep ROOT @adraffy/ens-normalize@1.11.1 OK for: ethers@6.17.0 want: 1.11.1
475 silly placeDep ROOT @noble/curves@1.2.0 OK for: ethers@6.17.0 want: 1.2.0
476 silly placeDep ROOT @noble/hashes@1.3.2 OK for: ethers@6.17.0 want: 1.3.2
477 silly placeDep node_modules/ethers @types/node@22.7.5 OK for: ethers@6.17.0 want: 22.7.5
478 silly placeDep ROOT aes-js@4.0.0-beta.5 OK for: ethers@6.17.0 want: 4.0.0-beta.5
479 silly placeDep ROOT tslib@2.7.0 OK for: ethers@6.17.0 want: 2.7.0
480 silly placeDep ROOT ws@8.21.0 OK for: ethers@6.17.0 want: 8.21.0
481 silly fetch manifest undici-types@~6.19.2
482 silly packumentCache full:https://registry.npmjs.org/undici-types cache-hit
483 silly placeDep ROOT asynckit@0.4.0 OK for: form-data@4.0.6 want: ^0.4.0
484 silly placeDep ROOT combined-stream@1.0.8 OK for: form-data@4.0.6 want: ^1.0.8
485 silly placeDep ROOT es-set-tostringtag@2.1.0 OK for: form-data@4.0.6 want: ^2.1.0
486 silly placeDep ROOT hasown@2.0.4 OK for: form-data@4.0.6 want: ^2.0.4
487 silly placeDep ROOT mime-types@2.1.35 OK for: form-data@4.0.6 want: ^2.1.35
488 silly fetch manifest delayed-stream@~1.0.0
489 silly packumentCache full:https://registry.npmjs.org/delayed-stream cache-miss
490 silly fetch manifest es-errors@^1.3.0
491 silly packumentCache full:https://registry.npmjs.org/es-errors cache-miss
492 silly fetch manifest get-intrinsic@^1.2.6
493 silly packumentCache full:https://registry.npmjs.org/get-intrinsic cache-miss
494 silly fetch manifest has-tostringtag@^1.0.2
495 silly packumentCache full:https://registry.npmjs.org/has-tostringtag cache-miss
496 silly fetch manifest hasown@^2.0.2
497 silly packumentCache full:https://registry.npmjs.org/hasown cache-hit
498 silly fetch manifest function-bind@^1.1.2
499 silly packumentCache full:https://registry.npmjs.org/function-bind cache-miss
500 silly fetch manifest mime-db@1.52.0
501 silly packumentCache full:https://registry.npmjs.org/mime-db cache-miss
502 http fetch GET 200 https://registry.npmjs.org/has-tostringtag 34ms (cache revalidated)
503 silly packumentCache full:https://registry.npmjs.org/has-tostringtag set size:13945 disposed:false
504 http fetch GET 200 https://registry.npmjs.org/delayed-stream 36ms (cache revalidated)
505 silly packumentCache full:https://registry.npmjs.org/delayed-stream set size:15820 disposed:false
506 http fetch GET 200 https://registry.npmjs.org/function-bind 37ms (cache revalidated)
507 silly packumentCache full:https://registry.npmjs.org/function-bind set size:15733 disposed:false
508 http fetch GET 200 https://registry.npmjs.org/es-errors 37ms (cache revalidated)
509 silly packumentCache full:https://registry.npmjs.org/es-errors set size:16918 disposed:false
510 http fetch GET 200 https://registry.npmjs.org/get-intrinsic 49ms (cache revalidated)
511 silly packumentCache full:https://registry.npmjs.org/get-intrinsic set size:60985 disposed:false
512 http fetch GET 200 https://registry.npmjs.org/mime-db 53ms (cache revalidated)
513 silly packumentCache full:https://registry.npmjs.org/mime-db set size:164953 disposed:false
514 silly placeDep ROOT delayed-stream@1.0.0 OK for: combined-stream@1.0.8 want: ~1.0.0
515 silly placeDep ROOT es-errors@1.3.0 OK for: es-set-tostringtag@2.1.0 want: ^1.3.0
516 silly placeDep ROOT get-intrinsic@1.3.0 OK for: es-set-tostringtag@2.1.0 want: ^1.2.6
517 silly placeDep ROOT has-tostringtag@1.0.2 OK for: es-set-tostringtag@2.1.0 want: ^1.0.2
518 silly fetch manifest gopd@^1.2.0
519 silly packumentCache full:https://registry.npmjs.org/gopd cache-miss
520 silly fetch manifest get-proto@^1.0.1
521 silly packumentCache full:https://registry.npmjs.org/get-proto cache-miss
522 silly fetch manifest has-symbols@^1.1.0
523 silly packumentCache full:https://registry.npmjs.org/has-symbols cache-miss
524 silly fetch manifest es-object-atoms@^1.1.1
525 silly packumentCache full:https://registry.npmjs.org/es-object-atoms cache-miss
526 silly fetch manifest math-intrinsics@^1.1.0
527 silly packumentCache full:https://registry.npmjs.org/math-intrinsics cache-miss
528 silly fetch manifest es-define-property@^1.0.1
529 silly packumentCache full:https://registry.npmjs.org/es-define-property cache-miss
530 silly fetch manifest call-bind-apply-helpers@^1.0.2
531 silly packumentCache full:https://registry.npmjs.org/call-bind-apply-helpers cache-miss
532 silly fetch manifest has-symbols@^1.0.3
533 silly packumentCache full:https://registry.npmjs.org/has-symbols cache-miss
534 http fetch GET 200 https://registry.npmjs.org/gopd 41ms (cache revalidated)
535 silly packumentCache full:https://registry.npmjs.org/gopd set size:11483 disposed:false
536 http fetch GET 200 https://registry.npmjs.org/es-object-atoms 43ms (cache revalidated)
537 silly packumentCache full:https://registry.npmjs.org/es-object-atoms set size:18278 disposed:false
538 http fetch GET 200 https://registry.npmjs.org/has-symbols 46ms (cache revalidated)
539 silly packumentCache full:https://registry.npmjs.org/has-symbols set size:21550 disposed:false
540 http fetch GET 200 https://registry.npmjs.org/has-symbols 46ms (cache revalidated)
541 silly packumentCache full:https://registry.npmjs.org/has-symbols set size:21550 disposed:false
542 silly packumentCache full:https://registry.npmjs.org/has-symbols dispose
543 http fetch GET 200 https://registry.npmjs.org/get-proto 47ms (cache revalidated)
544 silly packumentCache full:https://registry.npmjs.org/get-proto set size:8300 disposed:false
545 http fetch GET 200 https://registry.npmjs.org/call-bind-apply-helpers 47ms (cache revalidated)
546 silly packumentCache full:https://registry.npmjs.org/call-bind-apply-helpers set size:12744 disposed:false
547 http fetch GET 200 https://registry.npmjs.org/math-intrinsics 51ms (cache revalidated)
548 silly packumentCache full:https://registry.npmjs.org/math-intrinsics set size:9265 disposed:false
549 http fetch GET 200 https://registry.npmjs.org/es-define-property 57ms (cache revalidated)
550 silly packumentCache full:https://registry.npmjs.org/es-define-property set size:8542 disposed:false
551 silly placeDep ROOT call-bind-apply-helpers@1.0.2 OK for: get-intrinsic@1.3.0 want: ^1.0.2
552 silly placeDep ROOT es-define-property@1.0.1 OK for: get-intrinsic@1.3.0 want: ^1.0.1
553 silly placeDep ROOT es-object-atoms@1.1.2 OK for: get-intrinsic@1.3.0 want: ^1.1.1
554 silly placeDep ROOT function-bind@1.1.2 OK for: get-intrinsic@1.3.0 want: ^1.1.2
555 silly placeDep ROOT get-proto@1.0.1 OK for: get-intrinsic@1.3.0 want: ^1.0.1
556 silly placeDep ROOT gopd@1.2.0 OK for: get-intrinsic@1.3.0 want: ^1.2.0
557 silly placeDep ROOT has-symbols@1.1.0 OK for: get-intrinsic@1.3.0 want: ^1.1.0
558 silly placeDep ROOT math-intrinsics@1.1.0 OK for: get-intrinsic@1.3.0 want: ^1.1.0
559 silly fetch manifest dunder-proto@^1.0.1
560 silly packumentCache full:https://registry.npmjs.org/dunder-proto cache-miss
561 http fetch GET 200 https://registry.npmjs.org/dunder-proto 32ms (cache revalidated)
562 silly packumentCache full:https://registry.npmjs.org/dunder-proto set size:8256 disposed:false
563 silly placeDep ROOT dunder-proto@1.0.1 OK for: get-proto@1.0.1 want: ^1.0.1
564 silly placeDep ROOT agent-base@6.0.2 OK for: https-proxy-agent@5.0.1 want: 6
565 silly placeDep ROOT debug@4.4.3 OK for: https-proxy-agent@5.0.1 want: 4
566 silly fetch manifest ms@^2.1.3
567 silly packumentCache full:https://registry.npmjs.org/ms cache-miss
568 http fetch GET 200 https://registry.npmjs.org/ms 30ms (cache revalidated)
569 silly packumentCache full:https://registry.npmjs.org/ms set size:92208 disposed:false
570 silly placeDep ROOT ms@2.1.3 OK for: debug@4.4.3 want: ^2.1.3
571 silly placeDep ROOT mime-db@1.52.0 OK for: mime-types@2.1.35 want: 1.52.0
572 silly fetch manifest react@^18.2.0 || 19.0.0-rc-de68d2f4-20241204 || ^19.0.0
573 silly packumentCache full:https://registry.npmjs.org/react cache-miss
574 http cache https://registry.npmjs.org/react 14ms (cache hit)
575 silly packumentCache full:https://registry.npmjs.org/react set size:6926968 disposed:false
576 silly placeDep ROOT @next/env@15.5.24 OK for: next@15.5.24 want: 15.5.24
577 silly placeDep ROOT @next/swc-darwin-arm64@15.5.24 OK for: next@15.5.24 want: 15.5.24
578 silly placeDep ROOT @next/swc-darwin-x64@15.5.24 OK for: next@15.5.24 want: 15.5.24
579 silly placeDep ROOT @next/swc-linux-arm64-gnu@15.5.24 OK for: next@15.5.24 want: 15.5.24
580 silly placeDep ROOT @next/swc-linux-arm64-musl@15.5.24 OK for: next@15.5.24 want: 15.5.24
581 silly placeDep ROOT @next/swc-linux-x64-gnu@15.5.24 OK for: next@15.5.24 want: 15.5.24
582 silly placeDep ROOT @next/swc-linux-x64-musl@15.5.24 OK for: next@15.5.24 want: 15.5.24
583 silly placeDep ROOT @next/swc-win32-arm64-msvc@15.5.24 OK for: next@15.5.24 want: 15.5.24
584 silly placeDep ROOT @next/swc-win32-x64-msvc@15.5.24 OK for: next@15.5.24 want: 15.5.24
585 silly placeDep ROOT @swc/helpers@0.5.15 OK for: next@15.5.24 want: 0.5.15
586 silly placeDep node_modules/next postcss@8.4.31 OK for: next@15.5.24 want: 8.4.31
587 silly placeDep ROOT sharp@0.35.4 OK for: next@15.5.24 want: ^0.34.3 || ^0.35.3
588 silly placeDep ROOT styled-jsx@5.1.6 OK for: next@15.5.24 want: 5.1.6
589 silly fetch manifest tslib@^2.8.0
590 silly packumentCache full:https://registry.npmjs.org/tslib cache-hit
591 silly fetch manifest nanoid@^3.3.6
592 silly packumentCache full:https://registry.npmjs.org/nanoid cache-hit
593 silly fetch manifest source-map-js@^1.0.2
594 silly packumentCache full:https://registry.npmjs.org/source-map-js cache-hit
595 silly fetch manifest semver@^7.8.5
596 silly packumentCache full:https://registry.npmjs.org/semver cache-miss
597 silly fetch manifest @img/colour@^1.1.0
598 silly packumentCache full:https://registry.npmjs.org/@img%2fcolour cache-miss
599 silly fetch manifest detect-libc@^2.1.2
600 silly packumentCache full:https://registry.npmjs.org/detect-libc cache-miss
601 silly fetch manifest @img/sharp-linux-arm@0.35.4
602 silly packumentCache full:https://registry.npmjs.org/@img%2fsharp-linux-arm cache-miss
603 silly fetch manifest @img/sharp-linux-x64@0.35.4
604 silly packumentCache full:https://registry.npmjs.org/@img%2fsharp-linux-x64 cache-miss
605 silly fetch manifest @img/sharp-win32-x64@0.35.4
606 silly packumentCache full:https://registry.npmjs.org/@img%2fsharp-win32-x64 cache-miss
607 silly fetch manifest @img/sharp-darwin-x64@0.35.4
608 silly packumentCache full:https://registry.npmjs.org/@img%2fsharp-darwin-x64 cache-miss
609 silly fetch manifest @img/sharp-win32-ia32@0.35.4
610 silly packumentCache full:https://registry.npmjs.org/@img%2fsharp-win32-ia32 cache-miss
611 silly fetch manifest @img/sharp-linux-arm64@0.35.4
612 silly packumentCache full:https://registry.npmjs.org/@img%2fsharp-linux-arm64 cache-miss
613 silly fetch manifest @img/sharp-linux-ppc64@0.35.4
614 silly packumentCache full:https://registry.npmjs.org/@img%2fsharp-linux-ppc64 cache-miss
615 silly fetch manifest @img/sharp-linux-s390x@0.35.4
616 silly packumentCache full:https://registry.npmjs.org/@img%2fsharp-linux-s390x cache-miss
617 silly fetch manifest @img/sharp-win32-arm64@0.35.4
618 silly packumentCache full:https://registry.npmjs.org/@img%2fsharp-win32-arm64 cache-miss
619 silly fetch manifest @img/sharp-darwin-arm64@0.35.4
620 silly packumentCache full:https://registry.npmjs.org/@img%2fsharp-darwin-arm64 cache-miss
621 silly fetch manifest @img/sharp-linux-riscv64@0.35.4
622 silly packumentCache full:https://registry.npmjs.org/@img%2fsharp-linux-riscv64 cache-miss
623 silly fetch manifest @img/sharp-linuxmusl-x64@0.35.4
624 silly packumentCache full:https://registry.npmjs.org/@img%2fsharp-linuxmusl-x64 cache-miss
625 http fetch GET 200 https://registry.npmjs.org/detect-libc 44ms (cache revalidated)
626 silly packumentCache full:https://registry.npmjs.org/detect-libc set size:47861 disposed:false
627 silly fetch manifest @img/sharp-freebsd-wasm32@0.35.4
628 silly packumentCache full:https://registry.npmjs.org/@img%2fsharp-freebsd-wasm32 cache-miss
629 http fetch GET 200 https://registry.npmjs.org/semver 54ms (cache revalidated)
630 silly packumentCache full:https://registry.npmjs.org/semver set size:246069 disposed:false
631 silly fetch manifest @img/sharp-linuxmusl-arm64@0.35.4
632 silly packumentCache full:https://registry.npmjs.org/@img%2fsharp-linuxmusl-arm64 cache-miss
633 http fetch GET 200 https://registry.npmjs.org/@img%2fsharp-darwin-x64 57ms (cache revalidated)
634 silly packumentCache full:https://registry.npmjs.org/@img%2fsharp-darwin-x64 set size:108820 disposed:false
635 silly fetch manifest @img/sharp-libvips-linux-arm@1.3.3
636 silly packumentCache full:https://registry.npmjs.org/@img%2fsharp-libvips-linux-arm cache-miss
637 http fetch GET 200 https://registry.npmjs.org/@img%2fsharp-win32-x64 59ms (cache revalidated)
638 silly packumentCache full:https://registry.npmjs.org/@img%2fsharp-win32-x64 set size:107829 disposed:false
639 silly fetch manifest @img/sharp-libvips-linux-x64@1.3.3
640 silly packumentCache full:https://registry.npmjs.org/@img%2fsharp-libvips-linux-x64 cache-miss
641 http fetch GET 200 https://registry.npmjs.org/@img%2fsharp-win32-ia32 63ms (cache revalidated)
642 silly packumentCache full:https://registry.npmjs.org/@img%2fsharp-win32-ia32 set size:108835 disposed:false
643 silly fetch manifest @img/sharp-libvips-darwin-x64@1.3.3
644 silly packumentCache full:https://registry.npmjs.org/@img%2fsharp-libvips-darwin-x64 cache-miss
645 http fetch GET 200 https://registry.npmjs.org/@img%2fsharp-linux-arm64 64ms (cache revalidated)
646 silly packumentCache full:https://registry.npmjs.org/@img%2fsharp-linux-arm64 set size:108045 disposed:false
647 silly fetch manifest @img/sharp-libvips-linux-arm64@1.3.3
648 silly packumentCache full:https://registry.npmjs.org/@img%2fsharp-libvips-linux-arm64 cache-miss
649 http fetch GET 200 https://registry.npmjs.org/@img%2fsharp-linux-x64 66ms (cache revalidated)
650 silly packumentCache full:https://registry.npmjs.org/@img%2fsharp-linux-x64 set size:106660 disposed:false
651 silly fetch manifest @img/sharp-libvips-linux-ppc64@1.3.3
652 silly packumentCache full:https://registry.npmjs.org/@img%2fsharp-libvips-linux-ppc64 cache-miss
653 http fetch GET 200 https://registry.npmjs.org/@img%2fsharp-win32-arm64 67ms (cache revalidated)
654 silly packumentCache full:https://registry.npmjs.org/@img%2fsharp-win32-arm64 set size:67825 disposed:false
655 silly fetch manifest @img/sharp-libvips-linux-s390x@1.3.3
656 silly packumentCache full:https://registry.npmjs.org/@img%2fsharp-libvips-linux-s390x cache-miss
657 http fetch GET 200 https://registry.npmjs.org/@img%2fcolour 69ms (cache revalidated)
658 silly packumentCache full:https://registry.npmjs.org/@img%2fcolour set size:9701 disposed:false
659 silly fetch manifest @img/sharp-libvips-darwin-arm64@1.3.3
660 silly packumentCache full:https://registry.npmjs.org/@img%2fsharp-libvips-darwin-arm64 cache-miss
661 http fetch GET 200 https://registry.npmjs.org/@img%2fsharp-darwin-arm64 68ms (cache revalidated)
662 silly packumentCache full:https://registry.npmjs.org/@img%2fsharp-darwin-arm64 set size:110251 disposed:false
663 silly fetch manifest @img/sharp-webcontainers-wasm32@0.35.4
664 silly packumentCache full:https://registry.npmjs.org/@img%2fsharp-webcontainers-wasm32 cache-miss
665 http fetch GET 200 https://registry.npmjs.org/@img%2fsharp-linux-s390x 76ms (cache revalidated)
666 silly packumentCache full:https://registry.npmjs.org/@img%2fsharp-linux-s390x set size:105911 disposed:false
667 silly fetch manifest @img/sharp-libvips-linux-riscv64@1.3.3
668 silly packumentCache full:https://registry.npmjs.org/@img%2fsharp-libvips-linux-riscv64 cache-miss
669 http fetch GET 200 https://registry.npmjs.org/@img%2fsharp-linuxmusl-x64 75ms (cache revalidated)
670 silly packumentCache full:https://registry.npmjs.org/@img%2fsharp-linuxmusl-x64 set size:108319 disposed:false
671 silly fetch manifest @img/sharp-libvips-linuxmusl-x64@1.3.3
672 silly packumentCache full:https://registry.npmjs.org/@img%2fsharp-libvips-linuxmusl-x64 cache-miss
673 http fetch GET 200 https://registry.npmjs.org/@img%2fsharp-linux-ppc64 81ms (cache revalidated)
674 silly packumentCache full:https://registry.npmjs.org/@img%2fsharp-linux-ppc64 set size:72651 disposed:false
675 silly fetch manifest @img/sharp-libvips-linuxmusl-arm64@1.3.3
676 silly packumentCache full:https://registry.npmjs.org/@img%2fsharp-libvips-linuxmusl-arm64 cache-miss
677 http fetch GET 200 https://registry.npmjs.org/@img%2fsharp-linux-riscv64 83ms (cache revalidated)
678 silly packumentCache full:https://registry.npmjs.org/@img%2fsharp-linux-riscv64 set size:50215 disposed:false
679 silly fetch manifest client-only@0.0.1
680 silly packumentCache full:https://registry.npmjs.org/client-only cache-miss
681 http fetch GET 200 https://registry.npmjs.org/@img%2fsharp-freebsd-wasm32 44ms (cache revalidated)
682 silly packumentCache full:https://registry.npmjs.org/@img%2fsharp-freebsd-wasm32 set size:47096 disposed:false
683 http fetch GET 200 https://registry.npmjs.org/@img%2fsharp-linux-arm 123ms (cache revalidated)
684 silly packumentCache full:https://registry.npmjs.org/@img%2fsharp-linux-arm set size:107173 disposed:false
685 http fetch GET 200 https://registry.npmjs.org/@img%2fsharp-libvips-linux-x64 63ms (cache revalidated)
686 silly packumentCache full:https://registry.npmjs.org/@img%2fsharp-libvips-linux-x64 set size:90900 disposed:false
687 http fetch GET 200 https://registry.npmjs.org/@img%2fsharp-libvips-darwin-x64 60ms (cache revalidated)
688 silly packumentCache full:https://registry.npmjs.org/@img%2fsharp-libvips-darwin-x64 set size:87586 disposed:false
689 http fetch GET 200 https://registry.npmjs.org/client-only 42ms (cache revalidated)
690 silly packumentCache full:https://registry.npmjs.org/client-only set size:2750 disposed:false
691 http fetch GET 200 https://registry.npmjs.org/@img%2fsharp-libvips-linux-arm64 64ms (cache revalidated)
692 silly packumentCache full:https://registry.npmjs.org/@img%2fsharp-libvips-linux-arm64 set size:92171 disposed:false
693 http fetch GET 200 https://registry.npmjs.org/@img%2fsharp-linuxmusl-arm64 75ms (cache revalidated)
694 silly packumentCache full:https://registry.npmjs.org/@img%2fsharp-linuxmusl-arm64 set size:109709 disposed:false
695 http fetch GET 200 https://registry.npmjs.org/@img%2fsharp-libvips-linux-arm 73ms (cache revalidated)
696 silly packumentCache full:https://registry.npmjs.org/@img%2fsharp-libvips-linux-arm set size:95067 disposed:false
697 http fetch GET 200 https://registry.npmjs.org/@img%2fsharp-libvips-linux-s390x 63ms (cache revalidated)
698 silly packumentCache full:https://registry.npmjs.org/@img%2fsharp-libvips-linux-s390x set size:86174 disposed:false
699 http fetch GET 200 https://registry.npmjs.org/@img%2fsharp-libvips-darwin-arm64 65ms (cache revalidated)
700 silly packumentCache full:https://registry.npmjs.org/@img%2fsharp-libvips-darwin-arm64 set size:88531 disposed:false
701 http fetch GET 200 https://registry.npmjs.org/@img%2fsharp-libvips-linux-ppc64 67ms (cache revalidated)
702 silly packumentCache full:https://registry.npmjs.org/@img%2fsharp-libvips-linux-ppc64 set size:77213 disposed:false
703 http fetch GET 200 https://registry.npmjs.org/@img%2fsharp-libvips-linuxmusl-x64 57ms (cache revalidated)
704 silly packumentCache full:https://registry.npmjs.org/@img%2fsharp-libvips-linuxmusl-x64 set size:88274 disposed:false
705 http fetch GET 200 https://registry.npmjs.org/@img%2fsharp-libvips-linux-riscv64 59ms (cache revalidated)
706 silly packumentCache full:https://registry.npmjs.org/@img%2fsharp-libvips-linux-riscv64 set size:63460 disposed:false
707 http fetch GET 200 https://registry.npmjs.org/@img%2fsharp-webcontainers-wasm32 70ms (cache revalidated)
708 silly packumentCache full:https://registry.npmjs.org/@img%2fsharp-webcontainers-wasm32 set size:46202 disposed:false
709 http fetch GET 200 https://registry.npmjs.org/@img%2fsharp-libvips-linuxmusl-arm64 65ms (cache revalidated)
710 silly packumentCache full:https://registry.npmjs.org/@img%2fsharp-libvips-linuxmusl-arm64 set size:91390 disposed:false
711 silly placeDep node_modules/@swc/helpers tslib@2.8.1 OK for: @swc/helpers@0.5.15 want: ^2.8.0
712 silly placeDep ROOT nanoid@3.3.18 OK for: postcss@8.5.26 want: ^3.3.17
713 silly placeDep ROOT source-map-js@1.2.1 OK for: postcss@8.5.26 want: ^1.2.1
714 silly placeDep ROOT scheduler@0.27.0 OK for: react-dom@19.2.8 want: ^0.27.0
715 silly fetch manifest react@^16.0.0 || ^17.0.0 || ^18.0.0 || ^19.0.0
716 silly packumentCache full:https://registry.npmjs.org/react cache-miss
717 http cache https://registry.npmjs.org/react 13ms (cache hit)
718 silly packumentCache full:https://registry.npmjs.org/react set size:6926968 disposed:false
719 silly fetch manifest react-dom@^16.0.0 || ^17.0.0 || ^18.0.0 || ^19.0.0
720 silly packumentCache full:https://registry.npmjs.org/react-dom cache-miss
721 http cache https://registry.npmjs.org/react-dom 18ms (cache hit)
722 silly packumentCache full:https://registry.npmjs.org/react-dom set size:9313795 disposed:false
723 silly placeDep ROOT clsx@2.1.1 OK for: recharts@2.15.4 want: ^2.0.0
724 silly placeDep ROOT eventemitter3@4.0.7 OK for: recharts@2.15.4 want: ^4.0.1
725 silly placeDep ROOT lodash@4.18.1 OK for: recharts@2.15.4 want: ^4.17.21
726 silly placeDep ROOT react-is@18.3.1 OK for: recharts@2.15.4 want: ^18.3.1
727 silly placeDep ROOT react-smooth@4.0.4 OK for: recharts@2.15.4 want: ^4.0.4
728 silly placeDep ROOT recharts-scale@0.4.5 OK for: recharts@2.15.4 want: ^0.4.4
729 silly placeDep ROOT tiny-invariant@1.3.3 OK for: recharts@2.15.4 want: ^1.3.1
730 silly placeDep ROOT victory-vendor@36.9.2 OK for: recharts@2.15.4 want: ^36.6.8
731 silly fetch manifest fast-equals@^5.0.1
732 silly packumentCache full:https://registry.npmjs.org/fast-equals cache-miss
733 silly fetch manifest prop-types@^15.8.1
734 silly packumentCache full:https://registry.npmjs.org/prop-types cache-miss
735 silly fetch manifest react-transition-group@^4.4.5
736 silly packumentCache full:https://registry.npmjs.org/react-transition-group cache-miss
737 silly fetch manifest decimal.js-light@^2.4.1
738 silly packumentCache full:https://registry.npmjs.org/decimal.js-light cache-miss
739 silly fetch manifest d3-ease@^3.0.1
740 silly packumentCache full:https://registry.npmjs.org/d3-ease cache-miss
741 silly fetch manifest d3-time@^3.0.0
742 silly packumentCache full:https://registry.npmjs.org/d3-time cache-miss
743 silly fetch manifest d3-array@^3.1.6
744 silly packumentCache full:https://registry.npmjs.org/d3-array cache-miss
745 silly fetch manifest d3-scale@^4.0.2
746 silly packumentCache full:https://registry.npmjs.org/d3-scale cache-miss
747 silly fetch manifest d3-shape@^3.1.0
748 silly packumentCache full:https://registry.npmjs.org/d3-shape cache-miss
749 silly fetch manifest d3-timer@^3.0.1
750 silly packumentCache full:https://registry.npmjs.org/d3-timer cache-miss
751 silly fetch manifest @types/d3-ease@^3.0.0
752 silly packumentCache full:https://registry.npmjs.org/@types%2fd3-ease cache-miss
753 silly fetch manifest @types/d3-time@^3.0.0
754 silly packumentCache full:https://registry.npmjs.org/@types%2fd3-time cache-miss
755 silly fetch manifest d3-interpolate@^3.0.1
756 silly packumentCache full:https://registry.npmjs.org/d3-interpolate cache-miss
757 silly fetch manifest @types/d3-array@^3.0.3
758 silly packumentCache full:https://registry.npmjs.org/@types%2fd3-array cache-miss
759 silly fetch manifest @types/d3-scale@^4.0.2
760 silly packumentCache full:https://registry.npmjs.org/@types%2fd3-scale cache-miss
761 http fetch GET 200 https://registry.npmjs.org/prop-types 46ms (cache revalidated)
762 silly packumentCache full:https://registry.npmjs.org/prop-types set size:76747 disposed:false
763 silly fetch manifest @types/d3-shape@^3.1.0
764 silly packumentCache full:https://registry.npmjs.org/@types%2fd3-shape cache-miss
765 http fetch GET 200 https://registry.npmjs.org/d3-time 49ms (cache revalidated)
766 silly packumentCache full:https://registry.npmjs.org/d3-time set size:150406 disposed:false
767 silly fetch manifest @types/d3-timer@^3.0.0
768 silly packumentCache full:https://registry.npmjs.org/@types%2fd3-timer cache-miss
769 http fetch GET 200 https://registry.npmjs.org/d3-array 51ms (cache revalidated)
770 silly packumentCache full:https://registry.npmjs.org/d3-array set size:246308 disposed:false
771 silly fetch manifest @types/d3-interpolate@^3.0.1
772 silly packumentCache full:https://registry.npmjs.org/@types%2fd3-interpolate cache-miss
773 http fetch GET 200 https://registry.npmjs.org/d3-shape 55ms (cache revalidated)
774 silly packumentCache full:https://registry.npmjs.org/d3-shape set size:275657 disposed:false
775 http fetch GET 200 https://registry.npmjs.org/d3-ease 59ms (cache revalidated)
776 silly packumentCache full:https://registry.npmjs.org/d3-ease set size:109490 disposed:false
777 http fetch GET 200 https://registry.npmjs.org/react-transition-group 61ms (cache revalidated)
778 silly packumentCache full:https://registry.npmjs.org/react-transition-group set size:110654 disposed:false
779 http fetch GET 200 https://registry.npmjs.org/d3-interpolate 62ms (cache revalidated)
780 silly packumentCache full:https://registry.npmjs.org/d3-interpolate set size:162337 disposed:false
781 http fetch GET 200 https://registry.npmjs.org/@types%2fd3-time 64ms (cache revalidated)
782 silly packumentCache full:https://registry.npmjs.org/@types%2fd3-time set size:52652 disposed:false
783 http fetch GET 200 https://registry.npmjs.org/@types%2fd3-scale 64ms (cache revalidated)
784 silly packumentCache full:https://registry.npmjs.org/@types%2fd3-scale set size:131176 disposed:false
785 http fetch GET 200 https://registry.npmjs.org/@types%2fd3-ease 75ms (cache revalidated)
786 silly packumentCache full:https://registry.npmjs.org/@types%2fd3-ease set size:41281 disposed:false
787 http fetch GET 200 https://registry.npmjs.org/fast-equals 80ms (cache revalidated)
788 silly packumentCache full:https://registry.npmjs.org/fast-equals set size:328087 disposed:false
789 http fetch GET 200 https://registry.npmjs.org/decimal.js-light 81ms (cache revalidated)
790 silly packumentCache full:https://registry.npmjs.org/decimal.js-light set size:38254 disposed:false
791 http fetch GET 200 https://registry.npmjs.org/d3-scale 81ms (cache revalidated)
792 silly packumentCache full:https://registry.npmjs.org/d3-scale set size:514172 disposed:false
793 http fetch GET 200 https://registry.npmjs.org/@types%2fd3-array 83ms (cache revalidated)
794 silly packumentCache full:https://registry.npmjs.org/@types%2fd3-array set size:130543 disposed:false
795 http fetch GET 200 https://registry.npmjs.org/d3-timer 86ms (cache revalidated)
796 silly packumentCache full:https://registry.npmjs.org/d3-timer set size:101516 disposed:false
797 http fetch GET 200 https://registry.npmjs.org/@types%2fd3-interpolate 52ms (cache revalidated)
798 silly packumentCache full:https://registry.npmjs.org/@types%2fd3-interpolate set size:56692 disposed:false
799 http fetch GET 200 https://registry.npmjs.org/@types%2fd3-timer 55ms (cache revalidated)
800 silly packumentCache full:https://registry.npmjs.org/@types%2fd3-timer set size:38776 disposed:false
801 http fetch GET 200 https://registry.npmjs.org/@types%2fd3-shape 61ms (cache revalidated)
802 silly packumentCache full:https://registry.npmjs.org/@types%2fd3-shape set size:118722 disposed:false
803 silly fetch manifest react@^16.8.0 || ^17.0.0 || ^18.0.0 || ^19.0.0
804 silly packumentCache full:https://registry.npmjs.org/react cache-miss
805 http cache https://registry.npmjs.org/react 17ms (cache hit)
806 silly packumentCache full:https://registry.npmjs.org/react set size:6926968 disposed:false
807 silly fetch manifest react-dom@^16.8.0 || ^17.0.0 || ^18.0.0 || ^19.0.0
808 silly packumentCache full:https://registry.npmjs.org/react-dom cache-miss
809 http cache https://registry.npmjs.org/react-dom 17ms (cache hit)
810 silly packumentCache full:https://registry.npmjs.org/react-dom set size:9313795 disposed:false
811 silly placeDep ROOT fast-equals@5.4.1 OK for: react-smooth@4.0.4 want: ^5.0.1
812 silly placeDep ROOT prop-types@15.8.1 OK for: react-smooth@4.0.4 want: ^15.8.1
813 silly placeDep ROOT react-transition-group@4.4.5 OK for: react-smooth@4.0.4 want: ^4.4.5
814 silly fetch manifest loose-envify@^1.4.0
815 silly packumentCache full:https://registry.npmjs.org/loose-envify cache-miss
816 silly fetch manifest object-assign@^4.1.1
817 silly packumentCache full:https://registry.npmjs.org/object-assign cache-miss
818 silly fetch manifest react-is@^16.13.1
819 silly packumentCache full:https://registry.npmjs.org/react-is cache-miss
820 silly fetch manifest @babel/runtime@^7.5.5
821 silly packumentCache full:https://registry.npmjs.org/@babel%2fruntime cache-miss
822 silly fetch manifest dom-helpers@^5.0.1
823 silly packumentCache full:https://registry.npmjs.org/dom-helpers cache-miss
824 silly fetch manifest loose-envify@^1.4.0
825 silly packumentCache full:https://registry.npmjs.org/loose-envify cache-miss
826 http cache https://registry.npmjs.org/react-is 31ms (cache hit)
827 silly packumentCache full:https://registry.npmjs.org/react-is set size:5605732 disposed:false
828 http fetch GET 200 https://registry.npmjs.org/loose-envify 53ms (cache revalidated)
829 silly packumentCache full:https://registry.npmjs.org/loose-envify set size:12559 disposed:false
830 http fetch GET 200 https://registry.npmjs.org/object-assign 54ms (cache revalidated)
831 silly packumentCache full:https://registry.npmjs.org/object-assign set size:28988 disposed:false
832 http fetch GET 200 https://registry.npmjs.org/loose-envify 55ms (cache revalidated)
833 silly packumentCache full:https://registry.npmjs.org/loose-envify set size:12559 disposed:false
834 silly packumentCache full:https://registry.npmjs.org/loose-envify dispose
835 http fetch GET 200 https://registry.npmjs.org/dom-helpers 55ms (cache revalidated)
836 silly packumentCache full:https://registry.npmjs.org/dom-helpers set size:76331 disposed:false
837 http fetch GET 200 https://registry.npmjs.org/@babel%2fruntime 81ms (cache revalidated)
838 silly packumentCache full:https://registry.npmjs.org/@babel%2fruntime set size:3471810 disposed:false
839 silly placeDep ROOT loose-envify@1.4.0 OK for: prop-types@15.8.1 want: ^1.4.0
840 silly placeDep ROOT object-assign@4.1.1 OK for: prop-types@15.8.1 want: ^4.1.1
841 silly placeDep node_modules/prop-types react-is@16.13.1 OK for: prop-types@15.8.1 want: ^16.13.1
842 silly fetch manifest js-tokens@^3.0.0 || ^4.0.0
843 silly packumentCache full:https://registry.npmjs.org/js-tokens cache-miss
844 http fetch GET 200 https://registry.npmjs.org/js-tokens 30ms (cache revalidated)
845 silly packumentCache full:https://registry.npmjs.org/js-tokens set size:41947 disposed:false
846 silly placeDep ROOT js-tokens@4.0.0 OK for: loose-envify@1.4.0 want: ^3.0.0 || ^4.0.0
847 silly placeDep ROOT @babel/runtime@7.29.7 OK for: react-transition-group@4.4.5 want: ^7.5.5
848 silly placeDep ROOT dom-helpers@5.2.1 OK for: react-transition-group@4.4.5 want: ^5.0.1
849 silly placeDep ROOT decimal.js-light@2.5.1 OK for: recharts-scale@0.4.5 want: ^2.4.1
850 silly placeDep ROOT @img/colour@1.1.0 OK for: sharp@0.35.4 want: ^1.1.0
851 silly placeDep ROOT @img/sharp-darwin-arm64@0.35.4 OK for: sharp@0.35.4 want: 0.35.4
852 silly placeDep ROOT @img/sharp-darwin-x64@0.35.4 OK for: sharp@0.35.4 want: 0.35.4
853 silly placeDep ROOT @img/sharp-freebsd-wasm32@0.35.4 OK for: sharp@0.35.4 want: 0.35.4
854 silly placeDep ROOT @img/sharp-libvips-darwin-arm64@1.3.3 OK for: sharp@0.35.4 want: 1.3.3
855 silly placeDep ROOT @img/sharp-libvips-darwin-x64@1.3.3 OK for: sharp@0.35.4 want: 1.3.3
856 silly placeDep ROOT @img/sharp-libvips-linux-arm@1.3.3 OK for: sharp@0.35.4 want: 1.3.3
857 silly placeDep ROOT @img/sharp-libvips-linux-arm64@1.3.3 OK for: sharp@0.35.4 want: 1.3.3
858 silly placeDep ROOT @img/sharp-libvips-linux-ppc64@1.3.3 OK for: sharp@0.35.4 want: 1.3.3
859 silly placeDep ROOT @img/sharp-libvips-linux-riscv64@1.3.3 OK for: sharp@0.35.4 want: 1.3.3
860 silly placeDep ROOT @img/sharp-libvips-linux-s390x@1.3.3 OK for: sharp@0.35.4 want: 1.3.3
861 silly placeDep ROOT @img/sharp-libvips-linux-x64@1.3.3 OK for: sharp@0.35.4 want: 1.3.3
862 silly placeDep ROOT @img/sharp-libvips-linuxmusl-arm64@1.3.3 OK for: sharp@0.35.4 want: 1.3.3
863 silly placeDep ROOT @img/sharp-libvips-linuxmusl-x64@1.3.3 OK for: sharp@0.35.4 want: 1.3.3
864 silly placeDep ROOT @img/sharp-linux-arm@0.35.4 OK for: sharp@0.35.4 want: 0.35.4
865 silly placeDep ROOT @img/sharp-linux-arm64@0.35.4 OK for: sharp@0.35.4 want: 0.35.4
866 silly placeDep ROOT @img/sharp-linux-ppc64@0.35.4 OK for: sharp@0.35.4 want: 0.35.4
867 silly placeDep ROOT @img/sharp-linux-riscv64@0.35.4 OK for: sharp@0.35.4 want: 0.35.4
868 silly placeDep ROOT @img/sharp-linux-s390x@0.35.4 OK for: sharp@0.35.4 want: 0.35.4
869 silly placeDep ROOT @img/sharp-linux-x64@0.35.4 OK for: sharp@0.35.4 want: 0.35.4
870 silly placeDep ROOT @img/sharp-linuxmusl-arm64@0.35.4 OK for: sharp@0.35.4 want: 0.35.4
871 silly placeDep ROOT @img/sharp-linuxmusl-x64@0.35.4 OK for: sharp@0.35.4 want: 0.35.4
872 silly placeDep ROOT @img/sharp-webcontainers-wasm32@0.35.4 OK for: sharp@0.35.4 want: 0.35.4
873 silly placeDep ROOT @img/sharp-win32-arm64@0.35.4 OK for: sharp@0.35.4 want: 0.35.4
874 silly placeDep ROOT @img/sharp-win32-ia32@0.35.4 OK for: sharp@0.35.4 want: 0.35.4
875 silly placeDep ROOT @img/sharp-win32-x64@0.35.4 OK for: sharp@0.35.4 want: 0.35.4
876 silly placeDep ROOT detect-libc@2.1.2 OK for: sharp@0.35.4 want: ^2.1.2
877 silly placeDep ROOT semver@7.8.5 OK for: sharp@0.35.4 want: ^7.8.5
878 silly fetch manifest @img/sharp-wasm32@0.35.4
879 silly packumentCache full:https://registry.npmjs.org/@img%2fsharp-wasm32 cache-miss
880 silly fetch manifest @img/sharp-wasm32@0.35.4
881 silly packumentCache full:https://registry.npmjs.org/@img%2fsharp-wasm32 cache-miss
882 http fetch GET 200 https://registry.npmjs.org/@img%2fsharp-wasm32 41ms (cache revalidated)
883 silly packumentCache full:https://registry.npmjs.org/@img%2fsharp-wasm32 set size:103630 disposed:false
884 http fetch GET 200 https://registry.npmjs.org/@img%2fsharp-wasm32 45ms (cache revalidated)
885 silly packumentCache full:https://registry.npmjs.org/@img%2fsharp-wasm32 set size:103630 disposed:false
886 silly packumentCache full:https://registry.npmjs.org/@img%2fsharp-wasm32 dispose
887 silly placeDep ROOT @img/sharp-wasm32@0.35.4 OK for: @img/sharp-freebsd-wasm32@0.35.4 want: 0.35.4
888 silly fetch manifest @emnapi/runtime@^1.11.3
889 silly packumentCache full:https://registry.npmjs.org/@emnapi%2fruntime cache-miss
890 http fetch GET 200 https://registry.npmjs.org/@emnapi%2fruntime 54ms (cache revalidated)
891 silly packumentCache full:https://registry.npmjs.org/@emnapi%2fruntime set size:125040 disposed:false
892 silly placeDep ROOT @emnapi/runtime@1.11.3 OK for: @img/sharp-wasm32@0.35.4 want: ^1.11.3
893 silly placeDep ROOT client-only@0.0.1 OK for: styled-jsx@5.1.6 want: 0.0.1
894 silly fetch manifest postcss@^8.4.47
895 silly packumentCache full:https://registry.npmjs.org/postcss cache-hit
896 silly fetch manifest tsx@^4.8.1
897 silly packumentCache full:https://registry.npmjs.org/tsx cache-miss
898 http fetch GET 200 https://registry.npmjs.org/tsx 39ms (cache revalidated)
899 silly packumentCache full:https://registry.npmjs.org/tsx set size:344351 disposed:false
900 silly fetch manifest yaml@^2.4.2
901 silly packumentCache full:https://registry.npmjs.org/yaml cache-miss
902 http fetch GET 200 https://registry.npmjs.org/yaml 28ms (cache revalidated)
903 silly packumentCache full:https://registry.npmjs.org/yaml set size:385754 disposed:false
904 silly placeDep ROOT @alloc/quick-lru@5.2.0 OK for: tailwindcss@3.4.19 want: ^5.2.0
905 silly placeDep ROOT arg@5.0.2 OK for: tailwindcss@3.4.19 want: ^5.0.2
906 silly placeDep ROOT chokidar@3.6.0 OK for: tailwindcss@3.4.19 want: ^3.6.0
907 silly placeDep ROOT didyoumean@1.2.2 OK for: tailwindcss@3.4.19 want: ^1.2.2
908 silly placeDep ROOT dlv@1.1.3 OK for: tailwindcss@3.4.19 want: ^1.1.3
909 silly placeDep ROOT fast-glob@3.3.3 OK for: tailwindcss@3.4.19 want: ^3.3.2
910 silly placeDep ROOT glob-parent@6.0.2 OK for: tailwindcss@3.4.19 want: ^6.0.2
911 silly placeDep ROOT is-glob@4.0.3 OK for: tailwindcss@3.4.19 want: ^4.0.3
912 silly placeDep ROOT jiti@1.21.7 OK for: tailwindcss@3.4.19 want: ^1.21.7
913 silly placeDep ROOT lilconfig@3.1.3 OK for: tailwindcss@3.4.19 want: ^3.1.3
914 silly placeDep ROOT micromatch@4.0.8 OK for: tailwindcss@3.4.19 want: ^4.0.8
915 silly placeDep ROOT normalize-path@3.0.0 OK for: tailwindcss@3.4.19 want: ^3.0.0
916 silly placeDep ROOT object-hash@3.0.0 OK for: tailwindcss@3.4.19 want: ^3.0.0
917 silly placeDep ROOT postcss-import@15.1.0 OK for: tailwindcss@3.4.19 want: ^15.1.0
918 silly placeDep ROOT postcss-js@4.1.0 OK for: tailwindcss@3.4.19 want: ^4.0.1
919 silly placeDep ROOT postcss-load-config@6.0.1 OK for: tailwindcss@3.4.19 want: ^4.0.2 || ^5.0 || ^6.0
920 silly placeDep ROOT postcss-nested@6.2.0 OK for: tailwindcss@3.4.19 want: ^6.2.0
921 silly placeDep ROOT postcss-selector-parser@6.1.4 OK for: tailwindcss@3.4.19 want: ^6.1.2
922 silly placeDep ROOT resolve@1.22.12 OK for: tailwindcss@3.4.19 want: ^1.22.8
923 silly placeDep ROOT sucrase@3.35.1 OK for: tailwindcss@3.4.19 want: ^3.35.0
924 silly fetch manifest braces@~3.0.2
925 silly packumentCache full:https://registry.npmjs.org/braces cache-miss
926 silly fetch manifest is-glob@~4.0.1
927 silly packumentCache full:https://registry.npmjs.org/is-glob cache-hit
928 silly fetch manifest anymatch@~3.1.2
929 silly packumentCache full:https://registry.npmjs.org/anymatch cache-miss
930 silly fetch manifest readdirp@~3.6.0
931 silly packumentCache full:https://registry.npmjs.org/readdirp cache-miss
932 silly fetch manifest glob-parent@~5.1.2
933 silly packumentCache full:https://registry.npmjs.org/glob-parent cache-hit
934 silly fetch manifest is-binary-path@~2.1.0
935 silly packumentCache full:https://registry.npmjs.org/is-binary-path cache-miss
936 silly fetch manifest normalize-path@~3.0.0
937 silly packumentCache full:https://registry.npmjs.org/normalize-path cache-hit
938 silly fetch manifest fsevents@~2.3.2
939 silly packumentCache full:https://registry.npmjs.org/fsevents cache-miss
940 silly fetch manifest @nodelib/fs.stat@^2.0.2
941 silly packumentCache full:https://registry.npmjs.org/@nodelib%2ffs.stat cache-miss
942 silly fetch manifest @nodelib/fs.walk@^1.2.3
943 silly packumentCache full:https://registry.npmjs.org/@nodelib%2ffs.walk cache-miss
944 silly fetch manifest glob-parent@^5.1.2
945 silly packumentCache full:https://registry.npmjs.org/glob-parent cache-hit
946 silly fetch manifest merge2@^1.3.0
947 silly packumentCache full:https://registry.npmjs.org/merge2 cache-miss
948 silly fetch manifest is-extglob@^2.1.1
949 silly packumentCache full:https://registry.npmjs.org/is-extglob cache-miss
950 silly fetch manifest braces@^3.0.3
951 silly packumentCache full:https://registry.npmjs.org/braces cache-miss
952 silly fetch manifest picomatch@^2.3.1
953 silly packumentCache full:https://registry.npmjs.org/picomatch cache-miss
954 silly fetch manifest resolve@^1.1.7
955 silly packumentCache full:https://registry.npmjs.org/resolve cache-hit
956 silly fetch manifest read-cache@^1.0.0
957 silly packumentCache full:https://registry.npmjs.org/read-cache cache-miss
958 silly fetch manifest camelcase-css@^2.0.1
959 silly packumentCache full:https://registry.npmjs.org/camelcase-css cache-miss
960 silly fetch manifest postcss-selector-parser@^6.1.1
961 silly packumentCache full:https://registry.npmjs.org/postcss-selector-parser cache-hit
962 silly fetch manifest cssesc@^3.0.0
963 silly packumentCache full:https://registry.npmjs.org/cssesc cache-miss
964 silly fetch manifest util-deprecate@^1.0.2
965 silly packumentCache full:https://registry.npmjs.org/util-deprecate cache-miss
966 http fetch GET 200 https://registry.npmjs.org/braces 52ms (cache revalidated)
967 silly packumentCache full:https://registry.npmjs.org/braces set size:114529 disposed:false
968 silly fetch manifest path-parse@^1.0.7
969 silly packumentCache full:https://registry.npmjs.org/path-parse cache-miss
970 http fetch GET 200 https://registry.npmjs.org/is-extglob 52ms (cache revalidated)
971 silly packumentCache full:https://registry.npmjs.org/is-extglob set size:11766 disposed:false
972 silly fetch manifest is-core-module@^2.16.1
973 silly packumentCache full:https://registry.npmjs.org/is-core-module cache-miss
974 http fetch GET 200 https://registry.npmjs.org/read-cache 52ms (cache revalidated)
975 silly packumentCache full:https://registry.npmjs.org/read-cache set size:6739 disposed:false
976 silly fetch manifest supports-preserve-symlinks-flag@^1.0.0
977 silly packumentCache full:https://registry.npmjs.org/supports-preserve-symlinks-flag cache-miss
978 http fetch GET 200 https://registry.npmjs.org/readdirp 56ms (cache revalidated)
979 silly packumentCache full:https://registry.npmjs.org/readdirp set size:110119 disposed:false
980 silly fetch manifest @jridgewell/gen-mapping@^0.3.2
981 silly packumentCache full:https://registry.npmjs.org/@jridgewell%2fgen-mapping cache-miss
982 http fetch GET 200 https://registry.npmjs.org/picomatch 54ms (cache revalidated)
983 silly packumentCache full:https://registry.npmjs.org/picomatch set size:134451 disposed:false
984 silly fetch manifest commander@^4.0.0
985 silly packumentCache full:https://registry.npmjs.org/commander cache-miss
986 http fetch GET 200 https://registry.npmjs.org/anymatch 59ms (cache revalidated)
987 silly packumentCache full:https://registry.npmjs.org/anymatch set size:42974 disposed:false
988 silly fetch manifest lines-and-columns@^1.1.6
989 silly packumentCache full:https://registry.npmjs.org/lines-and-columns cache-miss
990 http fetch GET 200 https://registry.npmjs.org/merge2 58ms (cache revalidated)
991 silly packumentCache full:https://registry.npmjs.org/merge2 set size:46159 disposed:false
992 silly fetch manifest mz@^2.7.0
993 silly packumentCache full:https://registry.npmjs.org/mz cache-miss
994 http fetch GET 200 https://registry.npmjs.org/cssesc 57ms (cache revalidated)
995 silly packumentCache full:https://registry.npmjs.org/cssesc set size:18815 disposed:false
996 silly fetch manifest pirates@^4.0.1
997 silly packumentCache full:https://registry.npmjs.org/pirates cache-miss
998 http fetch GET 200 https://registry.npmjs.org/util-deprecate 58ms (cache revalidated)
999 silly packumentCache full:https://registry.npmjs.org/util-deprecate set size:6674 disposed:false
1000 silly fetch manifest tinyglobby@^0.2.11
1001 silly packumentCache full:https://registry.npmjs.org/tinyglobby cache-miss
1002 http fetch GET 200 https://registry.npmjs.org/camelcase-css 59ms (cache revalidated)
1003 silly packumentCache full:https://registry.npmjs.org/camelcase-css set size:9392 disposed:false
1004 silly fetch manifest ts-interface-checker@^0.1.9
1005 silly packumentCache full:https://registry.npmjs.org/ts-interface-checker cache-miss
1006 http fetch GET 200 https://registry.npmjs.org/@nodelib%2ffs.stat 63ms (cache revalidated)
1007 silly packumentCache full:https://registry.npmjs.org/@nodelib%2ffs.stat set size:36993 disposed:false
1008 http fetch GET 200 https://registry.npmjs.org/@nodelib%2ffs.walk 73ms (cache revalidated)
1009 silly packumentCache full:https://registry.npmjs.org/@nodelib%2ffs.walk set size:41589 disposed:false
1010 http fetch GET 200 https://registry.npmjs.org/fsevents 75ms (cache revalidated)
1011 silly packumentCache full:https://registry.npmjs.org/fsevents set size:182472 disposed:false
1012 http fetch GET 200 https://registry.npmjs.org/is-binary-path 77ms (cache revalidated)
1013 silly packumentCache full:https://registry.npmjs.org/is-binary-path set size:13475 disposed:false
1014 http fetch GET 200 https://registry.npmjs.org/braces 107ms (cache revalidated)
1015 silly packumentCache full:https://registry.npmjs.org/braces set size:114529 disposed:false
1016 silly packumentCache full:https://registry.npmjs.org/braces dispose
1017 http fetch GET 200 https://registry.npmjs.org/commander 55ms (cache revalidated)
1018 silly packumentCache full:https://registry.npmjs.org/commander set size:353115 disposed:false
1019 http fetch GET 200 https://registry.npmjs.org/tinyglobby 54ms (cache revalidated)
1020 silly packumentCache full:https://registry.npmjs.org/tinyglobby set size:54291 disposed:false
1021 http fetch GET 200 https://registry.npmjs.org/mz 56ms (cache revalidated)
1022 silly packumentCache full:https://registry.npmjs.org/mz set size:42731 disposed:false
1023 http fetch GET 200 https://registry.npmjs.org/supports-preserve-symlinks-flag 64ms (cache revalidated)
1024 silly packumentCache full:https://registry.npmjs.org/supports-preserve-symlinks-flag set size:6802 disposed:false
1025 http fetch GET 200 https://registry.npmjs.org/ts-interface-checker 56ms (cache revalidated)
1026 silly packumentCache full:https://registry.npmjs.org/ts-interface-checker set size:58946 disposed:false
1027 http fetch GET 200 https://registry.npmjs.org/pirates 58ms (cache revalidated)
1028 silly packumentCache full:https://registry.npmjs.org/pirates set size:51327 disposed:false
1029 http fetch GET 200 https://registry.npmjs.org/lines-and-columns 61ms (cache revalidated)
1030 silly packumentCache full:https://registry.npmjs.org/lines-and-columns set size:73796 disposed:false
1031 http fetch GET 200 https://registry.npmjs.org/is-core-module 77ms (cache revalidated)
1032 silly packumentCache full:https://registry.npmjs.org/is-core-module set size:74378 disposed:false
1033 http fetch GET 200 https://registry.npmjs.org/@jridgewell%2fgen-mapping 75ms (cache revalidated)
1034 silly packumentCache full:https://registry.npmjs.org/@jridgewell%2fgen-mapping set size:75941 disposed:false
1035 http fetch GET 200 https://registry.npmjs.org/path-parse 282ms (cache revalidated)
1036 silly packumentCache full:https://registry.npmjs.org/path-parse set size:14523 disposed:false
1037 silly placeDep ROOT anymatch@3.1.3 OK for: chokidar@3.6.0 want: ~3.1.2
1038 silly placeDep ROOT braces@3.0.3 OK for: chokidar@3.6.0 want: ~3.0.2
1039 silly placeDep ROOT fsevents@2.3.3 OK for: chokidar@3.6.0 want: ~2.3.2
1040 silly placeDep node_modules/chokidar glob-parent@5.1.2 OK for: chokidar@3.6.0 want: ~5.1.2
1041 silly placeDep ROOT is-binary-path@2.1.0 OK for: chokidar@3.6.0 want: ~2.1.0
1042 silly placeDep ROOT readdirp@3.6.0 OK for: chokidar@3.6.0 want: ~3.6.0
1043 silly fetch manifest picomatch@^2.0.4
1044 silly packumentCache full:https://registry.npmjs.org/picomatch cache-hit
1045 silly fetch manifest fill-range@^7.1.1
1046 silly packumentCache full:https://registry.npmjs.org/fill-range cache-miss
1047 silly fetch manifest binary-extensions@^2.0.0
1048 silly packumentCache full:https://registry.npmjs.org/binary-extensions cache-miss
1049 silly fetch manifest picomatch@^2.2.1
1050 silly packumentCache full:https://registry.npmjs.org/picomatch cache-hit
1051 http fetch GET 200 https://registry.npmjs.org/fill-range 35ms (cache revalidated)
1052 silly packumentCache full:https://registry.npmjs.org/fill-range set size:90162 disposed:false
1053 http fetch GET 200 https://registry.npmjs.org/binary-extensions 36ms (cache revalidated)
1054 silly packumentCache full:https://registry.npmjs.org/binary-extensions set size:51551 disposed:false
1055 silly placeDep ROOT picomatch@2.3.2 OK for: anymatch@3.1.3 want: ^2.0.4
1056 silly placeDep ROOT fill-range@7.1.1 OK for: braces@3.0.3 want: ^7.1.1
1057 silly fetch manifest to-regex-range@^5.0.1
1058 silly packumentCache full:https://registry.npmjs.org/to-regex-range cache-miss
1059 http fetch GET 200 https://registry.npmjs.org/to-regex-range 35ms (cache revalidated)
1060 silly packumentCache full:https://registry.npmjs.org/to-regex-range set size:61569 disposed:false
1061 silly placeDep ROOT @nodelib/fs.stat@2.0.5 OK for: fast-glob@3.3.3 want: ^2.0.2
1062 silly placeDep ROOT @nodelib/fs.walk@1.2.8 OK for: fast-glob@3.3.3 want: ^1.2.3
1063 silly placeDep node_modules/fast-glob glob-parent@5.1.2 OK for: fast-glob@3.3.3 want: ^5.1.2
1064 silly placeDep ROOT merge2@1.4.1 OK for: fast-glob@3.3.3 want: ^1.3.0
1065 silly fetch manifest fastq@^1.6.0
1066 silly packumentCache full:https://registry.npmjs.org/fastq cache-miss
1067 silly fetch manifest @nodelib/fs.scandir@2.1.5
1068 silly packumentCache full:https://registry.npmjs.org/@nodelib%2ffs.scandir cache-miss
1069 http fetch GET 200 https://registry.npmjs.org/@nodelib%2ffs.scandir 42ms (cache revalidated)
1070 silly packumentCache full:https://registry.npmjs.org/@nodelib%2ffs.scandir set size:49256 disposed:false
1071 http fetch GET 200 https://registry.npmjs.org/fastq 55ms (cache revalidated)
1072 silly packumentCache full:https://registry.npmjs.org/fastq set size:82997 disposed:false
1073 silly placeDep ROOT @nodelib/fs.scandir@2.1.5 OK for: @nodelib/fs.walk@1.2.8 want: 2.1.5
1074 silly placeDep ROOT fastq@1.20.3 OK for: @nodelib/fs.walk@1.2.8 want: ^1.6.0
1075 silly fetch manifest run-parallel@^1.1.9
1076 silly packumentCache full:https://registry.npmjs.org/run-parallel cache-miss
1077 silly fetch manifest reusify@^1.0.4
1078 silly packumentCache full:https://registry.npmjs.org/reusify cache-miss
1079 http fetch GET 200 https://registry.npmjs.org/run-parallel 34ms (cache revalidated)
1080 silly packumentCache full:https://registry.npmjs.org/run-parallel set size:35172 disposed:false
1081 http fetch GET 200 https://registry.npmjs.org/reusify 35ms (cache revalidated)
1082 silly packumentCache full:https://registry.npmjs.org/reusify set size:14249 disposed:false
1083 silly placeDep ROOT run-parallel@1.2.0 OK for: @nodelib/fs.scandir@2.1.5 want: ^1.1.9
1084 silly fetch manifest queue-microtask@^1.2.2
1085 silly packumentCache full:https://registry.npmjs.org/queue-microtask cache-miss
1086 http fetch GET 200 https://registry.npmjs.org/queue-microtask 37ms (cache revalidated)
1087 silly packumentCache full:https://registry.npmjs.org/queue-microtask set size:36088 disposed:false
1088 silly placeDep ROOT reusify@1.1.0 OK for: fastq@1.20.3 want: ^1.0.4
1089 silly placeDep ROOT to-regex-range@5.0.1 OK for: fill-range@7.1.1 want: ^5.0.1
1090 silly fetch manifest is-number@^7.0.0
1091 silly packumentCache full:https://registry.npmjs.org/is-number cache-miss
1092 http fetch GET 200 https://registry.npmjs.org/is-number 36ms (cache revalidated)
1093 silly packumentCache full:https://registry.npmjs.org/is-number set size:36183 disposed:false
1094 silly placeDep ROOT binary-extensions@2.3.0 OK for: is-binary-path@2.1.0 want: ^2.0.0
1095 silly placeDep ROOT is-extglob@2.1.1 OK for: is-glob@4.0.3 want: ^2.1.1
1096 silly placeDep ROOT read-cache@1.0.2 OK for: postcss-import@15.1.0 want: ^1.0.0
1097 silly placeDep ROOT camelcase-css@2.0.1 OK for: postcss-js@4.1.0 want: ^2.0.1
1098 silly placeDep ROOT cssesc@3.0.0 OK for: postcss-selector-parser@6.1.4 want: ^3.0.0
1099 silly placeDep ROOT util-deprecate@1.0.2 OK for: postcss-selector-parser@6.1.4 want: ^1.0.2
1100 silly placeDep ROOT is-core-module@2.16.2 OK for: resolve@1.22.12 want: ^2.16.1
1101 silly placeDep ROOT path-parse@1.0.7 OK for: resolve@1.22.12 want: ^1.0.7
1102 silly placeDep ROOT supports-preserve-symlinks-flag@1.0.0 OK for: resolve@1.22.12 want: ^1.0.0
1103 silly placeDep ROOT queue-microtask@1.2.3 OK for: run-parallel@1.2.0 want: ^1.2.2
1104 silly placeDep ROOT @jridgewell/gen-mapping@0.3.13 OK for: sucrase@3.35.1 want: ^0.3.2
1105 silly placeDep ROOT commander@4.1.1 OK for: sucrase@3.35.1 want: ^4.0.0
1106 silly placeDep ROOT lines-and-columns@1.2.4 OK for: sucrase@3.35.1 want: ^1.1.6
1107 silly placeDep ROOT mz@2.7.0 OK for: sucrase@3.35.1 want: ^2.7.0
1108 silly placeDep ROOT pirates@4.0.7 OK for: sucrase@3.35.1 want: ^4.0.1
1109 silly placeDep ROOT tinyglobby@0.2.17 OK for: sucrase@3.35.1 want: ^0.2.11
1110 silly placeDep ROOT ts-interface-checker@0.1.13 OK for: sucrase@3.35.1 want: ^0.1.9
1111 silly fetch manifest @jridgewell/trace-mapping@^0.3.24
1112 silly packumentCache full:https://registry.npmjs.org/@jridgewell%2ftrace-mapping cache-miss
1113 silly fetch manifest @jridgewell/sourcemap-codec@^1.5.0
1114 silly packumentCache full:https://registry.npmjs.org/@jridgewell%2fsourcemap-codec cache-miss
1115 silly fetch manifest any-promise@^1.0.0
1116 silly packumentCache full:https://registry.npmjs.org/any-promise cache-miss
1117 silly fetch manifest thenify-all@^1.0.0
1118 silly packumentCache full:https://registry.npmjs.org/thenify-all cache-miss
1119 silly fetch manifest fdir@^6.5.0
1120 silly packumentCache full:https://registry.npmjs.org/fdir cache-miss
1121 silly fetch manifest picomatch@^4.0.4
1122 silly packumentCache full:https://registry.npmjs.org/picomatch cache-hit
1123 http fetch GET 200 https://registry.npmjs.org/fdir 36ms (cache revalidated)
1124 silly packumentCache full:https://registry.npmjs.org/fdir set size:136182 disposed:false
1125 http fetch GET 200 https://registry.npmjs.org/any-promise 39ms (cache revalidated)
1126 silly packumentCache full:https://registry.npmjs.org/any-promise set size:20233 disposed:false
1127 http fetch GET 200 https://registry.npmjs.org/thenify-all 39ms (cache revalidated)
1128 silly packumentCache full:https://registry.npmjs.org/thenify-all set size:18488 disposed:false
1129 http fetch GET 200 https://registry.npmjs.org/@jridgewell%2fsourcemap-codec 45ms (cache revalidated)
1130 silly packumentCache full:https://registry.npmjs.org/@jridgewell%2fsourcemap-codec set size:65255 disposed:false
1131 http fetch GET 200 https://registry.npmjs.org/@jridgewell%2ftrace-mapping 80ms (cache revalidated)
1132 silly packumentCache full:https://registry.npmjs.org/@jridgewell%2ftrace-mapping set size:170909 disposed:false
1133 silly placeDep ROOT @jridgewell/sourcemap-codec@1.6.0 OK for: @jridgewell/gen-mapping@0.3.13 want: ^1.5.0
1134 silly placeDep ROOT @jridgewell/trace-mapping@0.3.31 OK for: @jridgewell/gen-mapping@0.3.13 want: ^0.3.24
1135 silly fetch manifest @jridgewell/resolve-uri@^3.1.0
1136 silly packumentCache full:https://registry.npmjs.org/@jridgewell%2fresolve-uri cache-miss
1137 http fetch GET 200 https://registry.npmjs.org/@jridgewell%2fresolve-uri 67ms (cache revalidated)
1138 silly packumentCache full:https://registry.npmjs.org/@jridgewell%2fresolve-uri set size:57361 disposed:false
1139 silly placeDep ROOT @jridgewell/resolve-uri@3.1.2 OK for: @jridgewell/trace-mapping@0.3.31 want: ^3.1.0
1140 silly placeDep ROOT any-promise@1.3.0 OK for: mz@2.7.0 want: ^1.0.0
1141 silly placeDep ROOT thenify-all@1.6.0 OK for: mz@2.7.0 want: ^1.0.0
1142 silly fetch manifest thenify@>= 3.1.0 < 4
1143 silly packumentCache full:https://registry.npmjs.org/thenify cache-miss
1144 http fetch GET 200 https://registry.npmjs.org/thenify 36ms (cache revalidated)
1145 silly packumentCache full:https://registry.npmjs.org/thenify set size:21379 disposed:false
1146 silly placeDep ROOT thenify@3.3.1 OK for: thenify-all@1.6.0 want: >= 3.1.0 < 4
1147 silly placeDep node_modules/tinyglobby fdir@6.5.0 OK for: tinyglobby@0.2.17 want: ^6.5.0
1148 silly placeDep node_modules/tinyglobby picomatch@4.0.7 OK for: fdir@6.5.0 want: ^3 || ^4
1149 silly placeDep ROOT is-number@7.0.0 OK for: to-regex-range@5.0.1 want: ^7.0.0
1150 silly placeDep ROOT escalade@3.2.0 OK for: update-browserslist-db@1.3.2 want: ^3.2.0
1151 silly placeDep ROOT @types/d3-array@3.2.2 OK for: victory-vendor@36.9.2 want: ^3.0.3
1152 silly placeDep ROOT @types/d3-ease@3.0.2 OK for: victory-vendor@36.9.2 want: ^3.0.0
1153 silly placeDep ROOT @types/d3-interpolate@3.0.4 OK for: victory-vendor@36.9.2 want: ^3.0.1
1154 silly placeDep ROOT @types/d3-scale@4.0.9 OK for: victory-vendor@36.9.2 want: ^4.0.2
1155 silly placeDep ROOT @types/d3-shape@3.2.0 OK for: victory-vendor@36.9.2 want: ^3.1.0
1156 silly placeDep ROOT @types/d3-time@3.0.4 OK for: victory-vendor@36.9.2 want: ^3.0.0
1157 silly placeDep ROOT @types/d3-timer@3.0.2 OK for: victory-vendor@36.9.2 want: ^3.0.0
1158 silly placeDep ROOT d3-array@3.2.4 OK for: victory-vendor@36.9.2 want: ^3.1.6
1159 silly placeDep ROOT d3-ease@3.0.1 OK for: victory-vendor@36.9.2 want: ^3.0.1
1160 silly placeDep ROOT d3-interpolate@3.0.1 OK for: victory-vendor@36.9.2 want: ^3.0.1
1161 silly placeDep ROOT d3-scale@4.0.2 OK for: victory-vendor@36.9.2 want: ^4.0.2
1162 silly placeDep ROOT d3-shape@3.2.0 OK for: victory-vendor@36.9.2 want: ^3.1.0
1163 silly placeDep ROOT d3-time@3.1.0 OK for: victory-vendor@36.9.2 want: ^3.0.0
1164 silly placeDep ROOT d3-timer@3.0.1 OK for: victory-vendor@36.9.2 want: ^3.0.1
1165 silly fetch manifest @types/d3-color@*
1166 silly packumentCache full:https://registry.npmjs.org/@types%2fd3-color cache-miss
1167 silly fetch manifest @types/d3-time@*
1168 silly packumentCache full:https://registry.npmjs.org/@types%2fd3-time cache-hit
1169 silly fetch manifest @types/d3-path@*
1170 silly packumentCache full:https://registry.npmjs.org/@types%2fd3-path cache-miss
1171 silly fetch manifest internmap@1 - 2
1172 silly packumentCache full:https://registry.npmjs.org/internmap cache-miss
1173 silly fetch manifest d3-color@1 - 3
1174 silly packumentCache full:https://registry.npmjs.org/d3-color cache-miss
1175 silly fetch manifest d3-format@1 - 3
1176 silly packumentCache full:https://registry.npmjs.org/d3-format cache-miss
1177 silly fetch manifest d3-time@2.1.1 - 3
1178 silly packumentCache full:https://registry.npmjs.org/d3-time cache-hit
1179 silly fetch manifest d3-time-format@2 - 4
1180 silly packumentCache full:https://registry.npmjs.org/d3-time-format cache-miss
1181 silly fetch manifest d3-path@^3.1.0
1182 silly packumentCache full:https://registry.npmjs.org/d3-path cache-miss
1183 http fetch GET 200 https://registry.npmjs.org/internmap 35ms (cache revalidated)
1184 silly packumentCache full:https://registry.npmjs.org/internmap set size:19637 disposed:false
1185 http fetch GET 200 https://registry.npmjs.org/d3-format 37ms (cache revalidated)
1186 silly packumentCache full:https://registry.npmjs.org/d3-format set size:107249 disposed:false
1187 http fetch GET 200 https://registry.npmjs.org/d3-path 45ms (cache revalidated)
1188 silly packumentCache full:https://registry.npmjs.org/d3-path set size:77883 disposed:false
1189 http fetch GET 200 https://registry.npmjs.org/d3-color 46ms (cache revalidated)
1190 silly packumentCache full:https://registry.npmjs.org/d3-color set size:142335 disposed:false
1191 http fetch GET 200 https://registry.npmjs.org/d3-time-format 49ms (cache revalidated)
1192 silly packumentCache full:https://registry.npmjs.org/d3-time-format set size:124514 disposed:false
1193 http fetch GET 200 https://registry.npmjs.org/@types%2fd3-path 51ms (cache revalidated)
1194 silly packumentCache full:https://registry.npmjs.org/@types%2fd3-path set size:41268 disposed:false
1195 http fetch GET 200 https://registry.npmjs.org/@types%2fd3-color 85ms (cache revalidated)
1196 silly packumentCache full:https://registry.npmjs.org/@types%2fd3-color set size:69998 disposed:false
1197 silly placeDep ROOT @types/d3-color@3.1.3 OK for: @types/d3-interpolate@3.0.4 want: *
1198 silly placeDep ROOT @types/d3-path@3.1.1 OK for: @types/d3-shape@3.2.0 want: *
1199 silly placeDep ROOT internmap@2.0.3 OK for: d3-array@3.2.4 want: 1 - 2
1200 silly placeDep ROOT d3-color@3.1.0 OK for: d3-interpolate@3.0.1 want: 1 - 3
1201 silly placeDep ROOT d3-format@3.1.2 OK for: d3-scale@4.0.2 want: 1 - 3
1202 silly placeDep ROOT d3-time-format@4.1.0 OK for: d3-scale@4.0.2 want: 2 - 4
1203 silly placeDep ROOT d3-path@3.1.0 OK for: d3-shape@3.2.0 want: ^3.1.0
1204 silly fetch manifest zod@^3.22.0 || ^4.0.0
1205 silly packumentCache full:https://registry.npmjs.org/zod cache-miss
1206 http fetch GET 200 https://registry.npmjs.org/zod 34ms (cache revalidated)
1207 silly packumentCache full:https://registry.npmjs.org/zod set size:4147901 disposed:false
1208 silly placeDep node_modules/viem @noble/curves@1.9.1 OK for: viem@2.56.1 want: 1.9.1
1209 silly placeDep node_modules/viem @noble/hashes@1.8.0 OK for: viem@2.56.1 want: 1.8.0
1210 silly placeDep ROOT @scure/bip32@1.7.0 OK for: viem@2.56.1 want: 1.7.0
1211 silly placeDep ROOT @scure/bip39@1.6.0 OK for: viem@2.56.1 want: 1.6.0
1212 silly placeDep ROOT abitype@1.2.3 OK for: viem@2.56.1 want: 1.2.3
1213 silly placeDep ROOT isows@1.0.7 OK for: viem@2.56.1 want: 1.0.7
1214 silly placeDep ROOT ox@0.14.34 OK for: viem@2.56.1 want: 0.14.34
1215 silly fetch manifest @scure/base@~1.2.5
1216 silly packumentCache full:https://registry.npmjs.org/@scure%2fbase cache-miss
1217 silly fetch manifest @noble/curves@~1.9.0
1218 silly packumentCache full:https://registry.npmjs.org/@noble%2fcurves cache-hit
1219 silly fetch manifest @noble/hashes@~1.8.0
1220 silly packumentCache full:https://registry.npmjs.org/@noble%2fhashes cache-hit
1221 silly fetch manifest @scure/base@~1.2.5
1222 silly packumentCache full:https://registry.npmjs.org/@scure%2fbase cache-miss
1223 silly fetch manifest @noble/hashes@~1.8.0
1224 silly packumentCache full:https://registry.npmjs.org/@noble%2fhashes cache-hit
1225 silly fetch manifest @noble/hashes@^1.8.0
1226 silly packumentCache full:https://registry.npmjs.org/@noble%2fhashes cache-hit
1227 silly fetch manifest eventemitter3@5.0.1
1228 silly packumentCache full:https://registry.npmjs.org/eventemitter3 cache-hit
1229 silly fetch manifest @noble/ciphers@^1.3.0
1230 silly packumentCache full:https://registry.npmjs.org/@noble%2fciphers cache-miss
1231 http fetch GET 200 https://registry.npmjs.org/@noble%2fciphers 97ms (cache revalidated)
1232 silly packumentCache full:https://registry.npmjs.org/@noble%2fciphers set size:127874 disposed:false
1233 http fetch GET 200 https://registry.npmjs.org/@scure%2fbase 99ms (cache revalidated)
1234 silly packumentCache full:https://registry.npmjs.org/@scure%2fbase set size:73747 disposed:false
1235 http fetch GET 200 https://registry.npmjs.org/@scure%2fbase 99ms (cache revalidated)
1236 silly packumentCache full:https://registry.npmjs.org/@scure%2fbase set size:73747 disposed:false
1237 silly packumentCache full:https://registry.npmjs.org/@scure%2fbase dispose
1238 silly placeDep node_modules/@scure/bip32 @noble/curves@1.9.7 OK for: @scure/bip32@1.7.0 want: ~1.9.0
1239 silly placeDep node_modules/@scure/bip32 @noble/hashes@1.8.0 OK for: @scure/bip32@1.7.0 want: ~1.8.0
1240 silly placeDep ROOT @scure/base@1.2.6 OK for: @scure/bip32@1.7.0 want: ~1.2.5
1241 silly placeDep node_modules/@scure/bip39 @noble/hashes@1.8.0 OK for: @scure/bip39@1.6.0 want: ~1.8.0
1242 silly placeDep ROOT @noble/ciphers@1.3.0 OK for: ox@0.14.34 want: ^1.3.0
1243 silly placeDep node_modules/ox @noble/curves@1.9.1 OK for: ox@0.14.34 want: 1.9.1
1244 silly placeDep node_modules/ox @noble/hashes@1.8.0 OK for: ox@0.14.34 want: ^1.8.0
1245 silly placeDep node_modules/ox eventemitter3@5.0.1 OK for: ox@0.14.34 want: 5.0.1
1246 silly placeDep node_modules/ethers undici-types@6.19.8 OK for: @types/node@22.7.5 want: ~6.19.2
1247 silly reify mark retired [
1247 silly reify   'C:\\Users\\chaiy\\OneDrive\\Documents\\thetanuts track 1\\node_modules\\@metamask\\eth-json-rpc-provider'
1247 silly reify ]
1248 silly reify mark retired [
1248 silly reify   'C:\\Users\\chaiy\\OneDrive\\Documents\\thetanuts track 1\\node_modules\\@metamask\\json-rpc-engine'
1248 silly reify ]
1249 silly reify mark retired [
1249 silly reify   'C:\\Users\\chaiy\\OneDrive\\Documents\\thetanuts track 1\\node_modules\\@metamask\\json-rpc-middleware-stream'
1249 silly reify ]
1250 silly reify mark retired [
1250 silly reify   'C:\\Users\\chaiy\\OneDrive\\Documents\\thetanuts track 1\\node_modules\\@metamask\\providers'
1250 silly reify ]
1251 silly reify mark retired [
1251 silly reify   'C:\\Users\\chaiy\\OneDrive\\Documents\\thetanuts track 1\\node_modules\\@metamask\\utils'
1251 silly reify ]
1252 silly reify moves {
1252 silly reify   'C:\\Users\\chaiy\\OneDrive\\Documents\\thetanuts track 1\\node_modules\\@metamask\\eth-json-rpc-provider': 'C:\\Users\\chaiy\\OneDrive\\Documents\\thetanuts track 1\\node_modules\\@metamask\\.eth-json-rpc-provider-QAkvA382',
1252 silly reify   'C:\\Users\\chaiy\\OneDrive\\Documents\\thetanuts track 1\\node_modules\\@metamask\\json-rpc-engine': 'C:\\Users\\chaiy\\OneDrive\\Documents\\thetanuts track 1\\node_modules\\@metamask\\.json-rpc-engine-PzPcvpcp',
1252 silly reify   'C:\\Users\\chaiy\\OneDrive\\Documents\\thetanuts track 1\\node_modules\\@metamask\\json-rpc-middleware-stream': 'C:\\Users\\chaiy\\OneDrive\\Documents\\thetanuts track 1\\node_modules\\@metamask\\.json-rpc-middleware-stream-t0CnPzoj',
1252 silly reify   'C:\\Users\\chaiy\\OneDrive\\Documents\\thetanuts track 1\\node_modules\\@metamask\\providers': 'C:\\Users\\chaiy\\OneDrive\\Documents\\thetanuts track 1\\node_modules\\@metamask\\.providers-ggo8VLaw',
1252 silly reify   'C:\\Users\\chaiy\\OneDrive\\Documents\\thetanuts track 1\\node_modules\\@metamask\\utils': 'C:\\Users\\chaiy\\OneDrive\\Documents\\thetanuts track 1\\node_modules\\@metamask\\.utils-yXlt8dFF'
1252 silly reify }
1253 http cache @noble/ciphers@https://registry.npmjs.org/@noble/ciphers/-/ciphers-1.3.0.tgz 0ms (cache hit)
1254 http cache @scure/base@https://registry.npmjs.org/@scure/base/-/base-1.2.6.tgz 0ms (cache hit)
1255 http cache @scure/bip39@https://registry.npmjs.org/@scure/bip39/-/bip39-1.6.0.tgz 0ms (cache hit)
1256 http cache abitype@https://registry.npmjs.org/abitype/-/abitype-1.2.3.tgz 0ms (cache hit)
1257 http cache isows@https://registry.npmjs.org/isows/-/isows-1.0.7.tgz 0ms (cache hit)
1258 http cache @scure/bip32@https://registry.npmjs.org/@scure/bip32/-/bip32-1.7.0.tgz 0ms (cache hit)
1259 http cache ox@https://registry.npmjs.org/ox/-/ox-0.14.34.tgz 0ms (cache hit)
1260 http cache @types/d3-color@https://registry.npmjs.org/@types/d3-color/-/d3-color-3.1.3.tgz 0ms (cache hit)
1261 http cache d3-path@https://registry.npmjs.org/d3-path/-/d3-path-3.1.0.tgz 0ms (cache hit)
1262 http cache d3-color@https://registry.npmjs.org/d3-color/-/d3-color-3.1.0.tgz 0ms (cache hit)
1263 http cache @types/d3-path@https://registry.npmjs.org/@types/d3-path/-/d3-path-3.1.1.tgz 0ms (cache hit)
1264 http cache d3-time-format@https://registry.npmjs.org/d3-time-format/-/d3-time-format-4.1.0.tgz 0ms (cache hit)
1265 http cache internmap@https://registry.npmjs.org/internmap/-/internmap-2.0.3.tgz 0ms (cache hit)
1266 http cache d3-format@https://registry.npmjs.org/d3-format/-/d3-format-3.1.2.tgz 0ms (cache hit)
1267 http cache d3-scale@https://registry.npmjs.org/d3-scale/-/d3-scale-4.0.2.tgz 0ms (cache hit)
1268 http cache d3-time@https://registry.npmjs.org/d3-time/-/d3-time-3.1.0.tgz 0ms (cache hit)
1269 http cache d3-timer@https://registry.npmjs.org/d3-timer/-/d3-timer-3.0.1.tgz 0ms (cache hit)
1270 http cache d3-interpolate@https://registry.npmjs.org/d3-interpolate/-/d3-interpolate-3.0.1.tgz 0ms (cache hit)
1271 http cache d3-shape@https://registry.npmjs.org/d3-shape/-/d3-shape-3.2.0.tgz 0ms (cache hit)
1272 http cache @types/d3-shape@https://registry.npmjs.org/@types/d3-shape/-/d3-shape-3.2.0.tgz 0ms (cache hit)
1273 http cache d3-ease@https://registry.npmjs.org/d3-ease/-/d3-ease-3.0.1.tgz 0ms (cache hit)
1274 http cache @types/d3-scale@https://registry.npmjs.org/@types/d3-scale/-/d3-scale-4.0.9.tgz 0ms (cache hit)
1275 http cache d3-array@https://registry.npmjs.org/d3-array/-/d3-array-3.2.4.tgz 0ms (cache hit)
1276 http cache @types/d3-time@https://registry.npmjs.org/@types/d3-time/-/d3-time-3.0.4.tgz 0ms (cache hit)
1277 http cache @types/d3-ease@https://registry.npmjs.org/@types/d3-ease/-/d3-ease-3.0.2.tgz 0ms (cache hit)
1278 http cache @types/d3-timer@https://registry.npmjs.org/@types/d3-timer/-/d3-timer-3.0.2.tgz 0ms (cache hit)
1279 http cache @types/d3-interpolate@https://registry.npmjs.org/@types/d3-interpolate/-/d3-interpolate-3.0.4.tgz 0ms (cache hit)
1280 http cache @types/d3-array@https://registry.npmjs.org/@types/d3-array/-/d3-array-3.2.2.tgz 0ms (cache hit)
1281 http cache escalade@https://registry.npmjs.org/escalade/-/escalade-3.2.0.tgz 0ms (cache hit)
1282 http cache is-number@https://registry.npmjs.org/is-number/-/is-number-7.0.0.tgz 0ms (cache hit)
1283 http cache @jridgewell/sourcemap-codec@https://registry.npmjs.org/@jridgewell/sourcemap-codec/-/sourcemap-codec-1.6.0.tgz 0ms (cache hit)
1284 http cache thenify-all@https://registry.npmjs.org/thenify-all/-/thenify-all-1.6.0.tgz 0ms (cache hit)
1285 http cache any-promise@https://registry.npmjs.org/any-promise/-/any-promise-1.3.0.tgz 0ms (cache hit)
1286 http cache @jridgewell/trace-mapping@https://registry.npmjs.org/@jridgewell/trace-mapping/-/trace-mapping-0.3.31.tgz 0ms (cache hit)
1287 http cache @jridgewell/resolve-uri@https://registry.npmjs.org/@jridgewell/resolve-uri/-/resolve-uri-3.1.2.tgz 0ms (cache hit)
1288 http cache thenify@https://registry.npmjs.org/thenify/-/thenify-3.3.1.tgz 0ms (cache hit)
1289 http cache tinyglobby@https://registry.npmjs.org/tinyglobby/-/tinyglobby-0.2.17.tgz 0ms (cache hit)
1290 http cache ts-interface-checker@https://registry.npmjs.org/ts-interface-checker/-/ts-interface-checker-0.1.13.tgz 0ms (cache hit)
1291 http cache @jridgewell/gen-mapping@https://registry.npmjs.org/@jridgewell/gen-mapping/-/gen-mapping-0.3.13.tgz 0ms (cache hit)
1292 http cache pirates@https://registry.npmjs.org/pirates/-/pirates-4.0.7.tgz 0ms (cache hit)
1293 http cache lines-and-columns@https://registry.npmjs.org/lines-and-columns/-/lines-and-columns-1.2.4.tgz 0ms (cache hit)
1294 http cache commander@https://registry.npmjs.org/commander/-/commander-4.1.1.tgz 0ms (cache hit)
1295 http cache queue-microtask@https://registry.npmjs.org/queue-microtask/-/queue-microtask-1.2.3.tgz 0ms (cache hit)
1296 http cache supports-preserve-symlinks-flag@https://registry.npmjs.org/supports-preserve-symlinks-flag/-/supports-preserve-symlinks-flag-1.0.0.tgz 0ms (cache hit)
1297 http cache util-deprecate@https://registry.npmjs.org/util-deprecate/-/util-deprecate-1.0.2.tgz 0ms (cache hit)
1298 http cache path-parse@https://registry.npmjs.org/path-parse/-/path-parse-1.0.7.tgz 0ms (cache hit)
1299 http cache is-core-module@https://registry.npmjs.org/is-core-module/-/is-core-module-2.16.2.tgz 0ms (cache hit)
1300 http cache cssesc@https://registry.npmjs.org/cssesc/-/cssesc-3.0.0.tgz 0ms (cache hit)
1301 http cache camelcase-css@https://registry.npmjs.org/camelcase-css/-/camelcase-css-2.0.1.tgz 0ms (cache hit)
1302 http cache mz@https://registry.npmjs.org/mz/-/mz-2.7.0.tgz 0ms (cache hit)
1303 http cache read-cache@https://registry.npmjs.org/read-cache/-/read-cache-1.0.2.tgz 0ms (cache hit)
1304 http cache binary-extensions@https://registry.npmjs.org/binary-extensions/-/binary-extensions-2.3.0.tgz 0ms (cache hit)
1305 http cache run-parallel@https://registry.npmjs.org/run-parallel/-/run-parallel-1.2.0.tgz 0ms (cache hit)
1306 http cache reusify@https://registry.npmjs.org/reusify/-/reusify-1.1.0.tgz 0ms (cache hit)
1307 http cache @nodelib/fs.scandir@https://registry.npmjs.org/@nodelib/fs.scandir/-/fs.scandir-2.1.5.tgz 0ms (cache hit)
1308 http cache @nodelib/fs.stat@https://registry.npmjs.org/@nodelib/fs.stat/-/fs.stat-2.0.5.tgz 0ms (cache hit)
1309 http cache to-regex-range@https://registry.npmjs.org/to-regex-range/-/to-regex-range-5.0.1.tgz 0ms (cache hit)
1310 http cache @nodelib/fs.walk@https://registry.npmjs.org/@nodelib/fs.walk/-/fs.walk-1.2.8.tgz 0ms (cache hit)
1311 http cache is-extglob@https://registry.npmjs.org/is-extglob/-/is-extglob-2.1.1.tgz 0ms (cache hit)
1312 http cache fastq@https://registry.npmjs.org/fastq/-/fastq-1.20.3.tgz 0ms (cache hit)
1313 http cache merge2@https://registry.npmjs.org/merge2/-/merge2-1.4.1.tgz 0ms (cache hit)
1314 http cache fill-range@https://registry.npmjs.org/fill-range/-/fill-range-7.1.1.tgz 0ms (cache hit)
1315 http cache readdirp@https://registry.npmjs.org/readdirp/-/readdirp-3.6.0.tgz 0ms (cache hit)
1316 http cache picomatch@https://registry.npmjs.org/picomatch/-/picomatch-2.3.2.tgz 0ms (cache hit)
1317 http cache is-binary-path@https://registry.npmjs.org/is-binary-path/-/is-binary-path-2.1.0.tgz 0ms (cache hit)
1318 http cache braces@https://registry.npmjs.org/braces/-/braces-3.0.3.tgz 0ms (cache hit)
1319 http cache anymatch@https://registry.npmjs.org/anymatch/-/anymatch-3.1.3.tgz 0ms (cache hit)
1320 http cache resolve@https://registry.npmjs.org/resolve/-/resolve-1.22.12.tgz 0ms (cache hit)
1321 http cache sucrase@https://registry.npmjs.org/sucrase/-/sucrase-3.35.1.tgz 0ms (cache hit)
1322 http cache postcss-selector-parser@https://registry.npmjs.org/postcss-selector-parser/-/postcss-selector-parser-6.1.4.tgz 0ms (cache hit)
1323 http cache postcss-nested@https://registry.npmjs.org/postcss-nested/-/postcss-nested-6.2.0.tgz 0ms (cache hit)
1324 http cache postcss-load-config@https://registry.npmjs.org/postcss-load-config/-/postcss-load-config-6.0.1.tgz 0ms (cache hit)
1325 http cache postcss-js@https://registry.npmjs.org/postcss-js/-/postcss-js-4.1.0.tgz 0ms (cache hit)
1326 http cache object-hash@https://registry.npmjs.org/object-hash/-/object-hash-3.0.0.tgz 0ms (cache hit)
1327 http cache postcss-import@https://registry.npmjs.org/postcss-import/-/postcss-import-15.1.0.tgz 0ms (cache hit)
1328 http cache micromatch@https://registry.npmjs.org/micromatch/-/micromatch-4.0.8.tgz 0ms (cache hit)
1329 http cache lilconfig@https://registry.npmjs.org/lilconfig/-/lilconfig-3.1.3.tgz 0ms (cache hit)
1330 http cache normalize-path@https://registry.npmjs.org/normalize-path/-/normalize-path-3.0.0.tgz 0ms (cache hit)
1331 http cache is-glob@https://registry.npmjs.org/is-glob/-/is-glob-4.0.3.tgz 0ms (cache hit)
1332 http cache jiti@https://registry.npmjs.org/jiti/-/jiti-1.21.7.tgz 0ms (cache hit)
1333 http cache fast-glob@https://registry.npmjs.org/fast-glob/-/fast-glob-3.3.3.tgz 0ms (cache hit)
1334 http cache dlv@https://registry.npmjs.org/dlv/-/dlv-1.1.3.tgz 0ms (cache hit)
1335 http cache didyoumean@https://registry.npmjs.org/didyoumean/-/didyoumean-1.2.2.tgz 0ms (cache hit)
1336 http cache @alloc/quick-lru@https://registry.npmjs.org/@alloc/quick-lru/-/quick-lru-5.2.0.tgz 0ms (cache hit)
1337 http cache glob-parent@https://registry.npmjs.org/glob-parent/-/glob-parent-6.0.2.tgz 0ms (cache hit)
1338 http cache chokidar@https://registry.npmjs.org/chokidar/-/chokidar-3.6.0.tgz 0ms (cache hit)
1339 http cache arg@https://registry.npmjs.org/arg/-/arg-5.0.2.tgz 0ms (cache hit)
1340 http cache @img/sharp-win32-x64@https://registry.npmjs.org/@img/sharp-win32-x64/-/sharp-win32-x64-0.35.4.tgz 0ms (cache hit)
1341 http cache client-only@https://registry.npmjs.org/client-only/-/client-only-0.0.1.tgz 0ms (cache hit)
1342 http cache semver@https://registry.npmjs.org/semver/-/semver-7.8.5.tgz 0ms (cache hit)
1343 http cache @babel/runtime@https://registry.npmjs.org/@babel/runtime/-/runtime-7.29.7.tgz 0ms (cache hit)
1344 http cache @img/colour@https://registry.npmjs.org/@img/colour/-/colour-1.1.0.tgz 0ms (cache hit)
1345 http cache detect-libc@https://registry.npmjs.org/detect-libc/-/detect-libc-2.1.2.tgz 0ms (cache hit)
1346 http cache decimal.js-light@https://registry.npmjs.org/decimal.js-light/-/decimal.js-light-2.5.1.tgz 0ms (cache hit)
1347 http cache dom-helpers@https://registry.npmjs.org/dom-helpers/-/dom-helpers-5.2.1.tgz 0ms (cache hit)
1348 http cache loose-envify@https://registry.npmjs.org/loose-envify/-/loose-envify-1.4.0.tgz 0ms (cache hit)
1349 http cache object-assign@https://registry.npmjs.org/object-assign/-/object-assign-4.1.1.tgz 0ms (cache hit)
1350 http cache react-transition-group@https://registry.npmjs.org/react-transition-group/-/react-transition-group-4.4.5.tgz 0ms (cache hit)
1351 http cache js-tokens@https://registry.npmjs.org/js-tokens/-/js-tokens-4.0.0.tgz 0ms (cache hit)
1352 http cache fast-equals@https://registry.npmjs.org/fast-equals/-/fast-equals-5.4.1.tgz 0ms (cache hit)
1353 http cache prop-types@https://registry.npmjs.org/prop-types/-/prop-types-15.8.1.tgz 0ms (cache hit)
1354 http cache victory-vendor@https://registry.npmjs.org/victory-vendor/-/victory-vendor-36.9.2.tgz 0ms (cache hit)
1355 http cache recharts-scale@https://registry.npmjs.org/recharts-scale/-/recharts-scale-0.4.5.tgz 0ms (cache hit)
1356 http cache tiny-invariant@https://registry.npmjs.org/tiny-invariant/-/tiny-invariant-1.3.3.tgz 0ms (cache hit)
1357 http cache react-smooth@https://registry.npmjs.org/react-smooth/-/react-smooth-4.0.4.tgz 0ms (cache hit)
1358 http cache react-is@https://registry.npmjs.org/react-is/-/react-is-18.3.1.tgz 0ms (cache hit)
1359 http cache lodash@https://registry.npmjs.org/lodash/-/lodash-4.18.1.tgz 0ms (cache hit)
1360 http cache eventemitter3@https://registry.npmjs.org/eventemitter3/-/eventemitter3-4.0.7.tgz 0ms (cache hit)
1361 http cache clsx@https://registry.npmjs.org/clsx/-/clsx-2.1.1.tgz 0ms (cache hit)
1362 http cache nanoid@https://registry.npmjs.org/nanoid/-/nanoid-3.3.18.tgz 0ms (cache hit)
1363 http cache source-map-js@https://registry.npmjs.org/source-map-js/-/source-map-js-1.2.1.tgz 0ms (cache hit)
1364 http cache @next/swc-win32-x64-msvc@https://registry.npmjs.org/@next/swc-win32-x64-msvc/-/swc-win32-x64-msvc-15.5.24.tgz 0ms (cache hit)
1365 http cache styled-jsx@https://registry.npmjs.org/styled-jsx/-/styled-jsx-5.1.6.tgz 0ms (cache hit)
1366 http cache @swc/helpers@https://registry.npmjs.org/@swc/helpers/-/helpers-0.5.15.tgz 0ms (cache hit)
1367 http cache @next/env@https://registry.npmjs.org/@next/env/-/env-15.5.24.tgz 0ms (cache hit)
1368 http cache scheduler@https://registry.npmjs.org/scheduler/-/scheduler-0.27.0.tgz 0ms (cache hit)
1369 http cache sharp@https://registry.npmjs.org/sharp/-/sharp-0.35.4.tgz 0ms (cache hit)
1370 http cache mime-db@https://registry.npmjs.org/mime-db/-/mime-db-1.52.0.tgz 0ms (cache hit)
1371 http cache ms@https://registry.npmjs.org/ms/-/ms-2.1.3.tgz 0ms (cache hit)
1372 http cache debug@https://registry.npmjs.org/debug/-/debug-4.4.3.tgz 0ms (cache hit)
1373 http cache agent-base@https://registry.npmjs.org/agent-base/-/agent-base-6.0.2.tgz 0ms (cache hit)
1374 http cache dunder-proto@https://registry.npmjs.org/dunder-proto/-/dunder-proto-1.0.1.tgz 0ms (cache hit)
1375 http cache math-intrinsics@https://registry.npmjs.org/math-intrinsics/-/math-intrinsics-1.1.0.tgz 0ms (cache hit)
1376 http cache gopd@https://registry.npmjs.org/gopd/-/gopd-1.2.0.tgz 0ms (cache hit)
1377 http cache has-symbols@https://registry.npmjs.org/has-symbols/-/has-symbols-1.1.0.tgz 0ms (cache hit)
1378 http cache get-proto@https://registry.npmjs.org/get-proto/-/get-proto-1.0.1.tgz 0ms (cache hit)
1379 http cache function-bind@https://registry.npmjs.org/function-bind/-/function-bind-1.1.2.tgz 0ms (cache hit)
1380 http cache es-object-atoms@https://registry.npmjs.org/es-object-atoms/-/es-object-atoms-1.1.2.tgz 0ms (cache hit)
1381 http cache call-bind-apply-helpers@https://registry.npmjs.org/call-bind-apply-helpers/-/call-bind-apply-helpers-1.0.2.tgz 0ms (cache hit)
1382 http cache has-tostringtag@https://registry.npmjs.org/has-tostringtag/-/has-tostringtag-1.0.2.tgz 0ms (cache hit)
1383 http cache es-define-property@https://registry.npmjs.org/es-define-property/-/es-define-property-1.0.1.tgz 0ms (cache hit)
1384 http cache get-intrinsic@https://registry.npmjs.org/get-intrinsic/-/get-intrinsic-1.3.0.tgz 0ms (cache hit)
1385 http cache es-errors@https://registry.npmjs.org/es-errors/-/es-errors-1.3.0.tgz 0ms (cache hit)
1386 http cache delayed-stream@https://registry.npmjs.org/delayed-stream/-/delayed-stream-1.0.0.tgz 0ms (cache hit)
1387 http cache mime-types@https://registry.npmjs.org/mime-types/-/mime-types-2.1.35.tgz 0ms (cache hit)
1388 http cache hasown@https://registry.npmjs.org/hasown/-/hasown-2.0.4.tgz 0ms (cache hit)
1389 http cache es-set-tostringtag@https://registry.npmjs.org/es-set-tostringtag/-/es-set-tostringtag-2.1.0.tgz 0ms (cache hit)
1390 http cache combined-stream@https://registry.npmjs.org/combined-stream/-/combined-stream-1.0.8.tgz 0ms (cache hit)
1391 http cache asynckit@https://registry.npmjs.org/asynckit/-/asynckit-0.4.0.tgz 0ms (cache hit)
1392 http cache ws@https://registry.npmjs.org/ws/-/ws-8.21.0.tgz 0ms (cache hit)
1393 http cache @noble/hashes@https://registry.npmjs.org/@noble/hashes/-/hashes-1.3.2.tgz 0ms (cache hit)
1394 http cache @noble/curves@https://registry.npmjs.org/@noble/curves/-/curves-1.2.0.tgz 0ms (cache hit)
1395 http cache tslib@https://registry.npmjs.org/tslib/-/tslib-2.7.0.tgz 0ms (cache hit)
1396 http cache @adraffy/ens-normalize@https://registry.npmjs.org/@adraffy/ens-normalize/-/ens-normalize-1.11.1.tgz 0ms (cache hit)
1397 http cache aes-js@https://registry.npmjs.org/aes-js/-/aes-js-4.0.0-beta.5.tgz 0ms (cache hit)
1398 http cache update-browserslist-db@https://registry.npmjs.org/update-browserslist-db/-/update-browserslist-db-1.3.2.tgz 0ms (cache hit)
1399 http cache node-releases@https://registry.npmjs.org/node-releases/-/node-releases-2.0.54.tgz 0ms (cache hit)
1400 http cache electron-to-chromium@https://registry.npmjs.org/electron-to-chromium/-/electron-to-chromium-1.5.417.tgz 0ms (cache hit)
1401 http cache baseline-browser-mapping@https://registry.npmjs.org/baseline-browser-mapping/-/baseline-browser-mapping-2.11.20.tgz 0ms (cache hit)
1402 http cache proxy-from-env@https://registry.npmjs.org/proxy-from-env/-/proxy-from-env-2.1.0.tgz 0ms (cache hit)
1403 http cache https-proxy-agent@https://registry.npmjs.org/https-proxy-agent/-/https-proxy-agent-5.0.1.tgz 0ms (cache hit)
1404 http cache form-data@https://registry.npmjs.org/form-data/-/form-data-4.0.6.tgz 0ms (cache hit)
1405 http cache postcss-value-parser@https://registry.npmjs.org/postcss-value-parser/-/postcss-value-parser-4.2.0.tgz 0ms (cache hit)
1406 http cache follow-redirects@https://registry.npmjs.org/follow-redirects/-/follow-redirects-1.16.0.tgz 0ms (cache hit)
1407 http cache fraction.js@https://registry.npmjs.org/fraction.js/-/fraction.js-5.3.4.tgz 0ms (cache hit)
1408 http cache picocolors@https://registry.npmjs.org/picocolors/-/picocolors-1.1.1.tgz 0ms (cache hit)
1409 http cache caniuse-lite@https://registry.npmjs.org/caniuse-lite/-/caniuse-lite-1.0.30001810.tgz 0ms (cache hit)
1410 http cache browserslist@https://registry.npmjs.org/browserslist/-/browserslist-4.28.8.tgz 0ms (cache hit)
1411 http cache csstype@https://registry.npmjs.org/csstype/-/csstype-3.2.3.tgz 0ms (cache hit)
1412 http cache undici-types@https://registry.npmjs.org/undici-types/-/undici-types-6.21.0.tgz 0ms (cache hit)
1413 http cache typescript@https://registry.npmjs.org/typescript/-/typescript-5.9.3.tgz 0ms (cache hit)
1414 http cache recharts@https://registry.npmjs.org/recharts/-/recharts-2.15.4.tgz 0ms (cache hit)
1415 http cache tailwindcss@https://registry.npmjs.org/tailwindcss/-/tailwindcss-3.4.19.tgz 0ms (cache hit)
1416 http cache viem@https://registry.npmjs.org/viem/-/viem-2.56.1.tgz 0ms (cache hit)
1417 http cache react-dom@https://registry.npmjs.org/react-dom/-/react-dom-19.2.8.tgz 0ms (cache hit)
1418 http cache next@https://registry.npmjs.org/next/-/next-15.5.24.tgz 0ms (cache hit)
1419 http cache react@https://registry.npmjs.org/react/-/react-19.2.8.tgz 0ms (cache hit)
1420 http cache lucide-react@https://registry.npmjs.org/lucide-react/-/lucide-react-0.468.0.tgz 0ms (cache hit)
1421 http cache @types/react-dom@https://registry.npmjs.org/@types/react-dom/-/react-dom-19.2.5.tgz 0ms (cache hit)
1422 http cache @types/react@https://registry.npmjs.org/@types/react/-/react-19.2.18.tgz 0ms (cache hit)
1423 http cache axios@https://registry.npmjs.org/axios/-/axios-1.20.0.tgz 0ms (cache hit)
1424 http cache @thetanuts-finance/thetanuts-client@https://registry.npmjs.org/@thetanuts-finance/thetanuts-client/-/thetanuts-client-0.3.0.tgz 0ms (cache hit)
1425 http cache @types/node@https://registry.npmjs.org/@types/node/-/node-22.20.1.tgz 0ms (cache hit)
1426 http cache eventemitter3@https://registry.npmjs.org/eventemitter3/-/eventemitter3-5.0.1.tgz 0ms (cache hit)
1427 http cache ethers@https://registry.npmjs.org/ethers/-/ethers-6.17.0.tgz 0ms (cache hit)
1428 http cache @noble/hashes@https://registry.npmjs.org/@noble/hashes/-/hashes-1.8.0.tgz 0ms (cache hit)
1429 http cache postcss@https://registry.npmjs.org/postcss/-/postcss-8.5.26.tgz 0ms (cache hit)
1430 http cache autoprefixer@https://registry.npmjs.org/autoprefixer/-/autoprefixer-10.5.4.tgz 0ms (cache hit)
1431 http cache @noble/hashes@https://registry.npmjs.org/@noble/hashes/-/hashes-1.8.0.tgz 0ms (cache hit)
1432 http cache @noble/hashes@https://registry.npmjs.org/@noble/hashes/-/hashes-1.8.0.tgz 0ms (cache hit)
1433 http cache @noble/curves@https://registry.npmjs.org/@noble/curves/-/curves-1.9.1.tgz 0ms (cache hit)
1434 http cache fdir@https://registry.npmjs.org/fdir/-/fdir-6.5.0.tgz 0ms (cache hit)
1435 http cache @noble/curves@https://registry.npmjs.org/@noble/curves/-/curves-1.9.7.tgz 0ms (cache hit)
1436 http cache glob-parent@https://registry.npmjs.org/glob-parent/-/glob-parent-5.1.2.tgz 0ms (cache hit)
1437 http cache glob-parent@https://registry.npmjs.org/glob-parent/-/glob-parent-5.1.2.tgz 0ms (cache hit)
1438 http cache picomatch@https://registry.npmjs.org/picomatch/-/picomatch-4.0.7.tgz 0ms (cache hit)
1439 http cache tslib@https://registry.npmjs.org/tslib/-/tslib-2.8.1.tgz 0ms (cache hit)
1440 http cache @noble/curves@https://registry.npmjs.org/@noble/curves/-/curves-1.9.1.tgz 0ms (cache hit)
1441 http cache react-is@https://registry.npmjs.org/react-is/-/react-is-16.13.1.tgz 0ms (cache hit)
1442 http cache @noble/hashes@https://registry.npmjs.org/@noble/hashes/-/hashes-1.8.0.tgz 0ms (cache hit)
1443 http cache postcss@https://registry.npmjs.org/postcss/-/postcss-8.4.31.tgz 0ms (cache hit)
1444 http cache undici-types@https://registry.npmjs.org/undici-types/-/undici-types-6.19.8.tgz 0ms (cache hit)
1445 http cache @types/node@https://registry.npmjs.org/@types/node/-/node-22.7.5.tgz 0ms (cache hit)
1446 silly tarball no local data for agent-base@https://registry.npmjs.org/agent-base/-/agent-base-6.0.2.tgz. Extracting by manifest.
1447 silly tarball no local data for @noble/hashes@https://registry.npmjs.org/@noble/hashes/-/hashes-1.3.2.tgz. Extracting by manifest.
1448 silly tarball no local data for @noble/curves@https://registry.npmjs.org/@noble/curves/-/curves-1.2.0.tgz. Extracting by manifest.
1449 silly tarball no local data for tslib@https://registry.npmjs.org/tslib/-/tslib-2.7.0.tgz. Extracting by manifest.
1450 silly tarball no local data for aes-js@https://registry.npmjs.org/aes-js/-/aes-js-4.0.0-beta.5.tgz. Extracting by manifest.
1451 silly tarball no local data for https-proxy-agent@https://registry.npmjs.org/https-proxy-agent/-/https-proxy-agent-5.0.1.tgz. Extracting by manifest.
1452 silly tarball no local data for axios@https://registry.npmjs.org/axios/-/axios-1.20.0.tgz. Extracting by manifest.
1453 silly tarball no local data for @thetanuts-finance/thetanuts-client@https://registry.npmjs.org/@thetanuts-finance/thetanuts-client/-/thetanuts-client-0.3.0.tgz. Extracting by manifest.
1454 silly tarball no local data for ethers@https://registry.npmjs.org/ethers/-/ethers-6.17.0.tgz. Extracting by manifest.
1455 silly tarball no local data for undici-types@https://registry.npmjs.org/undici-types/-/undici-types-6.19.8.tgz. Extracting by manifest.
1456 silly tarball no local data for @types/node@https://registry.npmjs.org/@types/node/-/node-22.7.5.tgz. Extracting by manifest.
1457 http fetch GET 200 https://registry.npmjs.org/tslib/-/tslib-2.7.0.tgz 1604ms (cache miss)
1458 http fetch GET 200 https://registry.npmjs.org/https-proxy-agent/-/https-proxy-agent-5.0.1.tgz 1609ms (cache miss)
1459 http fetch GET 200 https://registry.npmjs.org/agent-base/-/agent-base-6.0.2.tgz 1625ms (cache miss)
1460 http fetch GET 200 https://registry.npmjs.org/undici-types/-/undici-types-6.19.8.tgz 1920ms (cache miss)
1461 http fetch GET 200 https://registry.npmjs.org/@thetanuts-finance/thetanuts-client/-/thetanuts-client-0.3.0.tgz 2304ms (cache miss)
1462 http fetch GET 200 https://registry.npmjs.org/@types/node/-/node-22.7.5.tgz 2408ms (cache miss)
1463 http fetch GET 200 https://registry.npmjs.org/aes-js/-/aes-js-4.0.0-beta.5.tgz 2683ms (cache miss)
1464 http fetch GET 200 https://registry.npmjs.org/@noble/hashes/-/hashes-1.3.2.tgz 2757ms (cache miss)
1465 http fetch GET 200 https://registry.npmjs.org/axios/-/axios-1.20.0.tgz 2850ms (cache miss)
1466 http fetch GET 200 https://registry.npmjs.org/@noble/curves/-/curves-1.2.0.tgz 3010ms (cache miss)
1467 warn deprecated recharts@2.15.4: 1.x and 2.x branches are no longer active. Bump to Recharts v3 to receive latest features and bugfixes. See https://github.com/recharts/recharts/wiki/3.0-migration-guide
1468 http fetch GET 200 https://registry.npmjs.org/ethers/-/ethers-6.17.0.tgz 5827ms (cache miss)
1469 silly ADD node_modules/@noble/ciphers
1470 silly ADD node_modules/@scure/base
1471 silly ADD node_modules/ox
1472 silly ADD node_modules/ox/node_modules/eventemitter3
1473 silly ADD node_modules/ox/node_modules/@noble/hashes
1474 silly ADD node_modules/ox/node_modules/@noble/curves
1475 silly ADD node_modules/isows
1476 silly ADD node_modules/abitype
1477 silly ADD node_modules/@scure/bip39
1478 silly ADD node_modules/@scure/bip39/node_modules/@noble/hashes
1479 silly ADD node_modules/@scure/bip32
1480 silly ADD node_modules/@scure/bip32/node_modules/@noble/hashes
1481 silly ADD node_modules/@scure/bip32/node_modules/@noble/curves
1482 silly ADD node_modules/d3-path
1483 silly ADD node_modules/d3-time-format
1484 silly ADD node_modules/d3-format
1485 silly ADD node_modules/d3-color
1486 silly ADD node_modules/internmap
1487 silly ADD node_modules/@types/d3-path
1488 silly ADD node_modules/@types/d3-color
1489 silly ADD node_modules/d3-timer
1490 silly ADD node_modules/d3-time
1491 silly ADD node_modules/d3-shape
1492 silly ADD node_modules/d3-scale
1493 silly ADD node_modules/d3-interpolate
1494 silly ADD node_modules/d3-ease
1495 silly ADD node_modules/d3-array
1496 silly ADD node_modules/@types/d3-timer
1497 silly ADD node_modules/@types/d3-time
1498 silly ADD node_modules/@types/d3-shape
1499 silly ADD node_modules/@types/d3-scale
1500 silly ADD node_modules/@types/d3-interpolate
1501 silly ADD node_modules/@types/d3-ease
1502 silly ADD node_modules/@types/d3-array
1503 silly ADD node_modules/escalade
1504 silly ADD node_modules/is-number
1505 silly ADD node_modules/thenify
1506 silly ADD node_modules/thenify-all
1507 silly ADD node_modules/any-promise
1508 silly ADD node_modules/@jridgewell/resolve-uri
1509 silly ADD node_modules/@jridgewell/trace-mapping
1510 silly ADD node_modules/@jridgewell/sourcemap-codec
1511 silly ADD node_modules/ts-interface-checker
1512 silly ADD node_modules/tinyglobby
1513 silly ADD node_modules/tinyglobby/node_modules/picomatch
1514 silly ADD node_modules/tinyglobby/node_modules/fdir
1515 silly ADD node_modules/pirates
1516 silly ADD node_modules/mz
1517 silly ADD node_modules/lines-and-columns
1518 silly ADD node_modules/commander
1519 silly ADD node_modules/@jridgewell/gen-mapping
1520 silly ADD node_modules/queue-microtask
1521 silly ADD node_modules/supports-preserve-symlinks-flag
1522 silly ADD node_modules/path-parse
1523 silly ADD node_modules/is-core-module
1524 silly ADD node_modules/util-deprecate
1525 silly ADD node_modules/cssesc
1526 silly ADD node_modules/camelcase-css
1527 silly ADD node_modules/read-cache
1528 silly ADD node_modules/is-extglob
1529 silly ADD node_modules/binary-extensions
1530 silly ADD node_modules/to-regex-range
1531 silly ADD node_modules/reusify
1532 silly ADD node_modules/run-parallel
1533 silly ADD node_modules/fastq
1534 silly ADD node_modules/@nodelib/fs.scandir
1535 silly ADD node_modules/merge2
1536 silly ADD node_modules/@nodelib/fs.walk
1537 silly ADD node_modules/@nodelib/fs.stat
1538 silly ADD node_modules/fill-range
1539 silly ADD node_modules/picomatch
1540 silly ADD node_modules/readdirp
1541 silly ADD node_modules/is-binary-path
1542 silly ADD node_modules/braces
1543 silly ADD node_modules/anymatch
1544 silly ADD node_modules/sucrase
1545 silly ADD node_modules/resolve
1546 silly ADD node_modules/postcss-selector-parser
1547 silly ADD node_modules/postcss-nested
1548 silly ADD node_modules/postcss-load-config
1549 silly ADD node_modules/postcss-js
1550 silly ADD node_modules/postcss-import
1551 silly ADD node_modules/object-hash
1552 silly ADD node_modules/normalize-path
1553 silly ADD node_modules/micromatch
1554 silly ADD node_modules/lilconfig
1555 silly ADD node_modules/jiti
1556 silly ADD node_modules/is-glob
1557 silly ADD node_modules/glob-parent
1558 silly ADD node_modules/fast-glob
1559 silly ADD node_modules/fast-glob/node_modules/glob-parent
1560 silly ADD node_modules/dlv
1561 silly ADD node_modules/didyoumean
1562 silly ADD node_modules/chokidar
1563 silly ADD node_modules/chokidar/node_modules/glob-parent
1564 silly ADD node_modules/arg
1565 silly ADD node_modules/@alloc/quick-lru
1566 silly ADD node_modules/client-only
1567 silly ADD node_modules/semver
1568 silly ADD node_modules/detect-libc
1569 silly ADD node_modules/@img/sharp-win32-x64
1570 silly ADD node_modules/@img/colour
1571 silly ADD node_modules/decimal.js-light
1572 silly ADD node_modules/dom-helpers
1573 silly ADD node_modules/@babel/runtime
1574 silly ADD node_modules/js-tokens
1575 silly ADD node_modules/object-assign
1576 silly ADD node_modules/loose-envify
1577 silly ADD node_modules/react-transition-group
1578 silly ADD node_modules/prop-types
1579 silly ADD node_modules/prop-types/node_modules/react-is
1580 silly ADD node_modules/fast-equals
1581 silly ADD node_modules/victory-vendor
1582 silly ADD node_modules/tiny-invariant
1583 silly ADD node_modules/recharts-scale
1584 silly ADD node_modules/react-smooth
1585 silly ADD node_modules/react-is
1586 silly ADD node_modules/lodash
1587 silly ADD node_modules/eventemitter3
1588 silly ADD node_modules/clsx
1589 silly ADD node_modules/scheduler
1590 silly ADD node_modules/source-map-js
1591 silly ADD node_modules/nanoid
1592 silly ADD node_modules/styled-jsx
1593 silly ADD node_modules/sharp
1594 silly ADD node_modules/@swc/helpers
1595 silly ADD node_modules/@swc/helpers/node_modules/tslib
1596 silly ADD node_modules/@next/swc-win32-x64-msvc
1597 silly ADD node_modules/@next/env
1598 silly ADD node_modules/mime-db
1599 silly ADD node_modules/ms
1600 silly ADD node_modules/debug
1601 silly ADD node_modules/agent-base
1602 silly ADD node_modules/dunder-proto
1603 silly ADD node_modules/math-intrinsics
1604 silly ADD node_modules/has-symbols
1605 silly ADD node_modules/gopd
1606 silly ADD node_modules/get-proto
1607 silly ADD node_modules/function-bind
1608 silly ADD node_modules/es-object-atoms
1609 silly ADD node_modules/es-define-property
1610 silly ADD node_modules/call-bind-apply-helpers
1611 silly ADD node_modules/has-tostringtag
1612 silly ADD node_modules/get-intrinsic
1613 silly ADD node_modules/es-errors
1614 silly ADD node_modules/delayed-stream
1615 silly ADD node_modules/mime-types
1616 silly ADD node_modules/hasown
1617 silly ADD node_modules/es-set-tostringtag
1618 silly ADD node_modules/combined-stream
1619 silly ADD node_modules/asynckit
1620 silly ADD node_modules/ws
1621 silly ADD node_modules/tslib
1622 silly ADD node_modules/aes-js
1623 silly ADD node_modules/@noble/hashes
1624 silly ADD node_modules/@noble/curves
1625 silly ADD node_modules/@adraffy/ens-normalize
1626 silly ADD node_modules/update-browserslist-db
1627 silly ADD node_modules/node-releases
1628 silly ADD node_modules/electron-to-chromium
1629 silly ADD node_modules/baseline-browser-mapping
1630 silly ADD node_modules/proxy-from-env
1631 silly ADD node_modules/https-proxy-agent
1632 silly ADD node_modules/form-data
1633 silly ADD node_modules/follow-redirects
1634 silly ADD node_modules/postcss-value-parser
1635 silly ADD node_modules/picocolors
1636 silly ADD node_modules/fraction.js
1637 silly ADD node_modules/caniuse-lite
1638 silly ADD node_modules/browserslist
1639 silly ADD node_modules/csstype
1640 silly ADD node_modules/undici-types
1641 silly ADD node_modules/viem
1642 silly ADD node_modules/viem/node_modules/@noble/hashes
1643 silly ADD node_modules/viem/node_modules/@noble/curves
1644 silly ADD node_modules/axios
1645 silly ADD node_modules/typescript
1646 silly ADD node_modules/tailwindcss
1647 silly ADD node_modules/recharts
1648 silly ADD node_modules/react-dom
1649 silly ADD node_modules/next
1650 silly ADD node_modules/next/node_modules/postcss
1651 silly ADD node_modules/react
1652 silly ADD node_modules/lucide-react
1653 silly ADD node_modules/ethers
1654 silly ADD node_modules/ethers/node_modules/undici-types
1655 silly ADD node_modules/ethers/node_modules/@types/node
1656 silly ADD node_modules/postcss
1657 silly ADD node_modules/autoprefixer
1658 silly ADD node_modules/@types/react-dom
1659 silly ADD node_modules/@types/react
1660 silly ADD node_modules/@types/node
1661 silly ADD node_modules/@thetanuts-finance/thetanuts-client
1662 silly REMOVE node_modules/@metamask/utils
1663 silly REMOVE node_modules/@metamask/providers
1664 silly REMOVE node_modules/@metamask/json-rpc-middleware-stream
1665 silly REMOVE node_modules/@metamask/json-rpc-engine
1666 silly REMOVE node_modules/@metamask/eth-json-rpc-provider
1667 verbose cwd C:\Users\chaiy\OneDrive\Documents\thetanuts track 1
1668 verbose os Windows_NT 10.0.26200
1669 verbose node v24.20.0
1670 verbose npm  v11.19.0
1671 verbose exit 0
1672 info ok
