0 verbose cli C:\Program Files\nodejs\node.exe C:\Program Files\nodejs\node_modules\npm\bin\npm-cli.js
1 info using npm@11.19.0
2 info using node@v24.20.0
3 silly config load:file:C:\Program Files\nodejs\node_modules\npm\npmrc
4 silly config load:file:C:\Users\chaiy\OneDrive\Documents\thetanuts track 1\.npmrc
5 silly config load:file:C:\Users\chaiy\.npmrc
6 silly config load:file:C:\Users\chaiy\AppData\Roaming\npm\etc\npmrc
7 verbose title npm install
8 verbose argv "install" "--cache" ".npm-cache"
9 verbose logfile logs-max:10 dir:C:\Users\chaiy\OneDrive\Documents\thetanuts track 1\.npm-cache\_logs\2026-08-31T11_57_19_674Z-
10 verbose logfile C:\Users\chaiy\OneDrive\Documents\thetanuts track 1\.npm-cache\_logs\2026-08-31T11_57_19_674Z-debug-0.log
11 silly logfile done cleaning log files
12 silly packumentCache heap:4496293888 maxSize:1124073472 maxEntrySize:562036736
13 silly idealTree buildDeps
14 silly fetch manifest @rainbow-me/rainbowkit@^2.2.8
15 silly packumentCache full:https://registry.npmjs.org/@rainbow-me%2frainbowkit cache-miss
16 http fetch GET 200 https://registry.npmjs.org/npm 184ms
17 http fetch GET 200 https://registry.npmjs.org/@rainbow-me%2frainbowkit 302ms (cache miss)
18 silly packumentCache full:https://registry.npmjs.org/@rainbow-me%2frainbowkit set size:undefined disposed:false
19 silly fetch manifest @tanstack/react-query@^5.66.8
20 silly packumentCache full:https://registry.npmjs.org/@tanstack%2freact-query cache-miss
21 http fetch GET 200 https://registry.npmjs.org/@tanstack%2freact-query 103ms (cache miss)
22 silly packumentCache full:https://registry.npmjs.org/@tanstack%2freact-query set size:undefined disposed:false
23 silly fetch manifest react@^19.0.0
24 silly packumentCache full:https://registry.npmjs.org/react cache-miss
25 http fetch GET 200 https://registry.npmjs.org/react 335ms (cache miss)
26 silly packumentCache full:https://registry.npmjs.org/react set size:undefined disposed:false
27 silly fetch manifest react-dom@^19.0.0
28 silly packumentCache full:https://registry.npmjs.org/react-dom cache-miss
29 http fetch GET 200 https://registry.npmjs.org/react-dom 213ms (cache miss)
30 silly packumentCache full:https://registry.npmjs.org/react-dom set size:undefined disposed:false
31 silly fetch manifest viem@^2.23.5
32 silly packumentCache full:https://registry.npmjs.org/viem cache-miss
33 http fetch GET 200 https://registry.npmjs.org/viem 460ms (cache miss)
34 silly packumentCache full:https://registry.npmjs.org/viem set size:undefined disposed:false
35 silly fetch manifest typescript@^5.7.3
36 silly packumentCache full:https://registry.npmjs.org/typescript cache-miss
37 http fetch GET 200 https://registry.npmjs.org/typescript 379ms (cache miss)
38 silly packumentCache full:https://registry.npmjs.org/typescript set size:undefined disposed:false
39 silly fetch manifest wagmi@^2.14.14
40 silly packumentCache full:https://registry.npmjs.org/wagmi cache-miss
41 http fetch GET 200 https://registry.npmjs.org/wagmi 205ms (cache miss)
42 silly packumentCache full:https://registry.npmjs.org/wagmi set size:undefined disposed:false
43 silly fetch manifest lucide-react@^0.468.0
44 silly packumentCache full:https://registry.npmjs.org/lucide-react cache-miss
45 http fetch GET 200 https://registry.npmjs.org/lucide-react 91ms (cache miss)
46 silly packumentCache full:https://registry.npmjs.org/lucide-react set size:undefined disposed:false
47 silly fetch manifest next@^15.1.7
48 silly packumentCache full:https://registry.npmjs.org/next cache-miss
49 http fetch GET 200 https://registry.npmjs.org/next 676ms (cache miss)
50 silly packumentCache full:https://registry.npmjs.org/next set size:undefined disposed:false
51 silly fetch manifest @opentelemetry/api@^1.1.0
52 silly packumentCache full:https://registry.npmjs.org/@opentelemetry%2fapi cache-miss
53 http fetch GET 200 https://registry.npmjs.org/@opentelemetry%2fapi 158ms (cache miss)
54 silly packumentCache full:https://registry.npmjs.org/@opentelemetry%2fapi set size:undefined disposed:false
55 silly fetch manifest @playwright/test@^1.51.1
56 silly packumentCache full:https://registry.npmjs.org/@playwright%2ftest cache-miss
57 http fetch GET 200 https://registry.npmjs.org/@playwright%2ftest 332ms (cache miss)
58 silly packumentCache full:https://registry.npmjs.org/@playwright%2ftest set size:undefined disposed:false
59 silly fetch manifest babel-plugin-react-compiler@*
60 silly packumentCache full:https://registry.npmjs.org/babel-plugin-react-compiler cache-miss
61 http fetch GET 200 https://registry.npmjs.org/babel-plugin-react-compiler 58ms (cache miss)
62 silly packumentCache full:https://registry.npmjs.org/babel-plugin-react-compiler set size:undefined disposed:false
63 silly fetch manifest sass@^1.3.0
64 silly packumentCache full:https://registry.npmjs.org/sass cache-miss
65 http fetch GET 200 https://registry.npmjs.org/sass 73ms (cache miss)
66 silly packumentCache full:https://registry.npmjs.org/sass set size:undefined disposed:false
67 silly fetch manifest recharts@^2.15.1
68 silly packumentCache full:https://registry.npmjs.org/recharts cache-miss
69 http fetch GET 200 https://registry.npmjs.org/recharts 69ms (cache miss)
70 silly packumentCache full:https://registry.npmjs.org/recharts set size:undefined disposed:false
71 silly fetch manifest @types/node@^22.10.10
72 silly packumentCache full:https://registry.npmjs.org/@types%2fnode cache-miss
73 http fetch GET 200 https://registry.npmjs.org/@types%2fnode 284ms (cache miss)
74 silly packumentCache full:https://registry.npmjs.org/@types%2fnode set size:undefined disposed:false
75 silly fetch manifest @types/react@^19.0.8
76 silly packumentCache full:https://registry.npmjs.org/@types%2freact cache-miss
77 http fetch GET 200 https://registry.npmjs.org/@types%2freact 109ms (cache miss)
78 silly packumentCache full:https://registry.npmjs.org/@types%2freact set size:undefined disposed:false
79 silly fetch manifest @types/react-dom@^19.0.3
80 silly packumentCache full:https://registry.npmjs.org/@types%2freact-dom cache-miss
81 http fetch GET 200 https://registry.npmjs.org/@types%2freact-dom 72ms (cache miss)
82 silly packumentCache full:https://registry.npmjs.org/@types%2freact-dom set size:undefined disposed:false
83 silly fetch manifest autoprefixer@^10.4.20
84 silly packumentCache full:https://registry.npmjs.org/autoprefixer cache-miss
85 http fetch GET 200 https://registry.npmjs.org/autoprefixer 69ms (cache miss)
86 silly packumentCache full:https://registry.npmjs.org/autoprefixer set size:undefined disposed:false
87 silly fetch manifest postcss@^8.5.1
88 silly packumentCache full:https://registry.npmjs.org/postcss cache-miss
89 http fetch GET 200 https://registry.npmjs.org/postcss 76ms (cache miss)
90 silly packumentCache full:https://registry.npmjs.org/postcss set size:undefined disposed:false
91 silly fetch manifest tailwindcss@^3.4.17
92 silly packumentCache full:https://registry.npmjs.org/tailwindcss cache-miss
93 http fetch GET 200 https://registry.npmjs.org/tailwindcss 233ms (cache miss)
94 silly packumentCache full:https://registry.npmjs.org/tailwindcss set size:undefined disposed:false
95 silly placeDep ROOT @rainbow-me/rainbowkit@2.2.11 OK for: yield-shield@0.1.0 want: ^2.2.8
96 silly placeDep ROOT viem@2.56.1 OK for: @rainbow-me/rainbowkit@2.2.11 want: 2.x
97 silly placeDep ROOT react@19.2.8 OK for: @rainbow-me/rainbowkit@2.2.11 want: >=18
98 silly placeDep ROOT wagmi@2.19.5 OK for: @rainbow-me/rainbowkit@2.2.11 want: ^2.9.0
99 silly placeDep ROOT @tanstack/react-query@5.102.8 OK for: wagmi@2.19.5 want: >=5.0.0
100 silly placeDep ROOT react-dom@19.2.8 OK for: @rainbow-me/rainbowkit@2.2.11 want: >=18
101 silly placeDep ROOT @types/node@22.20.1 OK for: yield-shield@0.1.0 want: ^22.10.10
102 silly placeDep ROOT @types/react@19.2.18 OK for: yield-shield@0.1.0 want: ^19.0.8
103 silly placeDep ROOT @types/react-dom@19.2.5 OK for: yield-shield@0.1.0 want: ^19.0.3
104 silly placeDep ROOT autoprefixer@10.5.4 OK for: yield-shield@0.1.0 want: ^10.4.20
105 silly placeDep ROOT postcss@8.5.26 OK for: autoprefixer@10.5.4 want: ^8.1.0
106 silly placeDep ROOT lucide-react@0.468.0 OK for: yield-shield@0.1.0 want: ^0.468.0
107 silly placeDep ROOT next@15.5.24 OK for: yield-shield@0.1.0 want: ^15.1.7
108 silly placeDep ROOT recharts@2.15.4 OK for: yield-shield@0.1.0 want: ^2.15.1
109 silly placeDep ROOT tailwindcss@3.4.19 OK for: yield-shield@0.1.0 want: ^3.4.17
110 silly placeDep ROOT typescript@5.9.3 OK for: yield-shield@0.1.0 want: ^5.7.3
111 silly fetch manifest clsx@2.1.1
112 silly packumentCache full:https://registry.npmjs.org/clsx cache-miss
113 silly fetch manifest cuer@0.0.3
114 silly packumentCache full:https://registry.npmjs.org/cuer cache-miss
115 silly fetch manifest ua-parser-js@^2.0.9
116 silly packumentCache full:https://registry.npmjs.org/ua-parser-js cache-miss
117 silly fetch manifest react-remove-scroll@2.7.2
118 silly packumentCache full:https://registry.npmjs.org/react-remove-scroll cache-miss
119 silly fetch manifest @vanilla-extract/css@1.20.1
120 silly packumentCache full:https://registry.npmjs.org/@vanilla-extract%2fcss cache-miss
121 silly fetch manifest @vanilla-extract/dynamic@2.1.5
122 silly packumentCache full:https://registry.npmjs.org/@vanilla-extract%2fdynamic cache-miss
123 silly fetch manifest @vanilla-extract/sprinkles@1.6.5
124 silly packumentCache full:https://registry.npmjs.org/@vanilla-extract%2fsprinkles cache-miss
125 silly fetch manifest scheduler@^0.27.0
126 silly packumentCache full:https://registry.npmjs.org/scheduler cache-miss
127 silly fetch manifest @wagmi/core@2.22.1
128 silly packumentCache full:https://registry.npmjs.org/@wagmi%2fcore cache-miss
129 silly fetch manifest @wagmi/connectors@6.2.0
130 silly packumentCache full:https://registry.npmjs.org/@wagmi%2fconnectors cache-miss
131 silly fetch manifest use-sync-external-store@1.4.0
132 silly packumentCache full:https://registry.npmjs.org/use-sync-external-store cache-miss
133 silly fetch manifest @tanstack/query-core@5.102.8
134 silly packumentCache full:https://registry.npmjs.org/@tanstack%2fquery-core cache-miss
135 silly fetch manifest ox@0.14.34
136 silly packumentCache full:https://registry.npmjs.org/ox cache-miss
137 silly fetch manifest ws@8.21.0
138 silly packumentCache full:https://registry.npmjs.org/ws cache-miss
139 silly fetch manifest isows@1.0.7
140 silly packumentCache full:https://registry.npmjs.org/isows cache-miss
141 http fetch GET 200 https://registry.npmjs.org/clsx 48ms (cache miss)
142 silly packumentCache full:https://registry.npmjs.org/clsx set size:undefined disposed:false
143 silly fetch manifest abitype@1.2.3
144 silly packumentCache full:https://registry.npmjs.org/abitype cache-miss
145 http fetch GET 200 https://registry.npmjs.org/isows 163ms (cache miss)
146 silly packumentCache full:https://registry.npmjs.org/isows set size:undefined disposed:false
147 silly fetch manifest @scure/bip32@1.7.0
148 silly packumentCache full:https://registry.npmjs.org/@scure%2fbip32 cache-miss
149 http fetch GET 200 https://registry.npmjs.org/abitype 120ms (cache miss)
150 silly packumentCache full:https://registry.npmjs.org/abitype set size:undefined disposed:false
151 silly fetch manifest @scure/bip39@1.6.0
152 silly packumentCache full:https://registry.npmjs.org/@scure%2fbip39 cache-miss
153 http fetch GET 200 https://registry.npmjs.org/react-remove-scroll 177ms (cache miss)
154 silly packumentCache full:https://registry.npmjs.org/react-remove-scroll set size:undefined disposed:false
155 silly fetch manifest @noble/curves@1.9.1
156 silly packumentCache full:https://registry.npmjs.org/@noble%2fcurves cache-miss
157 http fetch GET 200 https://registry.npmjs.org/ws 192ms (cache miss)
158 silly packumentCache full:https://registry.npmjs.org/ws set size:undefined disposed:false
159 silly fetch manifest @noble/hashes@1.8.0
160 silly packumentCache full:https://registry.npmjs.org/@noble%2fhashes cache-miss
161 http fetch GET 200 https://registry.npmjs.org/ua-parser-js 208ms (cache miss)
162 silly packumentCache full:https://registry.npmjs.org/ua-parser-js set size:undefined disposed:false
163 silly fetch manifest undici-types@~6.21.0
164 silly packumentCache full:https://registry.npmjs.org/undici-types cache-miss
165 http fetch GET 200 https://registry.npmjs.org/@tanstack%2fquery-core 237ms (cache miss)
166 silly packumentCache full:https://registry.npmjs.org/@tanstack%2fquery-core set size:undefined disposed:false
167 silly fetch manifest csstype@^3.2.2
168 silly packumentCache full:https://registry.npmjs.org/csstype cache-miss
169 http fetch GET 200 https://registry.npmjs.org/@scure%2fbip39 78ms (cache miss)
170 silly packumentCache full:https://registry.npmjs.org/@scure%2fbip39 set size:undefined disposed:false
171 silly fetch manifest picocolors@^1.1.1
172 silly packumentCache full:https://registry.npmjs.org/picocolors cache-miss
173 http fetch GET 200 https://registry.npmjs.org/@scure%2fbip32 106ms (cache miss)
174 silly packumentCache full:https://registry.npmjs.org/@scure%2fbip32 set size:undefined disposed:false
175 silly fetch manifest fraction.js@^5.3.4
176 silly packumentCache full:https://registry.npmjs.org/fraction.js cache-miss
177 http fetch GET 200 https://registry.npmjs.org/cuer 279ms (cache miss)
178 silly packumentCache full:https://registry.npmjs.org/cuer set size:undefined disposed:false
179 silly fetch manifest browserslist@^4.28.6
180 silly packumentCache full:https://registry.npmjs.org/browserslist cache-miss
181 http fetch GET 200 https://registry.npmjs.org/undici-types 77ms (cache miss)
182 silly packumentCache full:https://registry.npmjs.org/undici-types set size:undefined disposed:false
183 silly fetch manifest caniuse-lite@^1.0.30001806
184 silly packumentCache full:https://registry.npmjs.org/caniuse-lite cache-miss
185 http fetch GET 200 https://registry.npmjs.org/@noble%2fcurves 113ms (cache miss)
186 silly packumentCache full:https://registry.npmjs.org/@noble%2fcurves set size:undefined disposed:false
187 silly fetch manifest postcss-value-parser@^4.2.0
188 silly packumentCache full:https://registry.npmjs.org/postcss-value-parser cache-miss
189 http fetch GET 200 https://registry.npmjs.org/@noble%2fhashes 100ms (cache miss)
190 silly packumentCache full:https://registry.npmjs.org/@noble%2fhashes set size:undefined disposed:false
191 silly fetch manifest nanoid@^3.3.17
192 silly packumentCache full:https://registry.npmjs.org/nanoid cache-miss
193 http fetch GET 200 https://registry.npmjs.org/picocolors 55ms (cache miss)
194 silly packumentCache full:https://registry.npmjs.org/picocolors set size:undefined disposed:false
195 silly fetch manifest source-map-js@^1.2.1
196 silly packumentCache full:https://registry.npmjs.org/source-map-js cache-miss
197 http fetch GET 200 https://registry.npmjs.org/csstype 67ms (cache miss)
198 silly packumentCache full:https://registry.npmjs.org/csstype set size:undefined disposed:false
199 silly fetch manifest postcss@8.4.31
200 silly packumentCache full:https://registry.npmjs.org/postcss cache-miss
201 http cache https://registry.npmjs.org/postcss 12ms (cache hit)
202 silly packumentCache full:https://registry.npmjs.org/postcss set size:760024 disposed:false
203 silly fetch manifest @next/env@15.5.24
204 silly packumentCache full:https://registry.npmjs.org/@next%2fenv cache-miss
205 http fetch GET 200 https://registry.npmjs.org/fraction.js 66ms (cache miss)
206 silly packumentCache full:https://registry.npmjs.org/fraction.js set size:undefined disposed:false
207 silly fetch manifest styled-jsx@5.1.6
208 silly packumentCache full:https://registry.npmjs.org/styled-jsx cache-miss
209 http fetch GET 200 https://registry.npmjs.org/postcss-value-parser 56ms (cache miss)
210 silly packumentCache full:https://registry.npmjs.org/postcss-value-parser set size:undefined disposed:false
211 silly fetch manifest @swc/helpers@0.5.15
212 silly packumentCache full:https://registry.npmjs.org/@swc%2fhelpers cache-miss
213 http fetch GET 200 https://registry.npmjs.org/source-map-js 49ms (cache miss)
214 silly packumentCache full:https://registry.npmjs.org/source-map-js set size:undefined disposed:false
215 silly fetch manifest caniuse-lite@^1.0.30001579
216 silly packumentCache full:https://registry.npmjs.org/caniuse-lite cache-miss
217 http fetch GET 200 https://registry.npmjs.org/browserslist 83ms (cache miss)
218 silly packumentCache full:https://registry.npmjs.org/browserslist set size:undefined disposed:false
219 silly fetch manifest sharp@^0.34.3 || ^0.35.3
220 silly packumentCache full:https://registry.npmjs.org/sharp cache-miss
221 http fetch GET 200 https://registry.npmjs.org/nanoid 70ms (cache miss)
222 silly packumentCache full:https://registry.npmjs.org/nanoid set size:undefined disposed:false
223 silly fetch manifest @next/swc-darwin-x64@15.5.24
224 silly packumentCache full:https://registry.npmjs.org/@next%2fswc-darwin-x64 cache-miss
225 http fetch GET 200 https://registry.npmjs.org/use-sync-external-store 395ms (cache miss)
226 silly packumentCache full:https://registry.npmjs.org/use-sync-external-store set size:undefined disposed:false
227 silly fetch manifest @next/swc-darwin-arm64@15.5.24
228 silly packumentCache full:https://registry.npmjs.org/@next%2fswc-darwin-arm64 cache-miss
229 http fetch GET 200 https://registry.npmjs.org/styled-jsx 83ms (cache miss)
230 silly packumentCache full:https://registry.npmjs.org/styled-jsx set size:undefined disposed:false
231 silly fetch manifest @next/swc-linux-x64-gnu@15.5.24
232 silly packumentCache full:https://registry.npmjs.org/@next%2fswc-linux-x64-gnu cache-miss
233 http fetch GET 200 https://registry.npmjs.org/scheduler 440ms (cache miss)
234 silly packumentCache full:https://registry.npmjs.org/scheduler set size:undefined disposed:false
235 silly fetch manifest @next/swc-linux-x64-musl@15.5.24
236 silly packumentCache full:https://registry.npmjs.org/@next%2fswc-linux-x64-musl cache-miss
237 http fetch GET 200 https://registry.npmjs.org/@swc%2fhelpers 111ms (cache miss)
238 silly packumentCache full:https://registry.npmjs.org/@swc%2fhelpers set size:undefined disposed:false
239 silly fetch manifest @next/swc-win32-x64-msvc@15.5.24
240 silly packumentCache full:https://registry.npmjs.org/@next%2fswc-win32-x64-msvc cache-miss
241 http fetch GET 200 https://registry.npmjs.org/sharp 116ms (cache miss)
242 silly packumentCache full:https://registry.npmjs.org/sharp set size:undefined disposed:false
243 silly fetch manifest @next/swc-linux-arm64-gnu@15.5.24
244 silly packumentCache full:https://registry.npmjs.org/@next%2fswc-linux-arm64-gnu cache-miss
245 http fetch GET 200 https://registry.npmjs.org/ox 489ms (cache miss)
246 silly packumentCache full:https://registry.npmjs.org/ox set size:undefined disposed:false
247 silly fetch manifest @next/swc-linux-arm64-musl@15.5.24
248 silly packumentCache full:https://registry.npmjs.org/@next%2fswc-linux-arm64-musl cache-miss
249 http fetch GET 200 https://registry.npmjs.org/caniuse-lite 244ms (cache miss)
250 silly packumentCache full:https://registry.npmjs.org/caniuse-lite set size:undefined disposed:false
251 silly fetch manifest @next/swc-win32-arm64-msvc@15.5.24
252 silly packumentCache full:https://registry.npmjs.org/@next%2fswc-win32-arm64-msvc cache-miss
253 http fetch GET 200 https://registry.npmjs.org/caniuse-lite 221ms (cache miss)
254 silly packumentCache full:https://registry.npmjs.org/caniuse-lite set size:undefined disposed:false
255 silly fetch manifest clsx@^2.0.0
256 silly packumentCache full:https://registry.npmjs.org/clsx cache-miss
257 http cache https://registry.npmjs.org/clsx 11ms (cache hit)
258 silly packumentCache full:https://registry.npmjs.org/clsx set size:42506 disposed:false
259 silly fetch manifest lodash@^4.17.21
260 silly packumentCache full:https://registry.npmjs.org/lodash cache-miss
261 http fetch GET 200 https://registry.npmjs.org/@next%2fswc-darwin-x64 295ms (cache miss)
262 silly packumentCache full:https://registry.npmjs.org/@next%2fswc-darwin-x64 set size:undefined disposed:false
263 silly fetch manifest react-is@^18.3.1
264 silly packumentCache full:https://registry.npmjs.org/react-is cache-miss
265 http fetch GET 200 https://registry.npmjs.org/lodash 123ms (cache miss)
266 silly packumentCache full:https://registry.npmjs.org/lodash set size:undefined disposed:false
267 silly fetch manifest react-smooth@^4.0.4
268 silly packumentCache full:https://registry.npmjs.org/react-smooth cache-miss
269 http fetch GET 200 https://registry.npmjs.org/@vanilla-extract%2fdynamic 751ms (cache miss)
270 silly packumentCache full:https://registry.npmjs.org/@vanilla-extract%2fdynamic set size:undefined disposed:false
271 silly fetch manifest eventemitter3@^4.0.1
272 silly packumentCache full:https://registry.npmjs.org/eventemitter3 cache-miss
273 http fetch GET 200 https://registry.npmjs.org/@vanilla-extract%2fsprinkles 759ms (cache miss)
274 silly packumentCache full:https://registry.npmjs.org/@vanilla-extract%2fsprinkles set size:undefined disposed:false
275 silly fetch manifest recharts-scale@^0.4.4
276 silly packumentCache full:https://registry.npmjs.org/recharts-scale cache-miss
277 http fetch GET 200 https://registry.npmjs.org/@next%2fswc-linux-x64-gnu 342ms (cache miss)
278 silly packumentCache full:https://registry.npmjs.org/@next%2fswc-linux-x64-gnu set size:undefined disposed:false
279 silly fetch manifest tiny-invariant@^1.3.1
280 silly packumentCache full:https://registry.npmjs.org/tiny-invariant cache-miss
281 http fetch GET 200 https://registry.npmjs.org/@vanilla-extract%2fcss 811ms (cache miss)
282 silly packumentCache full:https://registry.npmjs.org/@vanilla-extract%2fcss set size:undefined disposed:false
283 silly fetch manifest victory-vendor@^36.6.8
284 silly packumentCache full:https://registry.npmjs.org/victory-vendor cache-miss
285 http fetch GET 200 https://registry.npmjs.org/@next%2fswc-darwin-arm64 411ms (cache miss)
286 silly packumentCache full:https://registry.npmjs.org/@next%2fswc-darwin-arm64 set size:undefined disposed:false
287 silly fetch manifest arg@^5.0.2
288 silly packumentCache full:https://registry.npmjs.org/arg cache-miss
289 http fetch GET 200 https://registry.npmjs.org/recharts-scale 88ms (cache miss)
290 silly packumentCache full:https://registry.npmjs.org/recharts-scale set size:undefined disposed:false
291 silly fetch manifest dlv@^1.1.3
292 silly packumentCache full:https://registry.npmjs.org/dlv cache-miss
293 http fetch GET 200 https://registry.npmjs.org/eventemitter3 113ms (cache miss)
294 silly packumentCache full:https://registry.npmjs.org/eventemitter3 set size:undefined disposed:false
295 silly fetch manifest jiti@^1.21.7
296 silly packumentCache full:https://registry.npmjs.org/jiti cache-miss
297 http fetch GET 200 https://registry.npmjs.org/tiny-invariant 85ms (cache miss)
298 silly packumentCache full:https://registry.npmjs.org/tiny-invariant set size:undefined disposed:false
299 silly fetch manifest is-glob@^4.0.3
300 silly packumentCache full:https://registry.npmjs.org/is-glob cache-miss
301 http fetch GET 200 https://registry.npmjs.org/@next%2fenv 549ms (cache miss)
302 silly packumentCache full:https://registry.npmjs.org/@next%2fenv set size:undefined disposed:false
303 silly fetch manifest resolve@^1.22.8
304 silly packumentCache full:https://registry.npmjs.org/resolve cache-miss
305 http fetch GET 200 https://registry.npmjs.org/victory-vendor 94ms (cache miss)
306 silly packumentCache full:https://registry.npmjs.org/victory-vendor set size:undefined disposed:false
307 silly fetch manifest sucrase@^3.35.0
308 silly packumentCache full:https://registry.npmjs.org/sucrase cache-miss
309 http fetch GET 200 https://registry.npmjs.org/dlv 72ms (cache miss)
310 silly packumentCache full:https://registry.npmjs.org/dlv set size:undefined disposed:false
311 silly fetch manifest chokidar@^3.6.0
312 silly packumentCache full:https://registry.npmjs.org/chokidar cache-miss
313 http fetch GET 200 https://registry.npmjs.org/arg 91ms (cache miss)
314 silly packumentCache full:https://registry.npmjs.org/arg set size:undefined disposed:false
315 silly fetch manifest fast-glob@^3.3.2
316 silly packumentCache full:https://registry.npmjs.org/fast-glob cache-miss
317 http fetch GET 200 https://registry.npmjs.org/is-glob 64ms (cache miss)
318 silly packumentCache full:https://registry.npmjs.org/is-glob set size:undefined disposed:false
319 silly fetch manifest lilconfig@^3.1.3
320 silly packumentCache full:https://registry.npmjs.org/lilconfig cache-miss
321 http fetch GET 200 https://registry.npmjs.org/@next%2fswc-win32-x64-msvc 474ms (cache miss)
322 silly packumentCache full:https://registry.npmjs.org/@next%2fswc-win32-x64-msvc set size:undefined disposed:false
323 silly fetch manifest didyoumean@^1.2.2
324 silly packumentCache full:https://registry.npmjs.org/didyoumean cache-miss
325 http fetch GET 200 https://registry.npmjs.org/jiti 110ms (cache miss)
326 silly packumentCache full:https://registry.npmjs.org/jiti set size:undefined disposed:false
327 silly fetch manifest micromatch@^4.0.8
328 silly packumentCache full:https://registry.npmjs.org/micromatch cache-miss
329 http fetch GET 200 https://registry.npmjs.org/@next%2fswc-linux-arm64-gnu 499ms (cache miss)
330 silly packumentCache full:https://registry.npmjs.org/@next%2fswc-linux-arm64-gnu set size:undefined disposed:false
331 silly fetch manifest postcss-js@^4.0.1
332 silly packumentCache full:https://registry.npmjs.org/postcss-js cache-miss
333 http fetch GET 200 https://registry.npmjs.org/@wagmi%2fconnectors 1005ms (cache miss)
334 silly packumentCache full:https://registry.npmjs.org/@wagmi%2fconnectors set size:undefined disposed:false
335 silly fetch manifest glob-parent@^6.0.2
336 silly packumentCache full:https://registry.npmjs.org/glob-parent cache-miss
337 http fetch GET 200 https://registry.npmjs.org/react-smooth 299ms (cache miss)
338 silly packumentCache full:https://registry.npmjs.org/react-smooth set size:undefined disposed:false
339 silly fetch manifest object-hash@^3.0.0
340 silly packumentCache full:https://registry.npmjs.org/object-hash cache-miss
341 http fetch GET 200 https://registry.npmjs.org/fast-glob 101ms (cache miss)
342 silly packumentCache full:https://registry.npmjs.org/fast-glob set size:undefined disposed:false
343 silly fetch manifest normalize-path@^3.0.0
344 silly packumentCache full:https://registry.npmjs.org/normalize-path cache-miss
345 http fetch GET 200 https://registry.npmjs.org/resolve 131ms (cache miss)
346 silly packumentCache full:https://registry.npmjs.org/resolve set size:undefined disposed:false
347 silly fetch manifest postcss-import@^15.1.0
348 silly packumentCache full:https://registry.npmjs.org/postcss-import cache-miss
349 http fetch GET 200 https://registry.npmjs.org/chokidar 113ms (cache miss)
350 silly packumentCache full:https://registry.npmjs.org/chokidar set size:undefined disposed:false
351 silly fetch manifest postcss-nested@^6.2.0
352 silly packumentCache full:https://registry.npmjs.org/postcss-nested cache-miss
353 http fetch GET 200 https://registry.npmjs.org/lilconfig 103ms (cache miss)
354 silly packumentCache full:https://registry.npmjs.org/lilconfig set size:undefined disposed:false
355 silly fetch manifest @alloc/quick-lru@^5.2.0
356 silly packumentCache full:https://registry.npmjs.org/@alloc%2fquick-lru cache-miss
357 http fetch GET 200 https://registry.npmjs.org/sucrase 132ms (cache miss)
358 silly packumentCache full:https://registry.npmjs.org/sucrase set size:undefined disposed:false
359 silly fetch manifest postcss-load-config@^4.0.2 || ^5.0 || ^6.0
360 silly packumentCache full:https://registry.npmjs.org/postcss-load-config cache-miss
361 http fetch GET 200 https://registry.npmjs.org/didyoumean 86ms (cache miss)
362 silly packumentCache full:https://registry.npmjs.org/didyoumean set size:undefined disposed:false
363 silly fetch manifest postcss-selector-parser@^6.1.2
364 silly packumentCache full:https://registry.npmjs.org/postcss-selector-parser cache-miss
365 http fetch GET 200 https://registry.npmjs.org/@wagmi%2fcore 1048ms (cache miss)
366 silly packumentCache full:https://registry.npmjs.org/@wagmi%2fcore set size:undefined disposed:false
367 http fetch GET 200 https://registry.npmjs.org/micromatch 89ms (cache miss)
368 silly packumentCache full:https://registry.npmjs.org/micromatch set size:undefined disposed:false
369 http fetch GET 200 https://registry.npmjs.org/normalize-path 49ms (cache miss)
370 silly packumentCache full:https://registry.npmjs.org/normalize-path set size:undefined disposed:false
371 http fetch GET 200 https://registry.npmjs.org/postcss-js 80ms (cache miss)
372 silly packumentCache full:https://registry.npmjs.org/postcss-js set size:undefined disposed:false
373 http fetch GET 200 https://registry.npmjs.org/object-hash 57ms (cache miss)
374 silly packumentCache full:https://registry.npmjs.org/object-hash set size:undefined disposed:false
375 http fetch GET 200 https://registry.npmjs.org/postcss-import 51ms (cache miss)
376 silly packumentCache full:https://registry.npmjs.org/postcss-import set size:undefined disposed:false
377 http fetch GET 200 https://registry.npmjs.org/@next%2fswc-linux-arm64-musl 570ms (cache miss)
378 silly packumentCache full:https://registry.npmjs.org/@next%2fswc-linux-arm64-musl set size:undefined disposed:false
379 http fetch GET 200 https://registry.npmjs.org/postcss-nested 66ms (cache miss)
380 silly packumentCache full:https://registry.npmjs.org/postcss-nested set size:undefined disposed:false
381 http fetch GET 200 https://registry.npmjs.org/@next%2fswc-win32-arm64-msvc 563ms (cache miss)
382 silly packumentCache full:https://registry.npmjs.org/@next%2fswc-win32-arm64-msvc set size:undefined disposed:false
383 http fetch GET 200 https://registry.npmjs.org/postcss-load-config 97ms (cache miss)
384 silly packumentCache full:https://registry.npmjs.org/postcss-load-config set size:undefined disposed:false
385 http fetch GET 200 https://registry.npmjs.org/postcss-selector-parser 97ms (cache miss)
386 silly packumentCache full:https://registry.npmjs.org/postcss-selector-parser set size:undefined disposed:false
387 http fetch GET 200 https://registry.npmjs.org/@alloc%2fquick-lru 105ms (cache miss)
388 silly packumentCache full:https://registry.npmjs.org/@alloc%2fquick-lru set size:undefined disposed:false
389 http fetch GET 200 https://registry.npmjs.org/react-is 473ms (cache miss)
390 silly packumentCache full:https://registry.npmjs.org/react-is set size:undefined disposed:false
391 http fetch GET 200 https://registry.npmjs.org/@next%2fswc-linux-x64-musl 727ms (cache miss)
392 silly packumentCache full:https://registry.npmjs.org/@next%2fswc-linux-x64-musl set size:undefined disposed:false
393 http fetch GET 200 https://registry.npmjs.org/glob-parent 292ms (cache miss)
394 silly packumentCache full:https://registry.npmjs.org/glob-parent set size:undefined disposed:false
395 silly fetch manifest react@>=18
396 silly packumentCache full:https://registry.npmjs.org/react cache-miss
397 http cache https://registry.npmjs.org/react 16ms (cache hit)
398 silly packumentCache full:https://registry.npmjs.org/react set size:6926968 disposed:false
399 silly fetch manifest react-dom@>=18
400 silly packumentCache full:https://registry.npmjs.org/react-dom cache-miss
401 http cache https://registry.npmjs.org/react-dom 21ms (cache hit)
402 silly packumentCache full:https://registry.npmjs.org/react-dom set size:9313795 disposed:false
403 silly fetch manifest typescript@>=5.4.0
404 silly packumentCache full:https://registry.npmjs.org/typescript cache-miss
405 http cache https://registry.npmjs.org/typescript 32ms (cache hit)
406 silly packumentCache full:https://registry.npmjs.org/typescript set size:15618607 disposed:false
407 silly fetch manifest @types/react@*
408 silly packumentCache full:https://registry.npmjs.org/@types%2freact cache-miss
409 http cache https://registry.npmjs.org/@types%2freact 12ms (cache hit)
410 silly packumentCache full:https://registry.npmjs.org/@types%2freact set size:2637439 disposed:false
411 silly placeDep ROOT @vanilla-extract/css@1.20.1 OK for: @rainbow-me/rainbowkit@2.2.11 want: 1.20.1
412 silly placeDep ROOT @vanilla-extract/dynamic@2.1.5 OK for: @rainbow-me/rainbowkit@2.2.11 want: 2.1.5
413 silly placeDep ROOT @vanilla-extract/sprinkles@1.6.5 OK for: @rainbow-me/rainbowkit@2.2.11 want: 1.6.5
414 silly placeDep ROOT clsx@2.1.1 OK for: @rainbow-me/rainbowkit@2.2.11 want: 2.1.1
415 silly placeDep ROOT cuer@0.0.3 OK for: @rainbow-me/rainbowkit@2.2.11 want: 0.0.3
416 silly placeDep ROOT react-remove-scroll@2.7.2 OK for: @rainbow-me/rainbowkit@2.2.11 want: 2.7.2
417 silly placeDep ROOT ua-parser-js@2.0.10 OK for: @rainbow-me/rainbowkit@2.2.11 want: ^2.0.9
418 silly fetch manifest dedent@^1.5.3
419 silly packumentCache full:https://registry.npmjs.org/dedent cache-miss
420 silly fetch manifest csstype@^3.2.3
421 silly packumentCache full:https://registry.npmjs.org/csstype cache-miss
422 silly fetch manifest css-what@^6.1.0
423 silly packumentCache full:https://registry.npmjs.org/css-what cache-miss
424 silly fetch manifest deepmerge@^4.2.2
425 silly packumentCache full:https://registry.npmjs.org/deepmerge cache-miss
426 silly fetch manifest lru-cache@^10.4.3
427 silly packumentCache full:https://registry.npmjs.org/lru-cache cache-miss
428 silly fetch manifest picocolors@^1.0.0
429 silly packumentCache full:https://registry.npmjs.org/picocolors cache-miss
430 silly fetch manifest @emotion/hash@^0.9.0
431 silly packumentCache full:https://registry.npmjs.org/@emotion%2fhash cache-miss
432 silly fetch manifest deep-object-diff@^1.1.9
433 silly packumentCache full:https://registry.npmjs.org/deep-object-diff cache-miss
434 silly fetch manifest media-query-parser@^2.0.2
435 silly packumentCache full:https://registry.npmjs.org/media-query-parser cache-miss
436 silly fetch manifest modern-ahocorasick@^1.0.0
437 silly packumentCache full:https://registry.npmjs.org/modern-ahocorasick cache-miss
438 silly fetch manifest @vanilla-extract/private@^1.0.9
439 silly packumentCache full:https://registry.npmjs.org/@vanilla-extract%2fprivate cache-miss
440 silly fetch manifest @vanilla-extract/private@^1.0.9
441 silly packumentCache full:https://registry.npmjs.org/@vanilla-extract%2fprivate cache-miss
442 silly fetch manifest qr@~0
443 silly packumentCache full:https://registry.npmjs.org/qr cache-miss
444 silly fetch manifest react-remove-scroll-bar@^2.3.7
445 silly packumentCache full:https://registry.npmjs.org/react-remove-scroll-bar cache-miss
446 silly fetch manifest react-style-singleton@^2.2.3
447 silly packumentCache full:https://registry.npmjs.org/react-style-singleton cache-miss
448 http cache https://registry.npmjs.org/picocolors 13ms (cache hit)
449 silly packumentCache full:https://registry.npmjs.org/picocolors set size:16648 disposed:false
450 silly fetch manifest tslib@^2.1.0
451 silly packumentCache full:https://registry.npmjs.org/tslib cache-miss
452 http cache https://registry.npmjs.org/csstype 16ms (cache hit)
453 silly packumentCache full:https://registry.npmjs.org/csstype set size:274189 disposed:false
454 silly fetch manifest use-callback-ref@^1.3.3
455 silly packumentCache full:https://registry.npmjs.org/use-callback-ref cache-miss
456 http fetch GET 200 https://registry.npmjs.org/dedent 134ms (cache miss)
457 silly packumentCache full:https://registry.npmjs.org/dedent set size:undefined disposed:false
458 silly fetch manifest use-sidecar@^1.1.3
459 silly packumentCache full:https://registry.npmjs.org/use-sidecar cache-miss
460 http fetch GET 200 https://registry.npmjs.org/@emotion%2fhash 135ms (cache miss)
461 silly packumentCache full:https://registry.npmjs.org/@emotion%2fhash set size:undefined disposed:false
462 silly fetch manifest detect-europe-js@^0.1.2
463 silly packumentCache full:https://registry.npmjs.org/detect-europe-js cache-miss
464 http fetch GET 200 https://registry.npmjs.org/react-style-singleton 136ms (cache miss)
465 silly packumentCache full:https://registry.npmjs.org/react-style-singleton set size:undefined disposed:false
466 silly fetch manifest is-standalone-pwa@^0.1.1
467 silly packumentCache full:https://registry.npmjs.org/is-standalone-pwa cache-miss
468 http fetch GET 200 https://registry.npmjs.org/deep-object-diff 139ms (cache miss)
469 silly packumentCache full:https://registry.npmjs.org/deep-object-diff set size:undefined disposed:false
470 silly fetch manifest ua-is-frozen@^0.1.2
471 silly packumentCache full:https://registry.npmjs.org/ua-is-frozen cache-miss
472 http fetch GET 200 https://registry.npmjs.org/use-callback-ref 124ms (cache miss)
473 silly packumentCache full:https://registry.npmjs.org/use-callback-ref set size:undefined disposed:false
474 http fetch GET 200 https://registry.npmjs.org/react-remove-scroll-bar 141ms (cache miss)
475 silly packumentCache full:https://registry.npmjs.org/react-remove-scroll-bar set size:undefined disposed:false
476 http fetch GET 200 https://registry.npmjs.org/css-what 144ms (cache miss)
477 silly packumentCache full:https://registry.npmjs.org/css-what set size:undefined disposed:false
478 http fetch GET 200 https://registry.npmjs.org/deepmerge 144ms (cache miss)
479 silly packumentCache full:https://registry.npmjs.org/deepmerge set size:undefined disposed:false
480 http fetch GET 200 https://registry.npmjs.org/tslib 131ms (cache miss)
481 silly packumentCache full:https://registry.npmjs.org/tslib set size:undefined disposed:false
482 http fetch GET 200 https://registry.npmjs.org/lru-cache 147ms (cache miss)
483 silly packumentCache full:https://registry.npmjs.org/lru-cache set size:undefined disposed:false
484 http fetch GET 200 https://registry.npmjs.org/detect-europe-js 38ms (cache miss)
485 silly packumentCache full:https://registry.npmjs.org/detect-europe-js set size:undefined disposed:false
486 http fetch GET 200 https://registry.npmjs.org/use-sidecar 48ms (cache miss)
487 silly packumentCache full:https://registry.npmjs.org/use-sidecar set size:undefined disposed:false
488 http fetch GET 200 https://registry.npmjs.org/ua-is-frozen 50ms (cache miss)
489 silly packumentCache full:https://registry.npmjs.org/ua-is-frozen set size:undefined disposed:false
490 http fetch GET 200 https://registry.npmjs.org/is-standalone-pwa 53ms (cache miss)
491 silly packumentCache full:https://registry.npmjs.org/is-standalone-pwa set size:undefined disposed:false
492 http fetch GET 200 https://registry.npmjs.org/modern-ahocorasick 230ms (cache miss)
493 silly packumentCache full:https://registry.npmjs.org/modern-ahocorasick set size:undefined disposed:false
494 http fetch GET 200 https://registry.npmjs.org/media-query-parser 273ms (cache miss)
495 silly packumentCache full:https://registry.npmjs.org/media-query-parser set size:undefined disposed:false
496 http fetch GET 200 https://registry.npmjs.org/qr 273ms (cache miss)
497 silly packumentCache full:https://registry.npmjs.org/qr set size:undefined disposed:false
498 http fetch GET 200 https://registry.npmjs.org/@vanilla-extract%2fprivate 441ms (cache miss)
499 silly packumentCache full:https://registry.npmjs.org/@vanilla-extract%2fprivate set size:undefined disposed:false
500 http fetch GET 200 https://registry.npmjs.org/@vanilla-extract%2fprivate 447ms (cache miss)
501 silly packumentCache full:https://registry.npmjs.org/@vanilla-extract%2fprivate set size:undefined disposed:false
502 silly placeDep ROOT @tanstack/query-core@5.102.8 OK for: @tanstack/react-query@5.102.8 want: 5.102.8
503 silly placeDep ROOT undici-types@6.21.0 OK for: @types/node@22.20.1 want: ~6.21.0
504 silly placeDep ROOT csstype@3.2.3 OK for: @types/react@19.2.18 want: ^3.2.2
505 silly fetch manifest babel-plugin-macros@^3.1.0
506 silly packumentCache full:https://registry.npmjs.org/babel-plugin-macros cache-miss
507 http fetch GET 200 https://registry.npmjs.org/babel-plugin-macros 50ms (cache miss)
508 silly packumentCache full:https://registry.npmjs.org/babel-plugin-macros set size:undefined disposed:false
509 silly placeDep ROOT @emotion/hash@0.9.2 OK for: @vanilla-extract/css@1.20.1 want: ^0.9.0
510 silly placeDep ROOT @vanilla-extract/private@1.0.9 OK for: @vanilla-extract/css@1.20.1 want: ^1.0.9
511 silly placeDep ROOT css-what@6.2.2 OK for: @vanilla-extract/css@1.20.1 want: ^6.1.0
512 silly placeDep ROOT dedent@1.7.2 OK for: @vanilla-extract/css@1.20.1 want: ^1.5.3
513 silly placeDep ROOT deep-object-diff@1.1.9 OK for: @vanilla-extract/css@1.20.1 want: ^1.1.9
514 silly placeDep ROOT deepmerge@4.3.1 OK for: @vanilla-extract/css@1.20.1 want: ^4.2.2
515 silly placeDep ROOT lru-cache@10.4.3 OK for: @vanilla-extract/css@1.20.1 want: ^10.4.3
516 silly placeDep ROOT media-query-parser@2.0.2 OK for: @vanilla-extract/css@1.20.1 want: ^2.0.2
517 silly placeDep ROOT modern-ahocorasick@1.1.0 OK for: @vanilla-extract/css@1.20.1 want: ^1.0.0
518 silly placeDep ROOT picocolors@1.1.1 OK for: @vanilla-extract/css@1.20.1 want: ^1.0.0
519 silly fetch manifest @babel/runtime@^7.12.5
520 silly packumentCache full:https://registry.npmjs.org/@babel%2fruntime cache-miss
521 http fetch GET 200 https://registry.npmjs.org/@babel%2fruntime 195ms (cache miss)
522 silly packumentCache full:https://registry.npmjs.org/@babel%2fruntime set size:undefined disposed:false
523 silly placeDep ROOT browserslist@4.28.8 OK for: autoprefixer@10.5.4 want: ^4.28.6
524 silly placeDep ROOT caniuse-lite@1.0.30001810 OK for: autoprefixer@10.5.4 want: ^1.0.30001806
525 silly placeDep ROOT fraction.js@5.3.4 OK for: autoprefixer@10.5.4 want: ^5.3.4
526 silly placeDep ROOT postcss-value-parser@4.2.0 OK for: autoprefixer@10.5.4 want: ^4.2.0
527 silly fetch manifest caniuse-lite@^1.0.30001809
528 silly packumentCache full:https://registry.npmjs.org/caniuse-lite cache-miss
529 silly fetch manifest node-releases@^2.0.53
530 silly packumentCache full:https://registry.npmjs.org/node-releases cache-miss
531 silly fetch manifest electron-to-chromium@^1.5.402
532 silly packumentCache full:https://registry.npmjs.org/electron-to-chromium cache-miss
533 silly fetch manifest update-browserslist-db@^1.3.0
534 silly packumentCache full:https://registry.npmjs.org/update-browserslist-db cache-miss
535 silly fetch manifest baseline-browser-mapping@^2.11.12
536 silly packumentCache full:https://registry.npmjs.org/baseline-browser-mapping cache-miss
537 http cache https://registry.npmjs.org/caniuse-lite 10ms (cache hit)
538 silly packumentCache full:https://registry.npmjs.org/caniuse-lite set size:2313344 disposed:false
539 http fetch GET 200 https://registry.npmjs.org/update-browserslist-db 63ms (cache miss)
540 silly packumentCache full:https://registry.npmjs.org/update-browserslist-db set size:undefined disposed:false
541 http fetch GET 200 https://registry.npmjs.org/node-releases 64ms (cache miss)
542 silly packumentCache full:https://registry.npmjs.org/node-releases set size:undefined disposed:false
543 http fetch GET 200 https://registry.npmjs.org/baseline-browser-mapping 72ms (cache miss)
544 silly packumentCache full:https://registry.npmjs.org/baseline-browser-mapping set size:undefined disposed:false
545 http fetch GET 200 https://registry.npmjs.org/electron-to-chromium 204ms (cache miss)
546 silly packumentCache full:https://registry.npmjs.org/electron-to-chromium set size:undefined disposed:false
547 silly fetch manifest browserslist@>= 4.21.0
548 silly packumentCache full:https://registry.npmjs.org/browserslist cache-miss
549 http cache https://registry.npmjs.org/browserslist 9ms (cache hit)
550 silly packumentCache full:https://registry.npmjs.org/browserslist set size:518659 disposed:false
551 silly placeDep ROOT baseline-browser-mapping@2.11.20 OK for: browserslist@4.28.8 want: ^2.11.12
552 silly placeDep ROOT electron-to-chromium@1.5.417 OK for: browserslist@4.28.8 want: ^1.5.402
553 silly placeDep ROOT node-releases@2.0.54 OK for: browserslist@4.28.8 want: ^2.0.53
554 silly placeDep ROOT update-browserslist-db@1.3.2 OK for: browserslist@4.28.8 want: ^1.3.0
555 silly fetch manifest escalade@^3.2.0
556 silly packumentCache full:https://registry.npmjs.org/escalade cache-miss
557 http fetch GET 200 https://registry.npmjs.org/escalade 42ms (cache miss)
558 silly packumentCache full:https://registry.npmjs.org/escalade set size:undefined disposed:false
559 silly placeDep ROOT qr@0.7.0 OK for: cuer@0.0.3 want: ~0
560 silly placeDep ROOT @babel/runtime@7.29.7 OK for: media-query-parser@2.0.2 want: ^7.12.5
561 silly fetch manifest react@^18.2.0 || 19.0.0-rc-de68d2f4-20241204 || ^19.0.0
562 silly packumentCache full:https://registry.npmjs.org/react cache-miss
563 http cache https://registry.npmjs.org/react 17ms (cache hit)
564 silly packumentCache full:https://registry.npmjs.org/react set size:6926968 disposed:false
565 silly placeDep ROOT @next/env@15.5.24 OK for: next@15.5.24 want: 15.5.24
566 silly placeDep ROOT @next/swc-darwin-arm64@15.5.24 OK for: next@15.5.24 want: 15.5.24
567 silly placeDep ROOT @next/swc-darwin-x64@15.5.24 OK for: next@15.5.24 want: 15.5.24
568 silly placeDep ROOT @next/swc-linux-arm64-gnu@15.5.24 OK for: next@15.5.24 want: 15.5.24
569 silly placeDep ROOT @next/swc-linux-arm64-musl@15.5.24 OK for: next@15.5.24 want: 15.5.24
570 silly placeDep ROOT @next/swc-linux-x64-gnu@15.5.24 OK for: next@15.5.24 want: 15.5.24
571 silly placeDep ROOT @next/swc-linux-x64-musl@15.5.24 OK for: next@15.5.24 want: 15.5.24
572 silly placeDep ROOT @next/swc-win32-arm64-msvc@15.5.24 OK for: next@15.5.24 want: 15.5.24
573 silly placeDep ROOT @next/swc-win32-x64-msvc@15.5.24 OK for: next@15.5.24 want: 15.5.24
574 silly placeDep ROOT @swc/helpers@0.5.15 OK for: next@15.5.24 want: 0.5.15
575 silly placeDep node_modules/next postcss@8.4.31 OK for: next@15.5.24 want: 8.4.31
576 silly placeDep ROOT sharp@0.35.4 OK for: next@15.5.24 want: ^0.34.3 || ^0.35.3
577 silly placeDep ROOT styled-jsx@5.1.6 OK for: next@15.5.24 want: 5.1.6
578 silly fetch manifest tslib@^2.8.0
579 silly packumentCache full:https://registry.npmjs.org/tslib cache-miss
580 silly fetch manifest nanoid@^3.3.6
581 silly packumentCache full:https://registry.npmjs.org/nanoid cache-miss
582 silly fetch manifest source-map-js@^1.0.2
583 silly packumentCache full:https://registry.npmjs.org/source-map-js cache-miss
584 silly fetch manifest semver@^7.8.5
585 silly packumentCache full:https://registry.npmjs.org/semver cache-miss
586 silly fetch manifest @img/colour@^1.1.0
587 silly packumentCache full:https://registry.npmjs.org/@img%2fcolour cache-miss
588 silly fetch manifest detect-libc@^2.1.2
589 silly packumentCache full:https://registry.npmjs.org/detect-libc cache-miss
590 silly fetch manifest @img/sharp-linux-arm@0.35.4
591 silly packumentCache full:https://registry.npmjs.org/@img%2fsharp-linux-arm cache-miss
592 silly fetch manifest @img/sharp-linux-x64@0.35.4
593 silly packumentCache full:https://registry.npmjs.org/@img%2fsharp-linux-x64 cache-miss
594 silly fetch manifest @img/sharp-win32-x64@0.35.4
595 silly packumentCache full:https://registry.npmjs.org/@img%2fsharp-win32-x64 cache-miss
596 silly fetch manifest @img/sharp-darwin-x64@0.35.4
597 silly packumentCache full:https://registry.npmjs.org/@img%2fsharp-darwin-x64 cache-miss
598 silly fetch manifest @img/sharp-win32-ia32@0.35.4
599 silly packumentCache full:https://registry.npmjs.org/@img%2fsharp-win32-ia32 cache-miss
600 silly fetch manifest @img/sharp-linux-arm64@0.35.4
601 silly packumentCache full:https://registry.npmjs.org/@img%2fsharp-linux-arm64 cache-miss
602 silly fetch manifest @img/sharp-linux-ppc64@0.35.4
603 silly packumentCache full:https://registry.npmjs.org/@img%2fsharp-linux-ppc64 cache-miss
604 silly fetch manifest @img/sharp-linux-s390x@0.35.4
605 silly packumentCache full:https://registry.npmjs.org/@img%2fsharp-linux-s390x cache-miss
606 silly fetch manifest @img/sharp-win32-arm64@0.35.4
607 silly packumentCache full:https://registry.npmjs.org/@img%2fsharp-win32-arm64 cache-miss
608 http cache https://registry.npmjs.org/tslib 15ms (cache hit)
609 silly packumentCache full:https://registry.npmjs.org/tslib set size:108843 disposed:false
610 silly fetch manifest @img/sharp-darwin-arm64@0.35.4
611 silly packumentCache full:https://registry.npmjs.org/@img%2fsharp-darwin-arm64 cache-miss
612 http cache https://registry.npmjs.org/source-map-js 17ms (cache hit)
613 silly packumentCache full:https://registry.npmjs.org/source-map-js set size:62640 disposed:false
614 silly fetch manifest @img/sharp-linux-riscv64@0.35.4
615 silly packumentCache full:https://registry.npmjs.org/@img%2fsharp-linux-riscv64 cache-miss
616 http cache https://registry.npmjs.org/nanoid 19ms (cache hit)
617 silly packumentCache full:https://registry.npmjs.org/nanoid set size:342705 disposed:false
618 silly fetch manifest @img/sharp-linuxmusl-x64@0.35.4
619 silly packumentCache full:https://registry.npmjs.org/@img%2fsharp-linuxmusl-x64 cache-miss
620 http fetch GET 200 https://registry.npmjs.org/@img%2fcolour 59ms (cache miss)
621 silly packumentCache full:https://registry.npmjs.org/@img%2fcolour set size:undefined disposed:false
622 silly fetch manifest @img/sharp-freebsd-wasm32@0.35.4
623 silly packumentCache full:https://registry.npmjs.org/@img%2fsharp-freebsd-wasm32 cache-miss
624 http fetch GET 200 https://registry.npmjs.org/detect-libc 62ms (cache miss)
625 silly packumentCache full:https://registry.npmjs.org/detect-libc set size:undefined disposed:false
626 silly fetch manifest @img/sharp-linuxmusl-arm64@0.35.4
627 silly packumentCache full:https://registry.npmjs.org/@img%2fsharp-linuxmusl-arm64 cache-miss
628 http fetch GET 200 https://registry.npmjs.org/semver 63ms (cache miss)
629 silly packumentCache full:https://registry.npmjs.org/semver set size:undefined disposed:false
630 silly fetch manifest @img/sharp-libvips-linux-arm@1.3.3
631 silly packumentCache full:https://registry.npmjs.org/@img%2fsharp-libvips-linux-arm cache-miss
632 http fetch GET 200 https://registry.npmjs.org/@img%2fsharp-win32-ia32 68ms (cache miss)
633 silly packumentCache full:https://registry.npmjs.org/@img%2fsharp-win32-ia32 set size:undefined disposed:false
634 silly fetch manifest @img/sharp-libvips-linux-x64@1.3.3
635 silly packumentCache full:https://registry.npmjs.org/@img%2fsharp-libvips-linux-x64 cache-miss
636 http fetch GET 200 https://registry.npmjs.org/@img%2fsharp-linux-s390x 72ms (cache miss)
637 silly packumentCache full:https://registry.npmjs.org/@img%2fsharp-linux-s390x set size:undefined disposed:false
638 silly fetch manifest @img/sharp-libvips-darwin-x64@1.3.3
639 silly packumentCache full:https://registry.npmjs.org/@img%2fsharp-libvips-darwin-x64 cache-miss
640 http fetch GET 200 https://registry.npmjs.org/@img%2fsharp-win32-x64 74ms (cache miss)
641 silly packumentCache full:https://registry.npmjs.org/@img%2fsharp-win32-x64 set size:undefined disposed:false
642 silly fetch manifest @img/sharp-libvips-linux-arm64@1.3.3
643 silly packumentCache full:https://registry.npmjs.org/@img%2fsharp-libvips-linux-arm64 cache-miss
644 http fetch GET 200 https://registry.npmjs.org/@img%2fsharp-linux-arm64 76ms (cache miss)
645 silly packumentCache full:https://registry.npmjs.org/@img%2fsharp-linux-arm64 set size:undefined disposed:false
646 silly fetch manifest @img/sharp-libvips-linux-ppc64@1.3.3
647 silly packumentCache full:https://registry.npmjs.org/@img%2fsharp-libvips-linux-ppc64 cache-miss
648 http fetch GET 200 https://registry.npmjs.org/@img%2fsharp-linux-arm 82ms (cache miss)
649 silly packumentCache full:https://registry.npmjs.org/@img%2fsharp-linux-arm set size:undefined disposed:false
650 silly fetch manifest @img/sharp-libvips-linux-s390x@1.3.3
651 silly packumentCache full:https://registry.npmjs.org/@img%2fsharp-libvips-linux-s390x cache-miss
652 http fetch GET 200 https://registry.npmjs.org/@img%2fsharp-darwin-x64 83ms (cache miss)
653 silly packumentCache full:https://registry.npmjs.org/@img%2fsharp-darwin-x64 set size:undefined disposed:false
654 silly fetch manifest @img/sharp-libvips-darwin-arm64@1.3.3
655 silly packumentCache full:https://registry.npmjs.org/@img%2fsharp-libvips-darwin-arm64 cache-miss
656 http fetch GET 200 https://registry.npmjs.org/@img%2fsharp-linuxmusl-x64 68ms (cache miss)
657 silly packumentCache full:https://registry.npmjs.org/@img%2fsharp-linuxmusl-x64 set size:undefined disposed:false
658 silly fetch manifest @img/sharp-webcontainers-wasm32@0.35.4
659 silly packumentCache full:https://registry.npmjs.org/@img%2fsharp-webcontainers-wasm32 cache-miss
660 http fetch GET 200 https://registry.npmjs.org/@img%2fsharp-linux-ppc64 88ms (cache miss)
661 silly packumentCache full:https://registry.npmjs.org/@img%2fsharp-linux-ppc64 set size:undefined disposed:false
662 silly fetch manifest @img/sharp-libvips-linux-riscv64@1.3.3
663 silly packumentCache full:https://registry.npmjs.org/@img%2fsharp-libvips-linux-riscv64 cache-miss
664 http fetch GET 200 https://registry.npmjs.org/@img%2fsharp-darwin-arm64 79ms (cache miss)
665 silly packumentCache full:https://registry.npmjs.org/@img%2fsharp-darwin-arm64 set size:undefined disposed:false
666 silly fetch manifest @img/sharp-libvips-linuxmusl-x64@1.3.3
667 silly packumentCache full:https://registry.npmjs.org/@img%2fsharp-libvips-linuxmusl-x64 cache-miss
668 http fetch GET 200 https://registry.npmjs.org/@img%2fsharp-linux-riscv64 80ms (cache miss)
669 silly packumentCache full:https://registry.npmjs.org/@img%2fsharp-linux-riscv64 set size:undefined disposed:false
670 silly fetch manifest @img/sharp-libvips-linuxmusl-arm64@1.3.3
671 silly packumentCache full:https://registry.npmjs.org/@img%2fsharp-libvips-linuxmusl-arm64 cache-miss
672 http fetch GET 200 https://registry.npmjs.org/@img%2fsharp-win32-arm64 95ms (cache miss)
673 silly packumentCache full:https://registry.npmjs.org/@img%2fsharp-win32-arm64 set size:undefined disposed:false
674 silly fetch manifest client-only@0.0.1
675 silly packumentCache full:https://registry.npmjs.org/client-only cache-miss
676 http fetch GET 200 https://registry.npmjs.org/@img%2fsharp-linux-x64 99ms (cache miss)
677 silly packumentCache full:https://registry.npmjs.org/@img%2fsharp-linux-x64 set size:undefined disposed:false
678 http fetch GET 200 https://registry.npmjs.org/@img%2fsharp-freebsd-wasm32 87ms (cache miss)
679 silly packumentCache full:https://registry.npmjs.org/@img%2fsharp-freebsd-wasm32 set size:undefined disposed:false
680 http fetch GET 200 https://registry.npmjs.org/@img%2fsharp-libvips-linux-ppc64 70ms (cache miss)
681 silly packumentCache full:https://registry.npmjs.org/@img%2fsharp-libvips-linux-ppc64 set size:undefined disposed:false
682 http fetch GET 200 https://registry.npmjs.org/client-only 53ms (cache miss)
683 silly packumentCache full:https://registry.npmjs.org/client-only set size:undefined disposed:false
684 http fetch GET 200 https://registry.npmjs.org/@img%2fsharp-libvips-linux-arm 88ms (cache miss)
685 silly packumentCache full:https://registry.npmjs.org/@img%2fsharp-libvips-linux-arm set size:undefined disposed:false
686 http fetch GET 200 https://registry.npmjs.org/@img%2fsharp-linuxmusl-arm64 91ms (cache miss)
687 silly packumentCache full:https://registry.npmjs.org/@img%2fsharp-linuxmusl-arm64 set size:undefined disposed:false
688 http fetch GET 200 https://registry.npmjs.org/@img%2fsharp-libvips-linux-x64 84ms (cache miss)
689 silly packumentCache full:https://registry.npmjs.org/@img%2fsharp-libvips-linux-x64 set size:undefined disposed:false
690 http fetch GET 200 https://registry.npmjs.org/@img%2fsharp-libvips-linux-s390x 72ms (cache miss)
691 silly packumentCache full:https://registry.npmjs.org/@img%2fsharp-libvips-linux-s390x set size:undefined disposed:false
692 http fetch GET 200 https://registry.npmjs.org/@img%2fsharp-libvips-darwin-x64 88ms (cache miss)
693 silly packumentCache full:https://registry.npmjs.org/@img%2fsharp-libvips-darwin-x64 set size:undefined disposed:false
694 http fetch GET 200 https://registry.npmjs.org/@img%2fsharp-libvips-darwin-arm64 81ms (cache miss)
695 silly packumentCache full:https://registry.npmjs.org/@img%2fsharp-libvips-darwin-arm64 set size:undefined disposed:false
696 http fetch GET 200 https://registry.npmjs.org/@img%2fsharp-libvips-linuxmusl-arm64 71ms (cache miss)
697 silly packumentCache full:https://registry.npmjs.org/@img%2fsharp-libvips-linuxmusl-arm64 set size:undefined disposed:false
698 http fetch GET 200 https://registry.npmjs.org/@img%2fsharp-libvips-linux-riscv64 79ms (cache miss)
699 silly packumentCache full:https://registry.npmjs.org/@img%2fsharp-libvips-linux-riscv64 set size:undefined disposed:false
700 http fetch GET 200 https://registry.npmjs.org/@img%2fsharp-libvips-linuxmusl-x64 75ms (cache miss)
701 silly packumentCache full:https://registry.npmjs.org/@img%2fsharp-libvips-linuxmusl-x64 set size:undefined disposed:false
702 http fetch GET 200 https://registry.npmjs.org/@img%2fsharp-webcontainers-wasm32 243ms (cache miss)
703 silly packumentCache full:https://registry.npmjs.org/@img%2fsharp-webcontainers-wasm32 set size:undefined disposed:false
704 http fetch GET 200 https://registry.npmjs.org/@img%2fsharp-libvips-linux-arm64 257ms (cache miss)
705 silly packumentCache full:https://registry.npmjs.org/@img%2fsharp-libvips-linux-arm64 set size:undefined disposed:false
706 silly placeDep ROOT tslib@2.8.1 OK for: @swc/helpers@0.5.15 want: ^2.8.0
707 silly placeDep ROOT nanoid@3.3.18 OK for: postcss@8.5.26 want: ^3.3.17
708 silly placeDep ROOT source-map-js@1.2.1 OK for: postcss@8.5.26 want: ^1.2.1
709 silly placeDep ROOT scheduler@0.27.0 OK for: react-dom@19.2.8 want: ^0.27.0
710 silly fetch manifest react@^16.8.0 || ^17.0.0 || ^18.0.0 || ^19.0.0 || ^19.0.0-rc
711 silly packumentCache full:https://registry.npmjs.org/react cache-miss
712 http cache https://registry.npmjs.org/react 13ms (cache hit)
713 silly packumentCache full:https://registry.npmjs.org/react set size:6926968 disposed:false
714 silly placeDep ROOT react-remove-scroll-bar@2.3.8 OK for: react-remove-scroll@2.7.2 want: ^2.3.7
715 silly placeDep ROOT react-style-singleton@2.2.3 OK for: react-remove-scroll@2.7.2 want: ^2.2.3
716 silly placeDep ROOT use-callback-ref@1.3.3 OK for: react-remove-scroll@2.7.2 want: ^1.3.3
717 silly placeDep ROOT use-sidecar@1.1.3 OK for: react-remove-scroll@2.7.2 want: ^1.1.3
718 silly fetch manifest react-style-singleton@^2.2.2
719 silly packumentCache full:https://registry.npmjs.org/react-style-singleton cache-miss
720 silly fetch manifest get-nonce@^1.0.0
721 silly packumentCache full:https://registry.npmjs.org/get-nonce cache-miss
722 silly fetch manifest detect-node-es@^1.1.0
723 silly packumentCache full:https://registry.npmjs.org/detect-node-es cache-miss
724 http cache https://registry.npmjs.org/react-style-singleton 6ms (cache hit)
725 silly packumentCache full:https://registry.npmjs.org/react-style-singleton set size:33682 disposed:false
726 http fetch GET 200 https://registry.npmjs.org/detect-node-es 52ms (cache miss)
727 silly packumentCache full:https://registry.npmjs.org/detect-node-es set size:undefined disposed:false
728 http fetch GET 200 https://registry.npmjs.org/get-nonce 69ms (cache miss)
729 silly packumentCache full:https://registry.npmjs.org/get-nonce set size:undefined disposed:false
730 silly placeDep ROOT get-nonce@1.0.1 OK for: react-style-singleton@2.2.3 want: ^1.0.0
731 silly fetch manifest react@^16.0.0 || ^17.0.0 || ^18.0.0 || ^19.0.0
732 silly packumentCache full:https://registry.npmjs.org/react cache-miss
733 http cache https://registry.npmjs.org/react 14ms (cache hit)
734 silly packumentCache full:https://registry.npmjs.org/react set size:6926968 disposed:false
735 silly fetch manifest react-dom@^16.0.0 || ^17.0.0 || ^18.0.0 || ^19.0.0
736 silly packumentCache full:https://registry.npmjs.org/react-dom cache-miss
737 http cache https://registry.npmjs.org/react-dom 18ms (cache hit)
738 silly packumentCache full:https://registry.npmjs.org/react-dom set size:9313795 disposed:false
739 silly placeDep ROOT eventemitter3@4.0.7 OK for: recharts@2.15.4 want: ^4.0.1
740 silly placeDep ROOT lodash@4.18.1 OK for: recharts@2.15.4 want: ^4.17.21
741 silly placeDep ROOT react-is@18.3.1 OK for: recharts@2.15.4 want: ^18.3.1
742 silly placeDep ROOT react-smooth@4.0.4 OK for: recharts@2.15.4 want: ^4.0.4
743 silly placeDep ROOT recharts-scale@0.4.5 OK for: recharts@2.15.4 want: ^0.4.4
744 silly placeDep ROOT tiny-invariant@1.3.3 OK for: recharts@2.15.4 want: ^1.3.1
745 silly placeDep ROOT victory-vendor@36.9.2 OK for: recharts@2.15.4 want: ^36.6.8
746 silly fetch manifest fast-equals@^5.0.1
747 silly packumentCache full:https://registry.npmjs.org/fast-equals cache-miss
748 silly fetch manifest prop-types@^15.8.1
749 silly packumentCache full:https://registry.npmjs.org/prop-types cache-miss
750 silly fetch manifest react-transition-group@^4.4.5
751 silly packumentCache full:https://registry.npmjs.org/react-transition-group cache-miss
752 silly fetch manifest decimal.js-light@^2.4.1
753 silly packumentCache full:https://registry.npmjs.org/decimal.js-light cache-miss
754 silly fetch manifest d3-ease@^3.0.1
755 silly packumentCache full:https://registry.npmjs.org/d3-ease cache-miss
756 silly fetch manifest d3-time@^3.0.0
757 silly packumentCache full:https://registry.npmjs.org/d3-time cache-miss
758 silly fetch manifest d3-array@^3.1.6
759 silly packumentCache full:https://registry.npmjs.org/d3-array cache-miss
760 silly fetch manifest d3-scale@^4.0.2
761 silly packumentCache full:https://registry.npmjs.org/d3-scale cache-miss
762 silly fetch manifest d3-shape@^3.1.0
763 silly packumentCache full:https://registry.npmjs.org/d3-shape cache-miss
764 silly fetch manifest d3-timer@^3.0.1
765 silly packumentCache full:https://registry.npmjs.org/d3-timer cache-miss
766 silly fetch manifest @types/d3-ease@^3.0.0
767 silly packumentCache full:https://registry.npmjs.org/@types%2fd3-ease cache-miss
768 silly fetch manifest @types/d3-time@^3.0.0
769 silly packumentCache full:https://registry.npmjs.org/@types%2fd3-time cache-miss
770 silly fetch manifest d3-interpolate@^3.0.1
771 silly packumentCache full:https://registry.npmjs.org/d3-interpolate cache-miss
772 silly fetch manifest @types/d3-array@^3.0.3
773 silly packumentCache full:https://registry.npmjs.org/@types%2fd3-array cache-miss
774 silly fetch manifest @types/d3-scale@^4.0.2
775 silly packumentCache full:https://registry.npmjs.org/@types%2fd3-scale cache-miss
776 http fetch GET 200 https://registry.npmjs.org/decimal.js-light 44ms (cache miss)
777 silly packumentCache full:https://registry.npmjs.org/decimal.js-light set size:undefined disposed:false
778 silly fetch manifest @types/d3-shape@^3.1.0
779 silly packumentCache full:https://registry.npmjs.org/@types%2fd3-shape cache-miss
780 http fetch GET 200 https://registry.npmjs.org/prop-types 48ms (cache miss)
781 silly packumentCache full:https://registry.npmjs.org/prop-types set size:undefined disposed:false
782 silly fetch manifest @types/d3-timer@^3.0.0
783 silly packumentCache full:https://registry.npmjs.org/@types%2fd3-timer cache-miss
784 http fetch GET 200 https://registry.npmjs.org/d3-ease 49ms (cache miss)
785 silly packumentCache full:https://registry.npmjs.org/d3-ease set size:undefined disposed:false
786 silly fetch manifest @types/d3-interpolate@^3.0.1
787 silly packumentCache full:https://registry.npmjs.org/@types%2fd3-interpolate cache-miss
788 http fetch GET 200 https://registry.npmjs.org/react-transition-group 54ms (cache miss)
789 silly packumentCache full:https://registry.npmjs.org/react-transition-group set size:undefined disposed:false
790 http fetch GET 200 https://registry.npmjs.org/d3-interpolate 56ms (cache miss)
791 silly packumentCache full:https://registry.npmjs.org/d3-interpolate set size:undefined disposed:false
792 http fetch GET 200 https://registry.npmjs.org/d3-time 62ms (cache miss)
793 silly packumentCache full:https://registry.npmjs.org/d3-time set size:undefined disposed:false
794 http fetch GET 200 https://registry.npmjs.org/@types%2fd3-time 64ms (cache miss)
795 silly packumentCache full:https://registry.npmjs.org/@types%2fd3-time set size:undefined disposed:false
796 http fetch GET 200 https://registry.npmjs.org/@types%2fd3-ease 66ms (cache miss)
797 silly packumentCache full:https://registry.npmjs.org/@types%2fd3-ease set size:undefined disposed:false
798 http fetch GET 200 https://registry.npmjs.org/d3-shape 67ms (cache miss)
799 silly packumentCache full:https://registry.npmjs.org/d3-shape set size:undefined disposed:false
800 http fetch GET 200 https://registry.npmjs.org/@types%2fd3-array 70ms (cache miss)
801 silly packumentCache full:https://registry.npmjs.org/@types%2fd3-array set size:undefined disposed:false
802 http fetch GET 200 https://registry.npmjs.org/d3-timer 72ms (cache miss)
803 silly packumentCache full:https://registry.npmjs.org/d3-timer set size:undefined disposed:false
804 http fetch GET 200 https://registry.npmjs.org/d3-array 74ms (cache miss)
805 silly packumentCache full:https://registry.npmjs.org/d3-array set size:undefined disposed:false
806 http fetch GET 200 https://registry.npmjs.org/d3-scale 78ms (cache miss)
807 silly packumentCache full:https://registry.npmjs.org/d3-scale set size:undefined disposed:false
808 http fetch GET 200 https://registry.npmjs.org/@types%2fd3-interpolate 48ms (cache miss)
809 silly packumentCache full:https://registry.npmjs.org/@types%2fd3-interpolate set size:undefined disposed:false
810 http fetch GET 200 https://registry.npmjs.org/@types%2fd3-timer 50ms (cache miss)
811 silly packumentCache full:https://registry.npmjs.org/@types%2fd3-timer set size:undefined disposed:false
812 http fetch GET 200 https://registry.npmjs.org/@types%2fd3-scale 171ms (cache miss)
813 silly packumentCache full:https://registry.npmjs.org/@types%2fd3-scale set size:undefined disposed:false
814 http fetch GET 200 https://registry.npmjs.org/fast-equals 256ms (cache miss)
815 silly packumentCache full:https://registry.npmjs.org/fast-equals set size:undefined disposed:false
816 http fetch GET 200 https://registry.npmjs.org/@types%2fd3-shape 249ms (cache miss)
817 silly packumentCache full:https://registry.npmjs.org/@types%2fd3-shape set size:undefined disposed:false
818 silly fetch manifest react@^16.8.0 || ^17.0.0 || ^18.0.0 || ^19.0.0
819 silly packumentCache full:https://registry.npmjs.org/react cache-miss
820 http cache https://registry.npmjs.org/react 13ms (cache hit)
821 silly packumentCache full:https://registry.npmjs.org/react set size:6926968 disposed:false
822 silly fetch manifest react-dom@^16.8.0 || ^17.0.0 || ^18.0.0 || ^19.0.0
823 silly packumentCache full:https://registry.npmjs.org/react-dom cache-miss
824 http cache https://registry.npmjs.org/react-dom 18ms (cache hit)
825 silly packumentCache full:https://registry.npmjs.org/react-dom set size:9313795 disposed:false
826 silly placeDep ROOT fast-equals@5.4.1 OK for: react-smooth@4.0.4 want: ^5.0.1
827 silly placeDep ROOT prop-types@15.8.1 OK for: react-smooth@4.0.4 want: ^15.8.1
828 silly placeDep ROOT react-transition-group@4.4.5 OK for: react-smooth@4.0.4 want: ^4.4.5
829 silly fetch manifest loose-envify@^1.4.0
830 silly packumentCache full:https://registry.npmjs.org/loose-envify cache-miss
831 silly fetch manifest object-assign@^4.1.1
832 silly packumentCache full:https://registry.npmjs.org/object-assign cache-miss
833 silly fetch manifest react-is@^16.13.1
834 silly packumentCache full:https://registry.npmjs.org/react-is cache-miss
835 silly fetch manifest dom-helpers@^5.0.1
836 silly packumentCache full:https://registry.npmjs.org/dom-helpers cache-miss
837 silly fetch manifest loose-envify@^1.4.0
838 silly packumentCache full:https://registry.npmjs.org/loose-envify cache-miss
839 http cache https://registry.npmjs.org/react-is 14ms (cache hit)
840 silly packumentCache full:https://registry.npmjs.org/react-is set size:5605732 disposed:false
841 http fetch GET 200 https://registry.npmjs.org/dom-helpers 55ms (cache miss)
842 silly packumentCache full:https://registry.npmjs.org/dom-helpers set size:undefined disposed:false
843 http fetch GET 200 https://registry.npmjs.org/loose-envify 57ms (cache miss)
844 silly packumentCache full:https://registry.npmjs.org/loose-envify set size:undefined disposed:false
845 http fetch GET 200 https://registry.npmjs.org/object-assign 58ms (cache miss)
846 silly packumentCache full:https://registry.npmjs.org/object-assign set size:undefined disposed:false
847 http fetch GET 200 https://registry.npmjs.org/loose-envify 81ms (cache miss)
848 silly packumentCache full:https://registry.npmjs.org/loose-envify set size:undefined disposed:false
849 silly placeDep ROOT loose-envify@1.4.0 OK for: prop-types@15.8.1 want: ^1.4.0
850 silly placeDep ROOT object-assign@4.1.1 OK for: prop-types@15.8.1 want: ^4.1.1
851 silly placeDep node_modules/prop-types react-is@16.13.1 OK for: prop-types@15.8.1 want: ^16.13.1
852 silly fetch manifest js-tokens@^3.0.0 || ^4.0.0
853 silly packumentCache full:https://registry.npmjs.org/js-tokens cache-miss
854 http fetch GET 200 https://registry.npmjs.org/js-tokens 54ms (cache miss)
855 silly packumentCache full:https://registry.npmjs.org/js-tokens set size:undefined disposed:false
856 silly placeDep ROOT js-tokens@4.0.0 OK for: loose-envify@1.4.0 want: ^3.0.0 || ^4.0.0
857 silly placeDep ROOT dom-helpers@5.2.1 OK for: react-transition-group@4.4.5 want: ^5.0.1
858 silly placeDep ROOT decimal.js-light@2.5.1 OK for: recharts-scale@0.4.5 want: ^2.4.1
859 silly placeDep ROOT @img/colour@1.1.0 OK for: sharp@0.35.4 want: ^1.1.0
860 silly placeDep ROOT @img/sharp-darwin-arm64@0.35.4 OK for: sharp@0.35.4 want: 0.35.4
861 silly placeDep ROOT @img/sharp-darwin-x64@0.35.4 OK for: sharp@0.35.4 want: 0.35.4
862 silly placeDep ROOT @img/sharp-freebsd-wasm32@0.35.4 OK for: sharp@0.35.4 want: 0.35.4
863 silly placeDep ROOT @img/sharp-libvips-darwin-arm64@1.3.3 OK for: sharp@0.35.4 want: 1.3.3
864 silly placeDep ROOT @img/sharp-libvips-darwin-x64@1.3.3 OK for: sharp@0.35.4 want: 1.3.3
865 silly placeDep ROOT @img/sharp-libvips-linux-arm@1.3.3 OK for: sharp@0.35.4 want: 1.3.3
866 silly placeDep ROOT @img/sharp-libvips-linux-arm64@1.3.3 OK for: sharp@0.35.4 want: 1.3.3
867 silly placeDep ROOT @img/sharp-libvips-linux-ppc64@1.3.3 OK for: sharp@0.35.4 want: 1.3.3
868 silly placeDep ROOT @img/sharp-libvips-linux-riscv64@1.3.3 OK for: sharp@0.35.4 want: 1.3.3
869 silly placeDep ROOT @img/sharp-libvips-linux-s390x@1.3.3 OK for: sharp@0.35.4 want: 1.3.3
870 silly placeDep ROOT @img/sharp-libvips-linux-x64@1.3.3 OK for: sharp@0.35.4 want: 1.3.3
871 silly placeDep ROOT @img/sharp-libvips-linuxmusl-arm64@1.3.3 OK for: sharp@0.35.4 want: 1.3.3
872 silly placeDep ROOT @img/sharp-libvips-linuxmusl-x64@1.3.3 OK for: sharp@0.35.4 want: 1.3.3
873 silly placeDep ROOT @img/sharp-linux-arm@0.35.4 OK for: sharp@0.35.4 want: 0.35.4
874 silly placeDep ROOT @img/sharp-linux-arm64@0.35.4 OK for: sharp@0.35.4 want: 0.35.4
875 silly placeDep ROOT @img/sharp-linux-ppc64@0.35.4 OK for: sharp@0.35.4 want: 0.35.4
876 silly placeDep ROOT @img/sharp-linux-riscv64@0.35.4 OK for: sharp@0.35.4 want: 0.35.4
877 silly placeDep ROOT @img/sharp-linux-s390x@0.35.4 OK for: sharp@0.35.4 want: 0.35.4
878 silly placeDep ROOT @img/sharp-linux-x64@0.35.4 OK for: sharp@0.35.4 want: 0.35.4
879 silly placeDep ROOT @img/sharp-linuxmusl-arm64@0.35.4 OK for: sharp@0.35.4 want: 0.35.4
880 silly placeDep ROOT @img/sharp-linuxmusl-x64@0.35.4 OK for: sharp@0.35.4 want: 0.35.4
881 silly placeDep ROOT @img/sharp-webcontainers-wasm32@0.35.4 OK for: sharp@0.35.4 want: 0.35.4
882 silly placeDep ROOT @img/sharp-win32-arm64@0.35.4 OK for: sharp@0.35.4 want: 0.35.4
883 silly placeDep ROOT @img/sharp-win32-ia32@0.35.4 OK for: sharp@0.35.4 want: 0.35.4
884 silly placeDep ROOT @img/sharp-win32-x64@0.35.4 OK for: sharp@0.35.4 want: 0.35.4
885 silly placeDep ROOT detect-libc@2.1.2 OK for: sharp@0.35.4 want: ^2.1.2
886 silly placeDep ROOT semver@7.8.5 OK for: sharp@0.35.4 want: ^7.8.5
887 silly fetch manifest @img/sharp-wasm32@0.35.4
888 silly packumentCache full:https://registry.npmjs.org/@img%2fsharp-wasm32 cache-miss
889 silly fetch manifest @img/sharp-wasm32@0.35.4
890 silly packumentCache full:https://registry.npmjs.org/@img%2fsharp-wasm32 cache-miss
891 http fetch GET 200 https://registry.npmjs.org/@img%2fsharp-wasm32 66ms (cache miss)
892 silly packumentCache full:https://registry.npmjs.org/@img%2fsharp-wasm32 set size:undefined disposed:false
893 http fetch GET 200 https://registry.npmjs.org/@img%2fsharp-wasm32 72ms (cache miss)
894 silly packumentCache full:https://registry.npmjs.org/@img%2fsharp-wasm32 set size:undefined disposed:false
895 silly placeDep ROOT @img/sharp-wasm32@0.35.4 OK for: @img/sharp-freebsd-wasm32@0.35.4 want: 0.35.4
896 silly fetch manifest @emnapi/runtime@^1.11.3
897 silly packumentCache full:https://registry.npmjs.org/@emnapi%2fruntime cache-miss
898 http fetch GET 200 https://registry.npmjs.org/@emnapi%2fruntime 60ms (cache miss)
899 silly packumentCache full:https://registry.npmjs.org/@emnapi%2fruntime set size:undefined disposed:false
900 silly placeDep ROOT @emnapi/runtime@1.11.3 OK for: @img/sharp-wasm32@0.35.4 want: ^1.11.3
901 silly placeDep ROOT client-only@0.0.1 OK for: styled-jsx@5.1.6 want: 0.0.1
902 silly fetch manifest postcss@^8.4.47
903 silly packumentCache full:https://registry.npmjs.org/postcss cache-hit
904 silly fetch manifest tsx@^4.8.1
905 silly packumentCache full:https://registry.npmjs.org/tsx cache-miss
906 http fetch GET 200 https://registry.npmjs.org/tsx 64ms (cache miss)
907 silly packumentCache full:https://registry.npmjs.org/tsx set size:undefined disposed:false
908 silly fetch manifest yaml@^2.4.2
909 silly packumentCache full:https://registry.npmjs.org/yaml cache-miss
910 http fetch GET 200 https://registry.npmjs.org/yaml 55ms (cache miss)
911 silly packumentCache full:https://registry.npmjs.org/yaml set size:undefined disposed:false
912 silly placeDep ROOT @alloc/quick-lru@5.2.0 OK for: tailwindcss@3.4.19 want: ^5.2.0
913 silly placeDep ROOT arg@5.0.2 OK for: tailwindcss@3.4.19 want: ^5.0.2
914 silly placeDep ROOT chokidar@3.6.0 OK for: tailwindcss@3.4.19 want: ^3.6.0
915 silly placeDep ROOT didyoumean@1.2.2 OK for: tailwindcss@3.4.19 want: ^1.2.2
916 silly placeDep ROOT dlv@1.1.3 OK for: tailwindcss@3.4.19 want: ^1.1.3
917 silly placeDep ROOT fast-glob@3.3.3 OK for: tailwindcss@3.4.19 want: ^3.3.2
918 silly placeDep ROOT glob-parent@6.0.2 OK for: tailwindcss@3.4.19 want: ^6.0.2
919 silly placeDep ROOT is-glob@4.0.3 OK for: tailwindcss@3.4.19 want: ^4.0.3
920 silly placeDep ROOT jiti@1.21.7 OK for: tailwindcss@3.4.19 want: ^1.21.7
921 silly placeDep ROOT lilconfig@3.1.3 OK for: tailwindcss@3.4.19 want: ^3.1.3
922 silly placeDep ROOT micromatch@4.0.8 OK for: tailwindcss@3.4.19 want: ^4.0.8
923 silly placeDep ROOT normalize-path@3.0.0 OK for: tailwindcss@3.4.19 want: ^3.0.0
924 silly placeDep ROOT object-hash@3.0.0 OK for: tailwindcss@3.4.19 want: ^3.0.0
925 silly placeDep ROOT postcss-import@15.1.0 OK for: tailwindcss@3.4.19 want: ^15.1.0
926 silly placeDep ROOT postcss-js@4.1.0 OK for: tailwindcss@3.4.19 want: ^4.0.1
927 silly placeDep ROOT postcss-load-config@6.0.1 OK for: tailwindcss@3.4.19 want: ^4.0.2 || ^5.0 || ^6.0
928 silly placeDep ROOT postcss-nested@6.2.0 OK for: tailwindcss@3.4.19 want: ^6.2.0
929 silly placeDep ROOT postcss-selector-parser@6.1.4 OK for: tailwindcss@3.4.19 want: ^6.1.2
930 silly placeDep ROOT resolve@1.22.12 OK for: tailwindcss@3.4.19 want: ^1.22.8
931 silly placeDep ROOT sucrase@3.35.1 OK for: tailwindcss@3.4.19 want: ^3.35.0
932 silly fetch manifest braces@~3.0.2
933 silly packumentCache full:https://registry.npmjs.org/braces cache-miss
934 silly fetch manifest is-glob@~4.0.1
935 silly packumentCache full:https://registry.npmjs.org/is-glob cache-miss
936 silly fetch manifest anymatch@~3.1.2
937 silly packumentCache full:https://registry.npmjs.org/anymatch cache-miss
938 silly fetch manifest readdirp@~3.6.0
939 silly packumentCache full:https://registry.npmjs.org/readdirp cache-miss
940 silly fetch manifest glob-parent@~5.1.2
941 silly packumentCache full:https://registry.npmjs.org/glob-parent cache-miss
942 silly fetch manifest is-binary-path@~2.1.0
943 silly packumentCache full:https://registry.npmjs.org/is-binary-path cache-miss
944 silly fetch manifest normalize-path@~3.0.0
945 silly packumentCache full:https://registry.npmjs.org/normalize-path cache-miss
946 silly fetch manifest fsevents@~2.3.2
947 silly packumentCache full:https://registry.npmjs.org/fsevents cache-miss
948 silly fetch manifest @nodelib/fs.stat@^2.0.2
949 silly packumentCache full:https://registry.npmjs.org/@nodelib%2ffs.stat cache-miss
950 silly fetch manifest @nodelib/fs.walk@^1.2.3
951 silly packumentCache full:https://registry.npmjs.org/@nodelib%2ffs.walk cache-miss
952 silly fetch manifest glob-parent@^5.1.2
953 silly packumentCache full:https://registry.npmjs.org/glob-parent cache-miss
954 silly fetch manifest merge2@^1.3.0
955 silly packumentCache full:https://registry.npmjs.org/merge2 cache-miss
956 silly fetch manifest is-extglob@^2.1.1
957 silly packumentCache full:https://registry.npmjs.org/is-extglob cache-miss
958 silly fetch manifest braces@^3.0.3
959 silly packumentCache full:https://registry.npmjs.org/braces cache-miss
960 silly fetch manifest picomatch@^2.3.1
961 silly packumentCache full:https://registry.npmjs.org/picomatch cache-miss
962 http cache https://registry.npmjs.org/normalize-path 9ms (cache hit)
963 silly packumentCache full:https://registry.npmjs.org/normalize-path set size:28713 disposed:false
964 silly fetch manifest resolve@^1.1.7
965 silly packumentCache full:https://registry.npmjs.org/resolve cache-miss
966 http cache https://registry.npmjs.org/is-glob 28ms (cache hit)
967 silly packumentCache full:https://registry.npmjs.org/is-glob set size:40530 disposed:false
968 silly fetch manifest read-cache@^1.0.0
969 silly packumentCache full:https://registry.npmjs.org/read-cache cache-miss
970 http cache https://registry.npmjs.org/glob-parent 30ms (cache hit)
971 silly packumentCache full:https://registry.npmjs.org/glob-parent set size:42445 disposed:false
972 silly fetch manifest camelcase-css@^2.0.1
973 silly packumentCache full:https://registry.npmjs.org/camelcase-css cache-miss
974 http cache https://registry.npmjs.org/glob-parent 30ms (cache hit)
975 silly packumentCache full:https://registry.npmjs.org/glob-parent set size:42445 disposed:false
976 silly packumentCache full:https://registry.npmjs.org/glob-parent dispose
977 silly fetch manifest postcss-selector-parser@^6.1.1
978 silly packumentCache full:https://registry.npmjs.org/postcss-selector-parser cache-miss
979 http cache https://registry.npmjs.org/resolve 28ms (cache hit)
980 silly packumentCache full:https://registry.npmjs.org/resolve set size:244568 disposed:false
981 silly fetch manifest cssesc@^3.0.0
982 silly packumentCache full:https://registry.npmjs.org/cssesc cache-miss
983 http fetch GET 200 https://registry.npmjs.org/is-extglob 43ms (cache miss)
984 silly packumentCache full:https://registry.npmjs.org/is-extglob set size:undefined disposed:false
985 silly fetch manifest util-deprecate@^1.0.2
986 silly packumentCache full:https://registry.npmjs.org/util-deprecate cache-miss
987 http cache https://registry.npmjs.org/postcss-selector-parser 15ms (cache hit)
988 silly packumentCache full:https://registry.npmjs.org/postcss-selector-parser set size:196939 disposed:false
989 silly fetch manifest es-errors@^1.3.0
990 silly packumentCache full:https://registry.npmjs.org/es-errors cache-miss
991 http fetch GET 200 https://registry.npmjs.org/is-binary-path 49ms (cache miss)
992 silly packumentCache full:https://registry.npmjs.org/is-binary-path set size:undefined disposed:false
993 silly fetch manifest path-parse@^1.0.7
994 silly packumentCache full:https://registry.npmjs.org/path-parse cache-miss
995 http fetch GET 200 https://registry.npmjs.org/merge2 50ms (cache miss)
996 silly packumentCache full:https://registry.npmjs.org/merge2 set size:undefined disposed:false
997 silly fetch manifest is-core-module@^2.16.1
998 silly packumentCache full:https://registry.npmjs.org/is-core-module cache-miss
999 http fetch GET 200 https://registry.npmjs.org/anymatch 54ms (cache miss)
1000 silly packumentCache full:https://registry.npmjs.org/anymatch set size:undefined disposed:false
1001 silly fetch manifest supports-preserve-symlinks-flag@^1.0.0
1002 silly packumentCache full:https://registry.npmjs.org/supports-preserve-symlinks-flag cache-miss
1003 http fetch GET 200 https://registry.npmjs.org/braces 55ms (cache miss)
1004 silly packumentCache full:https://registry.npmjs.org/braces set size:undefined disposed:false
1005 silly fetch manifest @jridgewell/gen-mapping@^0.3.2
1006 silly packumentCache full:https://registry.npmjs.org/@jridgewell%2fgen-mapping cache-miss
1007 http fetch GET 200 https://registry.npmjs.org/braces 62ms (cache miss)
1008 silly packumentCache full:https://registry.npmjs.org/braces set size:undefined disposed:false
1009 silly fetch manifest commander@^4.0.0
1010 silly packumentCache full:https://registry.npmjs.org/commander cache-miss
1011 http fetch GET 200 https://registry.npmjs.org/fsevents 63ms (cache miss)
1012 silly packumentCache full:https://registry.npmjs.org/fsevents set size:undefined disposed:false
1013 silly fetch manifest lines-and-columns@^1.1.6
1014 silly packumentCache full:https://registry.npmjs.org/lines-and-columns cache-miss
1015 http fetch GET 200 https://registry.npmjs.org/@nodelib%2ffs.stat 66ms (cache miss)
1016 silly packumentCache full:https://registry.npmjs.org/@nodelib%2ffs.stat set size:undefined disposed:false
1017 silly fetch manifest mz@^2.7.0
1018 silly packumentCache full:https://registry.npmjs.org/mz cache-miss
1019 http fetch GET 200 https://registry.npmjs.org/@nodelib%2ffs.walk 69ms (cache miss)
1020 silly packumentCache full:https://registry.npmjs.org/@nodelib%2ffs.walk set size:undefined disposed:false
1021 silly fetch manifest pirates@^4.0.1
1022 silly packumentCache full:https://registry.npmjs.org/pirates cache-miss
1023 http fetch GET 200 https://registry.npmjs.org/picomatch 73ms (cache miss)
1024 silly packumentCache full:https://registry.npmjs.org/picomatch set size:undefined disposed:false
1025 silly fetch manifest tinyglobby@^0.2.11
1026 silly packumentCache full:https://registry.npmjs.org/tinyglobby cache-miss
1027 http fetch GET 200 https://registry.npmjs.org/read-cache 50ms (cache miss)
1028 silly packumentCache full:https://registry.npmjs.org/read-cache set size:undefined disposed:false
1029 silly fetch manifest ts-interface-checker@^0.1.9
1030 silly packumentCache full:https://registry.npmjs.org/ts-interface-checker cache-miss
1031 http fetch GET 200 https://registry.npmjs.org/camelcase-css 50ms (cache miss)
1032 silly packumentCache full:https://registry.npmjs.org/camelcase-css set size:undefined disposed:false
1033 http fetch GET 200 https://registry.npmjs.org/readdirp 83ms (cache miss)
1034 silly packumentCache full:https://registry.npmjs.org/readdirp set size:undefined disposed:false
1035 http fetch GET 200 https://registry.npmjs.org/es-errors 38ms (cache miss)
1036 silly packumentCache full:https://registry.npmjs.org/es-errors set size:undefined disposed:false
1037 http fetch GET 200 https://registry.npmjs.org/util-deprecate 44ms (cache miss)
1038 silly packumentCache full:https://registry.npmjs.org/util-deprecate set size:undefined disposed:false
1039 http fetch GET 200 https://registry.npmjs.org/path-parse 40ms (cache miss)
1040 silly packumentCache full:https://registry.npmjs.org/path-parse set size:undefined disposed:false
1041 http fetch GET 200 https://registry.npmjs.org/supports-preserve-symlinks-flag 38ms (cache miss)
1042 silly packumentCache full:https://registry.npmjs.org/supports-preserve-symlinks-flag set size:undefined disposed:false
1043 http fetch GET 200 https://registry.npmjs.org/is-core-module 44ms (cache miss)
1044 silly packumentCache full:https://registry.npmjs.org/is-core-module set size:undefined disposed:false
1045 http fetch GET 200 https://registry.npmjs.org/cssesc 60ms (cache miss)
1046 silly packumentCache full:https://registry.npmjs.org/cssesc set size:undefined disposed:false
1047 http fetch GET 200 https://registry.npmjs.org/lines-and-columns 38ms (cache miss)
1048 silly packumentCache full:https://registry.npmjs.org/lines-and-columns set size:undefined disposed:false
1049 http fetch GET 200 https://registry.npmjs.org/pirates 41ms (cache miss)
1050 silly packumentCache full:https://registry.npmjs.org/pirates set size:undefined disposed:false
1051 http fetch GET 200 https://registry.npmjs.org/@jridgewell%2fgen-mapping 55ms (cache miss)
1052 silly packumentCache full:https://registry.npmjs.org/@jridgewell%2fgen-mapping set size:undefined disposed:false
1053 http fetch GET 200 https://registry.npmjs.org/commander 54ms (cache miss)
1054 silly packumentCache full:https://registry.npmjs.org/commander set size:undefined disposed:false
1055 http fetch GET 200 https://registry.npmjs.org/tinyglobby 45ms (cache miss)
1056 silly packumentCache full:https://registry.npmjs.org/tinyglobby set size:undefined disposed:false
1057 http fetch GET 200 https://registry.npmjs.org/ts-interface-checker 61ms (cache miss)
1058 silly packumentCache full:https://registry.npmjs.org/ts-interface-checker set size:undefined disposed:false
1059 http fetch GET 200 https://registry.npmjs.org/mz 316ms (cache miss)
1060 silly packumentCache full:https://registry.npmjs.org/mz set size:undefined disposed:false
1061 silly placeDep ROOT anymatch@3.1.3 OK for: chokidar@3.6.0 want: ~3.1.2
1062 silly placeDep ROOT braces@3.0.3 OK for: chokidar@3.6.0 want: ~3.0.2
1063 silly placeDep ROOT fsevents@2.3.3 OK for: chokidar@3.6.0 want: ~2.3.2
1064 silly placeDep node_modules/chokidar glob-parent@5.1.2 OK for: chokidar@3.6.0 want: ~5.1.2
1065 silly placeDep ROOT is-binary-path@2.1.0 OK for: chokidar@3.6.0 want: ~2.1.0
1066 silly placeDep ROOT readdirp@3.6.0 OK for: chokidar@3.6.0 want: ~3.6.0
1067 silly fetch manifest picomatch@^2.0.4
1068 silly packumentCache full:https://registry.npmjs.org/picomatch cache-miss
1069 silly fetch manifest fill-range@^7.1.1
1070 silly packumentCache full:https://registry.npmjs.org/fill-range cache-miss
1071 silly fetch manifest binary-extensions@^2.0.0
1072 silly packumentCache full:https://registry.npmjs.org/binary-extensions cache-miss
1073 silly fetch manifest picomatch@^2.2.1
1074 silly packumentCache full:https://registry.npmjs.org/picomatch cache-miss
1075 http cache https://registry.npmjs.org/picomatch 5ms (cache hit)
1076 silly packumentCache full:https://registry.npmjs.org/picomatch set size:134451 disposed:false
1077 http cache https://registry.npmjs.org/picomatch 8ms (cache hit)
1078 silly packumentCache full:https://registry.npmjs.org/picomatch set size:134451 disposed:false
1079 silly packumentCache full:https://registry.npmjs.org/picomatch dispose
1080 http fetch GET 200 https://registry.npmjs.org/fill-range 52ms (cache miss)
1081 silly packumentCache full:https://registry.npmjs.org/fill-range set size:undefined disposed:false
1082 http fetch GET 200 https://registry.npmjs.org/binary-extensions 73ms (cache miss)
1083 silly packumentCache full:https://registry.npmjs.org/binary-extensions set size:undefined disposed:false
1084 silly placeDep ROOT picomatch@2.3.2 OK for: anymatch@3.1.3 want: ^2.0.4
1085 silly placeDep ROOT fill-range@7.1.1 OK for: braces@3.0.3 want: ^7.1.1
1086 silly fetch manifest to-regex-range@^5.0.1
1087 silly packumentCache full:https://registry.npmjs.org/to-regex-range cache-miss
1088 http fetch GET 200 https://registry.npmjs.org/to-regex-range 38ms (cache miss)
1089 silly packumentCache full:https://registry.npmjs.org/to-regex-range set size:undefined disposed:false
1090 silly placeDep ROOT @nodelib/fs.stat@2.0.5 OK for: fast-glob@3.3.3 want: ^2.0.2
1091 silly placeDep ROOT @nodelib/fs.walk@1.2.8 OK for: fast-glob@3.3.3 want: ^1.2.3
1092 silly placeDep node_modules/fast-glob glob-parent@5.1.2 OK for: fast-glob@3.3.3 want: ^5.1.2
1093 silly placeDep ROOT merge2@1.4.1 OK for: fast-glob@3.3.3 want: ^1.3.0
1094 silly fetch manifest fastq@^1.6.0
1095 silly packumentCache full:https://registry.npmjs.org/fastq cache-miss
1096 silly fetch manifest @nodelib/fs.scandir@2.1.5
1097 silly packumentCache full:https://registry.npmjs.org/@nodelib%2ffs.scandir cache-miss
1098 http fetch GET 200 https://registry.npmjs.org/fastq 43ms (cache miss)
1099 silly packumentCache full:https://registry.npmjs.org/fastq set size:undefined disposed:false
1100 http fetch GET 200 https://registry.npmjs.org/@nodelib%2ffs.scandir 53ms (cache miss)
1101 silly packumentCache full:https://registry.npmjs.org/@nodelib%2ffs.scandir set size:undefined disposed:false
1102 silly placeDep ROOT @nodelib/fs.scandir@2.1.5 OK for: @nodelib/fs.walk@1.2.8 want: 2.1.5
1103 silly placeDep ROOT fastq@1.20.3 OK for: @nodelib/fs.walk@1.2.8 want: ^1.6.0
1104 silly fetch manifest run-parallel@^1.1.9
1105 silly packumentCache full:https://registry.npmjs.org/run-parallel cache-miss
1106 silly fetch manifest reusify@^1.0.4
1107 silly packumentCache full:https://registry.npmjs.org/reusify cache-miss
1108 http fetch GET 200 https://registry.npmjs.org/reusify 34ms (cache miss)
1109 silly packumentCache full:https://registry.npmjs.org/reusify set size:undefined disposed:false
1110 http fetch GET 200 https://registry.npmjs.org/run-parallel 98ms (cache miss)
1111 silly packumentCache full:https://registry.npmjs.org/run-parallel set size:undefined disposed:false
1112 silly placeDep ROOT run-parallel@1.2.0 OK for: @nodelib/fs.scandir@2.1.5 want: ^1.1.9
1113 silly fetch manifest queue-microtask@^1.2.2
1114 silly packumentCache full:https://registry.npmjs.org/queue-microtask cache-miss
1115 http fetch GET 200 https://registry.npmjs.org/queue-microtask 65ms (cache miss)
1116 silly packumentCache full:https://registry.npmjs.org/queue-microtask set size:undefined disposed:false
1117 silly placeDep ROOT reusify@1.1.0 OK for: fastq@1.20.3 want: ^1.0.4
1118 silly placeDep ROOT to-regex-range@5.0.1 OK for: fill-range@7.1.1 want: ^5.0.1
1119 silly fetch manifest is-number@^7.0.0
1120 silly packumentCache full:https://registry.npmjs.org/is-number cache-miss
1121 http fetch GET 200 https://registry.npmjs.org/is-number 52ms (cache miss)
1122 silly packumentCache full:https://registry.npmjs.org/is-number set size:undefined disposed:false
1123 silly placeDep ROOT binary-extensions@2.3.0 OK for: is-binary-path@2.1.0 want: ^2.0.0
1124 silly placeDep ROOT is-extglob@2.1.1 OK for: is-glob@4.0.3 want: ^2.1.1
1125 silly placeDep ROOT read-cache@1.0.2 OK for: postcss-import@15.1.0 want: ^1.0.0
1126 silly placeDep ROOT camelcase-css@2.0.1 OK for: postcss-js@4.1.0 want: ^2.0.1
1127 silly placeDep ROOT cssesc@3.0.0 OK for: postcss-selector-parser@6.1.4 want: ^3.0.0
1128 silly placeDep ROOT util-deprecate@1.0.2 OK for: postcss-selector-parser@6.1.4 want: ^1.0.2
1129 silly placeDep ROOT es-errors@1.3.0 OK for: resolve@1.22.12 want: ^1.3.0
1130 silly placeDep ROOT is-core-module@2.16.2 OK for: resolve@1.22.12 want: ^2.16.1
1131 silly placeDep ROOT path-parse@1.0.7 OK for: resolve@1.22.12 want: ^1.0.7
1132 silly placeDep ROOT supports-preserve-symlinks-flag@1.0.0 OK for: resolve@1.22.12 want: ^1.0.0
1133 silly fetch manifest hasown@^2.0.3
1134 silly packumentCache full:https://registry.npmjs.org/hasown cache-miss
1135 http fetch GET 200 https://registry.npmjs.org/hasown 47ms (cache miss)
1136 silly packumentCache full:https://registry.npmjs.org/hasown set size:undefined disposed:false
1137 silly placeDep ROOT hasown@2.0.4 OK for: is-core-module@2.16.2 want: ^2.0.3
1138 silly fetch manifest function-bind@^1.1.2
1139 silly packumentCache full:https://registry.npmjs.org/function-bind cache-miss
1140 http fetch GET 200 https://registry.npmjs.org/function-bind 49ms (cache miss)
1141 silly packumentCache full:https://registry.npmjs.org/function-bind set size:undefined disposed:false
1142 silly placeDep ROOT function-bind@1.1.2 OK for: hasown@2.0.4 want: ^1.1.2
1143 silly placeDep ROOT queue-microtask@1.2.3 OK for: run-parallel@1.2.0 want: ^1.2.2
1144 silly placeDep ROOT @jridgewell/gen-mapping@0.3.13 OK for: sucrase@3.35.1 want: ^0.3.2
1145 silly placeDep ROOT commander@4.1.1 OK for: sucrase@3.35.1 want: ^4.0.0
1146 silly placeDep ROOT lines-and-columns@1.2.4 OK for: sucrase@3.35.1 want: ^1.1.6
1147 silly placeDep ROOT mz@2.7.0 OK for: sucrase@3.35.1 want: ^2.7.0
1148 silly placeDep ROOT pirates@4.0.7 OK for: sucrase@3.35.1 want: ^4.0.1
1149 silly placeDep ROOT tinyglobby@0.2.17 OK for: sucrase@3.35.1 want: ^0.2.11
1150 silly placeDep ROOT ts-interface-checker@0.1.13 OK for: sucrase@3.35.1 want: ^0.1.9
1151 silly fetch manifest @jridgewell/trace-mapping@^0.3.24
1152 silly packumentCache full:https://registry.npmjs.org/@jridgewell%2ftrace-mapping cache-miss
1153 silly fetch manifest @jridgewell/sourcemap-codec@^1.5.0
1154 silly packumentCache full:https://registry.npmjs.org/@jridgewell%2fsourcemap-codec cache-miss
1155 silly fetch manifest any-promise@^1.0.0
1156 silly packumentCache full:https://registry.npmjs.org/any-promise cache-miss
1157 silly fetch manifest thenify-all@^1.0.0
1158 silly packumentCache full:https://registry.npmjs.org/thenify-all cache-miss
1159 silly fetch manifest fdir@^6.5.0
1160 silly packumentCache full:https://registry.npmjs.org/fdir cache-miss
1161 silly fetch manifest picomatch@^4.0.4
1162 silly packumentCache full:https://registry.npmjs.org/picomatch cache-hit
1163 http fetch GET 200 https://registry.npmjs.org/any-promise 39ms (cache miss)
1164 silly packumentCache full:https://registry.npmjs.org/any-promise set size:undefined disposed:false
1165 http fetch GET 200 https://registry.npmjs.org/thenify-all 41ms (cache miss)
1166 silly packumentCache full:https://registry.npmjs.org/thenify-all set size:undefined disposed:false
1167 http fetch GET 200 https://registry.npmjs.org/fdir 47ms (cache miss)
1168 silly packumentCache full:https://registry.npmjs.org/fdir set size:undefined disposed:false
1169 http fetch GET 200 https://registry.npmjs.org/@jridgewell%2ftrace-mapping 55ms (cache miss)
1170 silly packumentCache full:https://registry.npmjs.org/@jridgewell%2ftrace-mapping set size:undefined disposed:false
1171 http fetch GET 200 https://registry.npmjs.org/@jridgewell%2fsourcemap-codec 82ms (cache miss)
1172 silly packumentCache full:https://registry.npmjs.org/@jridgewell%2fsourcemap-codec set size:undefined disposed:false
1173 silly placeDep ROOT @jridgewell/sourcemap-codec@1.6.0 OK for: @jridgewell/gen-mapping@0.3.13 want: ^1.5.0
1174 silly placeDep ROOT @jridgewell/trace-mapping@0.3.31 OK for: @jridgewell/gen-mapping@0.3.13 want: ^0.3.24
1175 silly fetch manifest @jridgewell/resolve-uri@^3.1.0
1176 silly packumentCache full:https://registry.npmjs.org/@jridgewell%2fresolve-uri cache-miss
1177 http fetch GET 200 https://registry.npmjs.org/@jridgewell%2fresolve-uri 122ms (cache miss)
1178 silly packumentCache full:https://registry.npmjs.org/@jridgewell%2fresolve-uri set size:undefined disposed:false
1179 silly placeDep ROOT @jridgewell/resolve-uri@3.1.2 OK for: @jridgewell/trace-mapping@0.3.31 want: ^3.1.0
1180 silly placeDep ROOT any-promise@1.3.0 OK for: mz@2.7.0 want: ^1.0.0
1181 silly placeDep ROOT thenify-all@1.6.0 OK for: mz@2.7.0 want: ^1.0.0
1182 silly fetch manifest thenify@>= 3.1.0 < 4
1183 silly packumentCache full:https://registry.npmjs.org/thenify cache-miss
1184 http fetch GET 200 https://registry.npmjs.org/thenify 70ms (cache miss)
1185 silly packumentCache full:https://registry.npmjs.org/thenify set size:undefined disposed:false
1186 silly placeDep ROOT thenify@3.3.1 OK for: thenify-all@1.6.0 want: >= 3.1.0 < 4
1187 silly placeDep node_modules/tinyglobby fdir@6.5.0 OK for: tinyglobby@0.2.17 want: ^6.5.0
1188 silly placeDep node_modules/tinyglobby picomatch@4.0.7 OK for: fdir@6.5.0 want: ^3 || ^4
1189 silly placeDep ROOT is-number@7.0.0 OK for: to-regex-range@5.0.1 want: ^7.0.0
1190 silly placeDep ROOT detect-europe-js@0.1.2 OK for: ua-parser-js@2.0.10 want: ^0.1.2
1191 silly placeDep ROOT is-standalone-pwa@0.1.1 OK for: ua-parser-js@2.0.10 want: ^0.1.1
1192 silly placeDep ROOT ua-is-frozen@0.1.2 OK for: ua-parser-js@2.0.10 want: ^0.1.2
1193 silly placeDep ROOT escalade@3.2.0 OK for: update-browserslist-db@1.3.2 want: ^3.2.0
1194 silly placeDep ROOT detect-node-es@1.1.0 OK for: use-sidecar@1.1.3 want: ^1.1.0
1195 silly placeDep ROOT @types/d3-array@3.2.2 OK for: victory-vendor@36.9.2 want: ^3.0.3
1196 silly placeDep ROOT @types/d3-ease@3.0.2 OK for: victory-vendor@36.9.2 want: ^3.0.0
1197 silly placeDep ROOT @types/d3-interpolate@3.0.4 OK for: victory-vendor@36.9.2 want: ^3.0.1
1198 silly placeDep ROOT @types/d3-scale@4.0.9 OK for: victory-vendor@36.9.2 want: ^4.0.2
1199 silly placeDep ROOT @types/d3-shape@3.2.0 OK for: victory-vendor@36.9.2 want: ^3.1.0
1200 silly placeDep ROOT @types/d3-time@3.0.4 OK for: victory-vendor@36.9.2 want: ^3.0.0
1201 silly placeDep ROOT @types/d3-timer@3.0.2 OK for: victory-vendor@36.9.2 want: ^3.0.0
1202 silly placeDep ROOT d3-array@3.2.4 OK for: victory-vendor@36.9.2 want: ^3.1.6
1203 silly placeDep ROOT d3-ease@3.0.1 OK for: victory-vendor@36.9.2 want: ^3.0.1
1204 silly placeDep ROOT d3-interpolate@3.0.1 OK for: victory-vendor@36.9.2 want: ^3.0.1
1205 silly placeDep ROOT d3-scale@4.0.2 OK for: victory-vendor@36.9.2 want: ^4.0.2
1206 silly placeDep ROOT d3-shape@3.2.0 OK for: victory-vendor@36.9.2 want: ^3.1.0
1207 silly placeDep ROOT d3-time@3.1.0 OK for: victory-vendor@36.9.2 want: ^3.0.0
1208 silly placeDep ROOT d3-timer@3.0.1 OK for: victory-vendor@36.9.2 want: ^3.0.1
1209 silly fetch manifest @types/d3-color@*
1210 silly packumentCache full:https://registry.npmjs.org/@types%2fd3-color cache-miss
1211 silly fetch manifest @types/d3-time@*
1212 silly packumentCache full:https://registry.npmjs.org/@types%2fd3-time cache-miss
1213 silly fetch manifest @types/d3-path@*
1214 silly packumentCache full:https://registry.npmjs.org/@types%2fd3-path cache-miss
1215 silly fetch manifest internmap@1 - 2
1216 silly packumentCache full:https://registry.npmjs.org/internmap cache-miss
1217 silly fetch manifest d3-color@1 - 3
1218 silly packumentCache full:https://registry.npmjs.org/d3-color cache-miss
1219 silly fetch manifest d3-format@1 - 3
1220 silly packumentCache full:https://registry.npmjs.org/d3-format cache-miss
1221 silly fetch manifest d3-time@2.1.1 - 3
1222 silly packumentCache full:https://registry.npmjs.org/d3-time cache-miss
1223 silly fetch manifest d3-time-format@2 - 4
1224 silly packumentCache full:https://registry.npmjs.org/d3-time-format cache-miss
1225 silly fetch manifest d3-path@^3.1.0
1226 silly packumentCache full:https://registry.npmjs.org/d3-path cache-miss
1227 http cache https://registry.npmjs.org/@types%2fd3-time 8ms (cache hit)
1228 silly packumentCache full:https://registry.npmjs.org/@types%2fd3-time set size:52652 disposed:false
1229 http cache https://registry.npmjs.org/d3-time 8ms (cache hit)
1230 silly packumentCache full:https://registry.npmjs.org/d3-time set size:150406 disposed:false
1231 http fetch GET 200 https://registry.npmjs.org/internmap 47ms (cache miss)
1232 silly packumentCache full:https://registry.npmjs.org/internmap set size:undefined disposed:false
1233 http fetch GET 200 https://registry.npmjs.org/d3-time-format 47ms (cache miss)
1234 silly packumentCache full:https://registry.npmjs.org/d3-time-format set size:undefined disposed:false
1235 http fetch GET 200 https://registry.npmjs.org/d3-path 48ms (cache miss)
1236 silly packumentCache full:https://registry.npmjs.org/d3-path set size:undefined disposed:false
1237 http fetch GET 200 https://registry.npmjs.org/d3-color 51ms (cache miss)
1238 silly packumentCache full:https://registry.npmjs.org/d3-color set size:undefined disposed:false
1239 http fetch GET 200 https://registry.npmjs.org/@types%2fd3-path 53ms (cache miss)
1240 silly packumentCache full:https://registry.npmjs.org/@types%2fd3-path set size:undefined disposed:false
1241 http fetch GET 200 https://registry.npmjs.org/d3-format 56ms (cache miss)
1242 silly packumentCache full:https://registry.npmjs.org/d3-format set size:undefined disposed:false
1243 http fetch GET 200 https://registry.npmjs.org/@types%2fd3-color 107ms (cache miss)
1244 silly packumentCache full:https://registry.npmjs.org/@types%2fd3-color set size:undefined disposed:false
1245 silly placeDep ROOT @types/d3-color@3.1.3 OK for: @types/d3-interpolate@3.0.4 want: *
1246 silly placeDep ROOT @types/d3-path@3.1.1 OK for: @types/d3-shape@3.2.0 want: *
1247 silly placeDep ROOT internmap@2.0.3 OK for: d3-array@3.2.4 want: 1 - 2
1248 silly placeDep ROOT d3-color@3.1.0 OK for: d3-interpolate@3.0.1 want: 1 - 3
1249 silly placeDep ROOT d3-format@3.1.2 OK for: d3-scale@4.0.2 want: 1 - 3
1250 silly placeDep ROOT d3-time-format@4.1.0 OK for: d3-scale@4.0.2 want: 2 - 4
1251 silly placeDep ROOT d3-path@3.1.0 OK for: d3-shape@3.2.0 want: ^3.1.0
1252 silly fetch manifest typescript@>=5.0.4
1253 silly packumentCache full:https://registry.npmjs.org/typescript cache-miss
1254 http cache https://registry.npmjs.org/typescript 27ms (cache hit)
1255 silly packumentCache full:https://registry.npmjs.org/typescript set size:15618607 disposed:false
1256 silly fetch manifest bufferutil@^4.0.1
1257 silly packumentCache full:https://registry.npmjs.org/bufferutil cache-miss
1258 http fetch GET 200 https://registry.npmjs.org/bufferutil 43ms (cache miss)
1259 silly packumentCache full:https://registry.npmjs.org/bufferutil set size:undefined disposed:false
1260 silly fetch manifest utf-8-validate@>=5.0.2
1261 silly packumentCache full:https://registry.npmjs.org/utf-8-validate cache-miss
1262 http fetch GET 200 https://registry.npmjs.org/utf-8-validate 91ms (cache miss)
1263 silly packumentCache full:https://registry.npmjs.org/utf-8-validate set size:undefined disposed:false
1264 silly fetch manifest zod@^3.22.0 || ^4.0.0
1265 silly packumentCache full:https://registry.npmjs.org/zod cache-miss
1266 http fetch GET 200 https://registry.npmjs.org/zod 111ms (cache miss)
1267 silly packumentCache full:https://registry.npmjs.org/zod set size:undefined disposed:false
1268 silly placeDep ROOT @noble/curves@1.9.1 OK for: viem@2.56.1 want: 1.9.1
1269 silly placeDep ROOT @noble/hashes@1.8.0 OK for: viem@2.56.1 want: 1.8.0
1270 silly placeDep ROOT @scure/bip32@1.7.0 OK for: viem@2.56.1 want: 1.7.0
1271 silly placeDep ROOT @scure/bip39@1.6.0 OK for: viem@2.56.1 want: 1.6.0
1272 silly placeDep ROOT abitype@1.2.3 OK for: viem@2.56.1 want: 1.2.3
1273 silly placeDep ROOT isows@1.0.7 OK for: viem@2.56.1 want: 1.0.7
1274 silly placeDep ROOT ws@8.21.0 OK for: isows@1.0.7 want: *
1275 silly placeDep ROOT ox@0.14.34 OK for: viem@2.56.1 want: 0.14.34
1276 silly fetch manifest @scure/base@~1.2.5
1277 silly packumentCache full:https://registry.npmjs.org/@scure%2fbase cache-miss
1278 silly fetch manifest @scure/base@~1.2.5
1279 silly packumentCache full:https://registry.npmjs.org/@scure%2fbase cache-miss
1280 silly fetch manifest eventemitter3@5.0.1
1281 silly packumentCache full:https://registry.npmjs.org/eventemitter3 cache-miss
1282 silly fetch manifest @noble/ciphers@^1.3.0
1283 silly packumentCache full:https://registry.npmjs.org/@noble%2fciphers cache-miss
1284 silly fetch manifest @adraffy/ens-normalize@^1.11.0
1285 silly packumentCache full:https://registry.npmjs.org/@adraffy%2fens-normalize cache-miss
1286 http cache https://registry.npmjs.org/eventemitter3 12ms (cache hit)
1287 silly packumentCache full:https://registry.npmjs.org/eventemitter3 set size:92292 disposed:false
1288 http fetch GET 200 https://registry.npmjs.org/@scure%2fbase 73ms (cache miss)
1289 silly packumentCache full:https://registry.npmjs.org/@scure%2fbase set size:undefined disposed:false
1290 http fetch GET 200 https://registry.npmjs.org/@scure%2fbase 79ms (cache miss)
1291 silly packumentCache full:https://registry.npmjs.org/@scure%2fbase set size:undefined disposed:false
1292 http fetch GET 200 https://registry.npmjs.org/@adraffy%2fens-normalize 119ms (cache miss)
1293 silly packumentCache full:https://registry.npmjs.org/@adraffy%2fens-normalize set size:undefined disposed:false
1294 http fetch GET 200 https://registry.npmjs.org/@noble%2fciphers 121ms (cache miss)
1295 silly packumentCache full:https://registry.npmjs.org/@noble%2fciphers set size:undefined disposed:false
1296 silly placeDep ROOT @scure/base@1.2.6 OK for: @scure/bip32@1.7.0 want: ~1.2.5
1297 silly placeDep ROOT @adraffy/ens-normalize@1.11.1 OK for: ox@0.14.34 want: ^1.11.0
1298 silly placeDep ROOT @noble/ciphers@1.3.0 OK for: ox@0.14.34 want: ^1.3.0
1299 silly placeDep node_modules/ox eventemitter3@5.0.1 OK for: ox@0.14.34 want: 5.0.1
1300 silly fetch manifest @tanstack/query-core@>=5.0.0
1301 silly packumentCache full:https://registry.npmjs.org/@tanstack%2fquery-core cache-miss
1302 http cache https://registry.npmjs.org/@tanstack%2fquery-core 4ms (cache hit)
1303 silly packumentCache full:https://registry.npmjs.org/@tanstack%2fquery-core set size:1141625 disposed:false
1304 silly fetch manifest viem@2.x
1305 silly packumentCache full:https://registry.npmjs.org/viem cache-miss
1306 http cache https://registry.npmjs.org/viem 19ms (cache hit)
1307 silly packumentCache full:https://registry.npmjs.org/viem set size:11078162 disposed:false
1308 silly placeDep ROOT @wagmi/connectors@6.2.0 OK for: wagmi@2.19.5 want: 6.2.0
1309 silly placeDep ROOT @wagmi/core@2.22.1 OK for: @wagmi/connectors@6.2.0 want: 2.22.1
1310 silly placeDep ROOT use-sync-external-store@1.4.0 OK for: wagmi@2.19.5 want: 1.4.0
1311 silly fetch manifest porto@0.2.35
1312 silly packumentCache full:https://registry.npmjs.org/porto cache-miss
1313 silly fetch manifest cbw-sdk@npm:@coinbase/wallet-sdk@3.9.3
1314 silly packumentCache full:https://registry.npmjs.org/@coinbase%2fwallet-sdk cache-miss
1315 silly fetch manifest @metamask/sdk@0.33.1
1316 silly packumentCache full:https://registry.npmjs.org/@metamask%2fsdk cache-miss
1317 silly fetch manifest @base-org/account@2.4.0
1318 silly packumentCache full:https://registry.npmjs.org/@base-org%2faccount cache-miss
1319 silly fetch manifest @gemini-wallet/core@0.3.2
1320 silly packumentCache full:https://registry.npmjs.org/@gemini-wallet%2fcore cache-miss
1321 silly fetch manifest @coinbase/wallet-sdk@4.3.6
1322 silly packumentCache full:https://registry.npmjs.org/@coinbase%2fwallet-sdk cache-miss
1323 silly fetch manifest @safe-global/safe-apps-sdk@9.1.0
1324 silly packumentCache full:https://registry.npmjs.org/@safe-global%2fsafe-apps-sdk cache-miss
1325 silly fetch manifest @safe-global/safe-apps-provider@0.18.6
1326 silly packumentCache full:https://registry.npmjs.org/@safe-global%2fsafe-apps-provider cache-miss
1327 silly fetch manifest @walletconnect/ethereum-provider@2.21.1
1328 silly packumentCache full:https://registry.npmjs.org/@walletconnect%2fethereum-provider cache-miss
1329 silly fetch manifest mipd@0.0.7
1330 silly packumentCache full:https://registry.npmjs.org/mipd cache-miss
1331 silly fetch manifest zustand@5.0.0
1332 silly packumentCache full:https://registry.npmjs.org/zustand cache-miss
1333 http fetch GET 200 https://registry.npmjs.org/zustand 63ms (cache miss)
1334 silly packumentCache full:https://registry.npmjs.org/zustand set size:undefined disposed:false
1335 http fetch GET 200 https://registry.npmjs.org/mipd 237ms (cache miss)
1336 silly packumentCache full:https://registry.npmjs.org/mipd set size:undefined disposed:false
1337 http fetch GET 200 https://registry.npmjs.org/porto 262ms (cache miss)
1338 silly packumentCache full:https://registry.npmjs.org/porto set size:undefined disposed:false
1339 http fetch GET 200 https://registry.npmjs.org/@walletconnect%2fethereum-provider 294ms (cache miss)
1340 silly packumentCache full:https://registry.npmjs.org/@walletconnect%2fethereum-provider set size:undefined disposed:false
1341 http fetch GET 200 https://registry.npmjs.org/@coinbase%2fwallet-sdk 466ms (cache miss)
1342 silly packumentCache full:https://registry.npmjs.org/@coinbase%2fwallet-sdk set size:undefined disposed:false
1343 http fetch GET 200 https://registry.npmjs.org/@coinbase%2fwallet-sdk 468ms (cache miss)
1344 silly packumentCache full:https://registry.npmjs.org/@coinbase%2fwallet-sdk set size:undefined disposed:false
1345 http fetch GET 200 https://registry.npmjs.org/@base-org%2faccount 477ms (cache miss)
1346 silly packumentCache full:https://registry.npmjs.org/@base-org%2faccount set size:undefined disposed:false
1347 http fetch GET 200 https://registry.npmjs.org/@safe-global%2fsafe-apps-sdk 628ms (cache miss)
1348 silly packumentCache full:https://registry.npmjs.org/@safe-global%2fsafe-apps-sdk set size:undefined disposed:false
1349 http fetch GET 200 https://registry.npmjs.org/@gemini-wallet%2fcore 638ms (cache miss)
1350 silly packumentCache full:https://registry.npmjs.org/@gemini-wallet%2fcore set size:undefined disposed:false
1351 http fetch GET 200 https://registry.npmjs.org/@metamask%2fsdk 639ms (cache miss)
1352 silly packumentCache full:https://registry.npmjs.org/@metamask%2fsdk set size:undefined disposed:false
1353 http fetch GET 200 https://registry.npmjs.org/@safe-global%2fsafe-apps-provider 914ms (cache miss)
1354 silly packumentCache full:https://registry.npmjs.org/@safe-global%2fsafe-apps-provider set size:undefined disposed:false
1355 silly fetch manifest @tanstack/react-query@>=5.59.0
1356 silly packumentCache full:https://registry.npmjs.org/@tanstack%2freact-query cache-miss
1357 http cache https://registry.npmjs.org/@tanstack%2freact-query 5ms (cache hit)
1358 silly packumentCache full:https://registry.npmjs.org/@tanstack%2freact-query set size:1657982 disposed:false
1359 silly fetch manifest react@^18 || ^19
1360 silly packumentCache full:https://registry.npmjs.org/react cache-miss
1361 http cache https://registry.npmjs.org/react 13ms (cache hit)
1362 silly packumentCache full:https://registry.npmjs.org/react set size:6926968 disposed:false
1363 silly fetch manifest expo-auth-session@>=7.0.8
1364 silly packumentCache full:https://registry.npmjs.org/expo-auth-session cache-miss
1365 http fetch GET 200 https://registry.npmjs.org/expo-auth-session 121ms (cache miss)
1366 silly packumentCache full:https://registry.npmjs.org/expo-auth-session set size:undefined disposed:false
1367 silly fetch manifest react-native@*
1368 silly packumentCache full:https://registry.npmjs.org/react-native cache-miss
1369 http fetch GET 200 https://registry.npmjs.org/react-native 386ms (cache miss)
1370 silly packumentCache full:https://registry.npmjs.org/react-native set size:undefined disposed:false
1371 silly fetch manifest @types/react@^19.1.1
1372 silly packumentCache full:https://registry.npmjs.org/@types%2freact cache-miss
1373 http cache https://registry.npmjs.org/@types%2freact 13ms (cache hit)
1374 silly packumentCache full:https://registry.npmjs.org/@types%2freact set size:2637439 disposed:false
1375 silly fetch manifest expo-crypto@>=15.0.7
1376 silly packumentCache full:https://registry.npmjs.org/expo-crypto cache-miss
1377 http fetch GET 200 https://registry.npmjs.org/expo-crypto 91ms (cache miss)
1378 silly packumentCache full:https://registry.npmjs.org/expo-crypto set size:undefined disposed:false
1379 silly fetch manifest expo@*
1380 silly packumentCache full:https://registry.npmjs.org/expo cache-miss
1381 http fetch GET 200 https://registry.npmjs.org/expo 159ms (cache miss)
1382 silly packumentCache full:https://registry.npmjs.org/expo set size:undefined disposed:false
1383 silly fetch manifest @expo/metro-runtime@*
1384 silly packumentCache full:https://registry.npmjs.org/@expo%2fmetro-runtime cache-miss
1385 http fetch GET 200 https://registry.npmjs.org/@expo%2fmetro-runtime 69ms (cache miss)
1386 silly packumentCache full:https://registry.npmjs.org/@expo%2fmetro-runtime set size:undefined disposed:false
1387 silly fetch manifest react-dom@*
1388 silly packumentCache full:https://registry.npmjs.org/react-dom cache-miss
1389 http cache https://registry.npmjs.org/react-dom 17ms (cache hit)
1390 silly packumentCache full:https://registry.npmjs.org/react-dom set size:9313795 disposed:false
1391 silly fetch manifest react-native-web@*
1392 silly packumentCache full:https://registry.npmjs.org/react-native-web cache-miss
1393 http fetch GET 200 https://registry.npmjs.org/react-native-web 71ms (cache miss)
1394 silly packumentCache full:https://registry.npmjs.org/react-native-web set size:undefined disposed:false
1395 silly fetch manifest react-native-webview@*
1396 silly packumentCache full:https://registry.npmjs.org/react-native-webview cache-miss
1397 http fetch GET 200 https://registry.npmjs.org/react-native-webview 92ms (cache miss)
1398 silly packumentCache full:https://registry.npmjs.org/react-native-webview set size:undefined disposed:false
1399 silly fetch manifest expo-web-browser@>=15.0.8
1400 silly packumentCache full:https://registry.npmjs.org/expo-web-browser cache-miss
1401 http fetch GET 200 https://registry.npmjs.org/expo-web-browser 56ms (cache miss)
1402 silly packumentCache full:https://registry.npmjs.org/expo-web-browser set size:undefined disposed:false
1403 silly fetch manifest wagmi@>=2.0.0
1404 silly packumentCache full:https://registry.npmjs.org/wagmi cache-miss
1405 http cache https://registry.npmjs.org/wagmi 8ms (cache hit)
1406 silly packumentCache full:https://registry.npmjs.org/wagmi set size:3532695 disposed:false
1407 silly placeDep ROOT @base-org/account@2.4.0 OK for: @wagmi/connectors@6.2.0 want: 2.4.0
1408 silly placeDep ROOT @coinbase/wallet-sdk@4.3.6 OK for: @wagmi/connectors@6.2.0 want: 4.3.6
1409 silly placeDep ROOT @gemini-wallet/core@0.3.2 OK for: @wagmi/connectors@6.2.0 want: 0.3.2
1410 silly placeDep ROOT @metamask/sdk@0.33.1 OK for: @wagmi/connectors@6.2.0 want: 0.33.1
1411 silly placeDep ROOT @safe-global/safe-apps-provider@0.18.6 OK for: @wagmi/connectors@6.2.0 want: 0.18.6
1412 silly placeDep ROOT @safe-global/safe-apps-sdk@9.1.0 OK for: @wagmi/connectors@6.2.0 want: 9.1.0
1413 silly placeDep ROOT @walletconnect/ethereum-provider@2.21.1 OK for: @wagmi/connectors@6.2.0 want: 2.21.1
1414 silly placeDep ROOT cbw-sdk@3.9.3 OK for: @wagmi/connectors@6.2.0 want: npm:@coinbase/wallet-sdk@3.9.3
1415 silly placeDep ROOT porto@0.2.35 OK for: @wagmi/connectors@6.2.0 want: 0.2.35
1416 silly fetch manifest ox@0.6.9
1417 silly packumentCache full:https://registry.npmjs.org/ox cache-miss
1418 silly fetch manifest clsx@1.2.1
1419 silly packumentCache full:https://registry.npmjs.org/clsx cache-hit
1420 silly fetch manifest preact@10.24.2
1421 silly packumentCache full:https://registry.npmjs.org/preact cache-miss
1422 silly fetch manifest zustand@5.0.3
1423 silly packumentCache full:https://registry.npmjs.org/zustand cache-miss
1424 silly fetch manifest idb-keyval@6.2.1
1425 silly packumentCache full:https://registry.npmjs.org/idb-keyval cache-miss
1426 silly fetch manifest @noble/hashes@1.4.0
1427 silly packumentCache full:https://registry.npmjs.org/@noble%2fhashes cache-miss
1428 silly fetch manifest @coinbase/cdp-sdk@^1.0.0
1429 silly packumentCache full:https://registry.npmjs.org/@coinbase%2fcdp-sdk cache-miss
1430 silly fetch manifest ox@0.6.9
1431 silly packumentCache full:https://registry.npmjs.org/ox cache-miss
1432 silly fetch manifest clsx@1.2.1
1433 silly packumentCache full:https://registry.npmjs.org/clsx cache-hit
1434 silly fetch manifest preact@10.24.2
1435 silly packumentCache full:https://registry.npmjs.org/preact cache-miss
1436 silly fetch manifest zustand@5.0.3
1437 silly packumentCache full:https://registry.npmjs.org/zustand cache-miss
1438 silly fetch manifest idb-keyval@6.2.1
1439 silly packumentCache full:https://registry.npmjs.org/idb-keyval cache-miss
1440 silly fetch manifest @noble/hashes@1.4.0
1441 silly packumentCache full:https://registry.npmjs.org/@noble%2fhashes cache-miss
1442 silly fetch manifest @metamask/rpc-errors@7.0.2
1443 silly packumentCache full:https://registry.npmjs.org/@metamask%2frpc-errors cache-miss
1444 silly fetch manifest pump@^3.0.0
1445 silly packumentCache full:https://registry.npmjs.org/pump cache-miss
1446 silly fetch manifest util@^0.12.4
1447 silly packumentCache full:https://registry.npmjs.org/util cache-miss
1448 silly fetch manifest uuid@^8.3.2
1449 silly packumentCache full:https://registry.npmjs.org/uuid cache-miss
1450 http cache https://registry.npmjs.org/zustand 18ms (cache hit)
1451 silly packumentCache full:https://registry.npmjs.org/zustand set size:489641 disposed:false
1452 silly fetch manifest debug@4.3.4
1453 silly packumentCache full:https://registry.npmjs.org/debug cache-miss
1454 http cache https://registry.npmjs.org/@noble%2fhashes 21ms (cache hit)
1455 silly packumentCache full:https://registry.npmjs.org/@noble%2fhashes set size:220000 disposed:false
1456 silly fetch manifest bowser@^2.9.0
1457 silly packumentCache full:https://registry.npmjs.org/bowser cache-miss
1458 http cache https://registry.npmjs.org/ox 30ms (cache hit)
1459 silly packumentCache full:https://registry.npmjs.org/ox set size:6237238 disposed:false
1460 silly fetch manifest eciesjs@^0.4.11
1461 silly packumentCache full:https://registry.npmjs.org/eciesjs cache-miss
1462 http cache https://registry.npmjs.org/@noble%2fhashes 56ms (cache hit)
1463 silly packumentCache full:https://registry.npmjs.org/@noble%2fhashes set size:220000 disposed:false
1464 silly packumentCache full:https://registry.npmjs.org/@noble%2fhashes dispose
1465 silly fetch manifest cross-fetch@^4.0.0
1466 silly packumentCache full:https://registry.npmjs.org/cross-fetch cache-miss
1467 http cache https://registry.npmjs.org/zustand 60ms (cache hit)
1468 silly packumentCache full:https://registry.npmjs.org/zustand set size:489641 disposed:false
1469 silly packumentCache full:https://registry.npmjs.org/zustand dispose
1470 silly fetch manifest @paulmillr/qr@^0.2.1
1471 silly packumentCache full:https://registry.npmjs.org/@paulmillr%2fqr cache-miss
1472 http cache https://registry.npmjs.org/ox 71ms (cache hit)
1473 silly packumentCache full:https://registry.npmjs.org/ox set size:6237238 disposed:false
1474 silly fetch manifest eventemitter2@^6.4.9
1475 silly packumentCache full:https://registry.npmjs.org/eventemitter2 cache-miss
1476 http fetch GET 200 https://registry.npmjs.org/pump 108ms (cache miss)
1477 silly packumentCache full:https://registry.npmjs.org/pump set size:undefined disposed:false
1478 silly fetch manifest obj-multiplex@^1.0.0
1479 silly packumentCache full:https://registry.npmjs.org/obj-multiplex cache-miss
1480 http fetch GET 200 https://registry.npmjs.org/util 108ms (cache miss)
1481 silly packumentCache full:https://registry.npmjs.org/util set size:undefined disposed:false
1482 silly fetch manifest eth-rpc-errors@^4.0.3
1483 silly packumentCache full:https://registry.npmjs.org/eth-rpc-errors cache-miss
1484 http fetch GET 200 https://registry.npmjs.org/eciesjs 64ms (cache miss)
1485 silly packumentCache full:https://registry.npmjs.org/eciesjs set size:undefined disposed:false
1486 silly fetch manifest readable-stream@^3.6.2
1487 silly packumentCache full:https://registry.npmjs.org/readable-stream cache-miss
1488 http fetch GET 200 https://registry.npmjs.org/idb-keyval 118ms (cache miss)
1489 silly packumentCache full:https://registry.npmjs.org/idb-keyval set size:undefined disposed:false
1490 silly fetch manifest socket.io-client@^4.5.1
1491 silly packumentCache full:https://registry.npmjs.org/socket.io-client cache-miss
1492 http fetch GET 200 https://registry.npmjs.org/idb-keyval 120ms (cache miss)
1493 silly packumentCache full:https://registry.npmjs.org/idb-keyval set size:undefined disposed:false
1494 silly fetch manifest @metamask/providers@16.1.0
1495 silly packumentCache full:https://registry.npmjs.org/@metamask%2fproviders cache-miss
1496 http fetch GET 200 https://registry.npmjs.org/debug 102ms (cache miss)
1497 silly packumentCache full:https://registry.npmjs.org/debug set size:undefined disposed:false
1498 silly fetch manifest @metamask/onboarding@^1.0.1
1499 silly packumentCache full:https://registry.npmjs.org/@metamask%2fonboarding cache-miss
1500 http fetch GET 200 https://registry.npmjs.org/bowser 107ms (cache miss)
1501 silly packumentCache full:https://registry.npmjs.org/bowser set size:undefined disposed:false
1502 silly fetch manifest @metamask/sdk-analytics@0.0.5
1503 silly packumentCache full:https://registry.npmjs.org/@metamask%2fsdk-analytics cache-miss
1504 http fetch GET 200 https://registry.npmjs.org/cross-fetch 79ms (cache miss)
1505 silly packumentCache full:https://registry.npmjs.org/cross-fetch set size:undefined disposed:false
1506 silly fetch manifest @metamask/sdk-install-modal-web@0.32.1
1507 silly packumentCache full:https://registry.npmjs.org/@metamask%2fsdk-install-modal-web cache-miss
1508 http fetch GET 200 https://registry.npmjs.org/eventemitter2 50ms (cache miss)
1509 silly packumentCache full:https://registry.npmjs.org/eventemitter2 set size:undefined disposed:false
1510 silly fetch manifest @metamask/sdk-communication-layer@0.33.1
1511 silly packumentCache full:https://registry.npmjs.org/@metamask%2fsdk-communication-layer cache-miss
1512 http fetch GET 200 https://registry.npmjs.org/preact 147ms (cache miss)
1513 silly packumentCache full:https://registry.npmjs.org/preact set size:undefined disposed:false
1514 silly fetch manifest events@^3.3.0
1515 silly packumentCache full:https://registry.npmjs.org/events cache-miss
1516 http fetch GET 200 https://registry.npmjs.org/preact 157ms (cache miss)
1517 silly packumentCache full:https://registry.npmjs.org/preact set size:undefined disposed:false
1518 silly fetch manifest @safe-global/safe-apps-sdk@^9.1.0
1519 silly packumentCache full:https://registry.npmjs.org/@safe-global%2fsafe-apps-sdk cache-miss
1520 http cache https://registry.npmjs.org/@safe-global%2fsafe-apps-sdk 11ms (cache hit)
1521 silly packumentCache full:https://registry.npmjs.org/@safe-global%2fsafe-apps-sdk set size:86635 disposed:false
1522 silly fetch manifest @safe-global/safe-gateway-typescript-sdk@^3.5.3
1523 silly packumentCache full:https://registry.npmjs.org/@safe-global%2fsafe-gateway-typescript-sdk cache-miss
1524 http fetch GET 200 https://registry.npmjs.org/readable-stream 63ms (cache miss)
1525 silly packumentCache full:https://registry.npmjs.org/readable-stream set size:undefined disposed:false
1526 silly fetch manifest events@3.3.0
1527 silly packumentCache full:https://registry.npmjs.org/events cache-miss
1528 http fetch GET 200 https://registry.npmjs.org/socket.io-client 65ms (cache miss)
1529 silly packumentCache full:https://registry.npmjs.org/socket.io-client set size:undefined disposed:false
1530 silly fetch manifest @reown/appkit@1.7.8
1531 silly packumentCache full:https://registry.npmjs.org/@reown%2fappkit cache-miss
1532 http fetch GET 200 https://registry.npmjs.org/uuid 185ms (cache miss)
1533 silly packumentCache full:https://registry.npmjs.org/uuid set size:undefined disposed:false
1534 silly fetch manifest @walletconnect/types@2.21.1
1535 silly packumentCache full:https://registry.npmjs.org/@walletconnect%2ftypes cache-miss
1536 http fetch GET 200 https://registry.npmjs.org/events 41ms (cache miss)
1537 silly packumentCache full:https://registry.npmjs.org/events set size:undefined disposed:false
1538 silly fetch manifest @walletconnect/utils@2.21.1
1539 silly packumentCache full:https://registry.npmjs.org/@walletconnect%2futils cache-miss
1540 http fetch GET 200 https://registry.npmjs.org/events 36ms (cache miss)
1541 silly packumentCache full:https://registry.npmjs.org/events set size:undefined disposed:false
1542 silly fetch manifest @walletconnect/sign-client@2.21.1
1543 silly packumentCache full:https://registry.npmjs.org/@walletconnect%2fsign-client cache-miss
1544 http fetch GET 200 https://registry.npmjs.org/obj-multiplex 249ms (cache miss)
1545 silly packumentCache full:https://registry.npmjs.org/obj-multiplex set size:undefined disposed:false
1546 silly fetch manifest @walletconnect/jsonrpc-types@1.0.4
1547 silly packumentCache full:https://registry.npmjs.org/@walletconnect%2fjsonrpc-types cache-miss
1548 http fetch GET 200 https://registry.npmjs.org/eth-rpc-errors 249ms (cache miss)
1549 silly packumentCache full:https://registry.npmjs.org/eth-rpc-errors set size:undefined disposed:false
1550 silly fetch manifest @walletconnect/jsonrpc-utils@1.0.8
1551 silly packumentCache full:https://registry.npmjs.org/@walletconnect%2fjsonrpc-utils cache-miss
1552 http fetch GET 200 https://registry.npmjs.org/@coinbase%2fcdp-sdk 623ms (cache miss)
1553 silly packumentCache full:https://registry.npmjs.org/@coinbase%2fcdp-sdk set size:undefined disposed:false
1554 silly fetch manifest @walletconnect/keyvaluestorage@1.1.1
1555 silly packumentCache full:https://registry.npmjs.org/@walletconnect%2fkeyvaluestorage cache-miss
1556 http fetch GET 200 https://registry.npmjs.org/@metamask%2frpc-errors 651ms (cache miss)
1557 silly packumentCache full:https://registry.npmjs.org/@metamask%2frpc-errors set size:undefined disposed:false
1558 silly fetch manifest @walletconnect/jsonrpc-provider@1.0.14
1559 silly packumentCache full:https://registry.npmjs.org/@walletconnect%2fjsonrpc-provider cache-miss
1560 http fetch GET 200 https://registry.npmjs.org/@paulmillr%2fqr 660ms (cache miss)
1561 silly packumentCache full:https://registry.npmjs.org/@paulmillr%2fqr set size:undefined disposed:false
1562 silly fetch manifest @walletconnect/universal-provider@2.21.1
1563 silly packumentCache full:https://registry.npmjs.org/@walletconnect%2funiversal-provider cache-miss
1564 http fetch GET 200 https://registry.npmjs.org/@metamask%2fsdk-analytics 594ms (cache miss)
1565 silly packumentCache full:https://registry.npmjs.org/@metamask%2fsdk-analytics set size:undefined disposed:false
1566 silly fetch manifest @walletconnect/jsonrpc-http-connection@1.0.8
1567 silly packumentCache full:https://registry.npmjs.org/@walletconnect%2fjsonrpc-http-connection cache-miss
1568 http fetch GET 200 https://registry.npmjs.org/@metamask%2fonboarding 645ms (cache miss)
1569 silly packumentCache full:https://registry.npmjs.org/@metamask%2fonboarding set size:undefined disposed:false
1570 silly fetch manifest clsx@^1.2.1
1571 silly packumentCache full:https://registry.npmjs.org/clsx cache-hit
1572 silly fetch manifest bn.js@^5.2.1
1573 silly packumentCache full:https://registry.npmjs.org/bn.js cache-miss
1574 http fetch GET 200 https://registry.npmjs.org/@safe-global%2fsafe-gateway-typescript-sdk 600ms (cache miss)
1575 silly packumentCache full:https://registry.npmjs.org/@safe-global%2fsafe-gateway-typescript-sdk set size:undefined disposed:false
1576 silly fetch manifest buffer@^6.0.3
1577 silly packumentCache full:https://registry.npmjs.org/buffer cache-miss
1578 http fetch GET 200 https://registry.npmjs.org/@metamask%2fsdk-install-modal-web 652ms (cache miss)
1579 silly packumentCache full:https://registry.npmjs.org/@metamask%2fsdk-install-modal-web set size:undefined disposed:false
1580 silly fetch manifest keccak@^3.0.3
1581 silly packumentCache full:https://registry.npmjs.org/keccak cache-miss
1582 http fetch GET 200 https://registry.npmjs.org/@metamask%2fproviders 692ms (cache miss)
1583 silly packumentCache full:https://registry.npmjs.org/@metamask%2fproviders set size:undefined disposed:false
1584 silly fetch manifest preact@^10.16.0
1585 silly packumentCache full:https://registry.npmjs.org/preact cache-miss
1586 http cache https://registry.npmjs.org/preact 6ms (cache hit)
1587 silly packumentCache full:https://registry.npmjs.org/preact set size:1885185 disposed:false
1588 silly fetch manifest sha.js@^2.4.11
1589 silly packumentCache full:https://registry.npmjs.org/sha.js cache-miss
1590 http fetch GET 200 https://registry.npmjs.org/bn.js 63ms (cache miss)
1591 silly packumentCache full:https://registry.npmjs.org/bn.js set size:undefined disposed:false
1592 silly fetch manifest eventemitter3@^5.0.1
1593 silly packumentCache full:https://registry.npmjs.org/eventemitter3 cache-hit
1594 silly fetch manifest eth-block-tracker@^7.1.0
1595 silly packumentCache full:https://registry.npmjs.org/eth-block-tracker cache-miss
1596 http fetch GET 200 https://registry.npmjs.org/buffer 61ms (cache miss)
1597 silly packumentCache full:https://registry.npmjs.org/buffer set size:undefined disposed:false
1598 silly fetch manifest eth-json-rpc-filters@^6.0.0
1599 silly packumentCache full:https://registry.npmjs.org/eth-json-rpc-filters cache-miss
1600 http fetch GET 200 https://registry.npmjs.org/@metamask%2fsdk-communication-layer 708ms (cache miss)
1601 silly packumentCache full:https://registry.npmjs.org/@metamask%2fsdk-communication-layer set size:undefined disposed:false
1602 silly fetch manifest ox@^0.9.6
1603 silly packumentCache full:https://registry.npmjs.org/ox cache-miss
1604 http cache https://registry.npmjs.org/ox 18ms (cache hit)
1605 silly packumentCache full:https://registry.npmjs.org/ox set size:6237238 disposed:false
1606 silly fetch manifest zod@^4.1.5
1607 silly packumentCache full:https://registry.npmjs.org/zod cache-miss
1608 http fetch GET 200 https://registry.npmjs.org/keccak 104ms (cache miss)
1609 silly packumentCache full:https://registry.npmjs.org/keccak set size:undefined disposed:false
1610 silly fetch manifest hono@^4.10.3
1611 silly packumentCache full:https://registry.npmjs.org/hono cache-miss
1612 http fetch GET 200 https://registry.npmjs.org/sha.js 75ms (cache miss)
1613 silly packumentCache full:https://registry.npmjs.org/sha.js set size:undefined disposed:false
1614 silly fetch manifest mipd@^0.0.7
1615 silly packumentCache full:https://registry.npmjs.org/mipd cache-miss
1616 http cache https://registry.npmjs.org/zod 17ms (cache hit)
1617 silly packumentCache full:https://registry.npmjs.org/zod set size:4147901 disposed:false
1618 silly fetch manifest zustand@^5.0.1
1619 silly packumentCache full:https://registry.npmjs.org/zustand cache-hit
1620 silly fetch manifest idb-keyval@^6.2.1
1621 silly packumentCache full:https://registry.npmjs.org/idb-keyval cache-miss
1622 http cache https://registry.npmjs.org/mipd 52ms (cache hit)
1623 silly packumentCache full:https://registry.npmjs.org/mipd set size:88094 disposed:false
1624 http cache https://registry.npmjs.org/idb-keyval 19ms (cache hit)
1625 silly packumentCache full:https://registry.npmjs.org/idb-keyval set size:140904 disposed:false
1626 http fetch GET 200 https://registry.npmjs.org/@walletconnect%2ftypes 774ms (cache miss)
1627 silly packumentCache full:https://registry.npmjs.org/@walletconnect%2ftypes set size:undefined disposed:false
1628 http fetch GET 200 https://registry.npmjs.org/@walletconnect%2fsign-client 759ms (cache miss)
1629 silly packumentCache full:https://registry.npmjs.org/@walletconnect%2fsign-client set size:undefined disposed:false
1630 http fetch GET 200 https://registry.npmjs.org/@walletconnect%2fjsonrpc-utils 627ms (cache miss)
1631 silly packumentCache full:https://registry.npmjs.org/@walletconnect%2fjsonrpc-utils set size:undefined disposed:false
1632 http fetch GET 200 https://registry.npmjs.org/@walletconnect%2fjsonrpc-types 636ms (cache miss)
1633 silly packumentCache full:https://registry.npmjs.org/@walletconnect%2fjsonrpc-types set size:undefined disposed:false
1634 http fetch GET 200 https://registry.npmjs.org/@walletconnect%2futils 814ms (cache miss)
1635 silly packumentCache full:https://registry.npmjs.org/@walletconnect%2futils set size:undefined disposed:false
1636 http fetch GET 200 https://registry.npmjs.org/@reown%2fappkit 841ms (cache miss)
1637 silly packumentCache full:https://registry.npmjs.org/@reown%2fappkit set size:undefined disposed:false
1638 http fetch GET 200 https://registry.npmjs.org/hono 170ms (cache miss)
1639 silly packumentCache full:https://registry.npmjs.org/hono set size:undefined disposed:false
1640 http fetch GET 200 https://registry.npmjs.org/eth-json-rpc-filters 263ms (cache miss)
1641 silly packumentCache full:https://registry.npmjs.org/eth-json-rpc-filters set size:undefined disposed:false
1642 http fetch GET 200 https://registry.npmjs.org/eth-block-tracker 274ms (cache miss)
1643 silly packumentCache full:https://registry.npmjs.org/eth-block-tracker set size:undefined disposed:false
1644 http fetch GET 200 https://registry.npmjs.org/@walletconnect%2fkeyvaluestorage 646ms (cache miss)
1645 silly packumentCache full:https://registry.npmjs.org/@walletconnect%2fkeyvaluestorage set size:undefined disposed:false
1646 http fetch GET 200 https://registry.npmjs.org/@walletconnect%2fjsonrpc-provider 629ms (cache miss)
1647 silly packumentCache full:https://registry.npmjs.org/@walletconnect%2fjsonrpc-provider set size:undefined disposed:false
1648 http fetch GET 200 https://registry.npmjs.org/@walletconnect%2fjsonrpc-http-connection 627ms (cache miss)
1649 silly packumentCache full:https://registry.npmjs.org/@walletconnect%2fjsonrpc-http-connection set size:undefined disposed:false
1650 http fetch GET 200 https://registry.npmjs.org/@walletconnect%2funiversal-provider 675ms (cache miss)
1651 silly packumentCache full:https://registry.npmjs.org/@walletconnect%2funiversal-provider set size:undefined disposed:false
1652 silly fetch manifest @types/react@>=18.0.0
1653 silly packumentCache full:https://registry.npmjs.org/@types%2freact cache-miss
1654 http cache https://registry.npmjs.org/@types%2freact 7ms (cache hit)
1655 silly packumentCache full:https://registry.npmjs.org/@types%2freact set size:2637439 disposed:false
1656 silly fetch manifest immer@>=9.0.6
1657 silly packumentCache full:https://registry.npmjs.org/immer cache-miss
1658 http fetch GET 200 https://registry.npmjs.org/immer 54ms (cache miss)
1659 silly packumentCache full:https://registry.npmjs.org/immer set size:undefined disposed:false
1660 silly fetch manifest react@>=18.0.0
1661 silly packumentCache full:https://registry.npmjs.org/react cache-miss
1662 http cache https://registry.npmjs.org/react 13ms (cache hit)
1663 silly packumentCache full:https://registry.npmjs.org/react set size:6926968 disposed:false
1664 silly fetch manifest use-sync-external-store@>=1.2.0
1665 silly packumentCache full:https://registry.npmjs.org/use-sync-external-store cache-miss
1666 http cache https://registry.npmjs.org/use-sync-external-store 14ms (cache hit)
1667 silly packumentCache full:https://registry.npmjs.org/use-sync-external-store set size:4968927 disposed:false
1668 silly fetch manifest @x402/core@^2.21.0
1669 silly packumentCache full:https://registry.npmjs.org/@x402%2fcore cache-miss
1670 http fetch GET 200 https://registry.npmjs.org/@x402%2fcore 255ms (cache miss)
1671 silly packumentCache full:https://registry.npmjs.org/@x402%2fcore set size:undefined disposed:false
1672 silly fetch manifest @x402/evm@^2.21.0
1673 silly packumentCache full:https://registry.npmjs.org/@x402%2fevm cache-miss
1674 http fetch GET 200 https://registry.npmjs.org/@x402%2fevm 650ms (cache miss)
1675 silly packumentCache full:https://registry.npmjs.org/@x402%2fevm set size:undefined disposed:false
1676 silly fetch manifest @x402/extensions@^2.21.0
1677 silly packumentCache full:https://registry.npmjs.org/@x402%2fextensions cache-miss
1678 http fetch GET 200 https://registry.npmjs.org/@x402%2fextensions 626ms (cache miss)
1679 silly packumentCache full:https://registry.npmjs.org/@x402%2fextensions set size:undefined disposed:false
1680 silly fetch manifest @x402/svm@^2.21.0
1681 silly packumentCache full:https://registry.npmjs.org/@x402%2fsvm cache-miss
1682 http fetch GET 200 https://registry.npmjs.org/@x402%2fsvm 636ms (cache miss)
1683 silly packumentCache full:https://registry.npmjs.org/@x402%2fsvm set size:undefined disposed:false
1684 silly fetch manifest @solana/kit@>=5.1.0
1685 silly packumentCache full:https://registry.npmjs.org/@solana%2fkit cache-miss
1686 http fetch GET 200 https://registry.npmjs.org/@solana%2fkit 120ms (cache miss)
1687 silly packumentCache full:https://registry.npmjs.org/@solana%2fkit set size:undefined disposed:false
1688 silly placeDep ROOT @coinbase/cdp-sdk@1.55.0 OK for: @base-org/account@2.4.0 want: ^1.0.0
1689 silly placeDep node_modules/@base-org/account @noble/hashes@1.4.0 OK for: @base-org/account@2.4.0 want: 1.4.0
1690 silly placeDep node_modules/@base-org/account clsx@1.2.1 OK for: @base-org/account@2.4.0 want: 1.2.1
1691 silly placeDep node_modules/@base-org/account eventemitter3@5.0.1 OK for: @base-org/account@2.4.0 want: 5.0.1
1692 silly placeDep ROOT idb-keyval@6.2.1 OK for: @base-org/account@2.4.0 want: 6.2.1
1693 silly placeDep node_modules/@base-org/account ox@0.6.9 OK for: @base-org/account@2.4.0 want: 0.6.9
1694 silly placeDep ROOT preact@10.24.2 OK for: @base-org/account@2.4.0 want: 10.24.2
1695 silly placeDep ROOT zustand@5.0.3 OK for: @base-org/account@2.4.0 want: 5.0.3
1696 silly fetch manifest @solana-program/system@^0.10.0
1697 silly packumentCache full:https://registry.npmjs.org/@solana-program%2fsystem cache-miss
1698 silly fetch manifest @solana-program/token@^0.9.0
1699 silly packumentCache full:https://registry.npmjs.org/@solana-program%2ftoken cache-miss
1700 silly fetch manifest @solana/kit@^5.5.1
1701 silly packumentCache full:https://registry.npmjs.org/@solana%2fkit cache-miss
1702 silly fetch manifest abitype@1.0.6
1703 silly packumentCache full:https://registry.npmjs.org/abitype cache-miss
1704 silly fetch manifest axios@1.16.0
1705 silly packumentCache full:https://registry.npmjs.org/axios cache-miss
1706 silly fetch manifest axios-retry@^4.5.0
1707 silly packumentCache full:https://registry.npmjs.org/axios-retry cache-miss
1708 silly fetch manifest bs58@^6.0.0
1709 silly packumentCache full:https://registry.npmjs.org/bs58 cache-miss
1710 silly fetch manifest jose@^6.2.0
1711 silly packumentCache full:https://registry.npmjs.org/jose cache-miss
1712 silly fetch manifest md5@^2.3.0
1713 silly packumentCache full:https://registry.npmjs.org/md5 cache-miss
1714 silly fetch manifest uncrypto@^0.1.3
1715 silly packumentCache full:https://registry.npmjs.org/uncrypto cache-miss
1716 silly fetch manifest zod@^3.25.76
1717 silly packumentCache full:https://registry.npmjs.org/zod cache-miss
1718 silly fetch manifest @noble/hashes@^1.5.0
1719 silly packumentCache full:https://registry.npmjs.org/@noble%2fhashes cache-hit
1720 http cache https://registry.npmjs.org/abitype 11ms (cache hit)
1721 silly packumentCache full:https://registry.npmjs.org/abitype set size:589820 disposed:false
1722 http cache https://registry.npmjs.org/zod 18ms (cache hit)
1723 silly packumentCache full:https://registry.npmjs.org/zod set size:4147901 disposed:false
1724 http cache https://registry.npmjs.org/@solana%2fkit 43ms (cache hit)
1725 silly packumentCache full:https://registry.npmjs.org/@solana%2fkit set size:5214719 disposed:false
1726 http fetch GET 200 https://registry.npmjs.org/uncrypto 96ms (cache miss)
1727 silly packumentCache full:https://registry.npmjs.org/uncrypto set size:undefined disposed:false
1728 http fetch GET 200 https://registry.npmjs.org/md5 97ms (cache miss)
1729 silly packumentCache full:https://registry.npmjs.org/md5 set size:undefined disposed:false
1730 http fetch GET 200 https://registry.npmjs.org/bs58 99ms (cache miss)
1731 silly packumentCache full:https://registry.npmjs.org/bs58 set size:undefined disposed:false
1732 http fetch GET 200 https://registry.npmjs.org/axios-retry 100ms (cache miss)
1733 silly packumentCache full:https://registry.npmjs.org/axios-retry set size:undefined disposed:false
1734 http fetch GET 200 https://registry.npmjs.org/axios 108ms (cache miss)
1735 silly packumentCache full:https://registry.npmjs.org/axios set size:undefined disposed:false
1736 http fetch GET 200 https://registry.npmjs.org/jose 114ms (cache miss)
1737 silly packumentCache full:https://registry.npmjs.org/jose set size:undefined disposed:false
1738 http fetch GET 200 https://registry.npmjs.org/@solana-program%2fsystem 620ms (cache miss)
1739 silly packumentCache full:https://registry.npmjs.org/@solana-program%2fsystem set size:undefined disposed:false
1740 http fetch GET 200 https://registry.npmjs.org/@solana-program%2ftoken 644ms (cache miss)
1741 silly packumentCache full:https://registry.npmjs.org/@solana-program%2ftoken set size:undefined disposed:false
1742 silly fetch manifest typescript@^5.0.0
1743 silly packumentCache full:https://registry.npmjs.org/typescript cache-miss
1744 http cache https://registry.npmjs.org/typescript 27ms (cache hit)
1745 silly packumentCache full:https://registry.npmjs.org/typescript set size:15618607 disposed:false
1746 silly placeDep ROOT @solana-program/system@0.10.0 OK for: @coinbase/cdp-sdk@1.55.0 want: ^0.10.0
1747 silly placeDep ROOT @solana/kit@5.5.1 OK for: @solana-program/system@0.10.0 want: ^5.0
1748 silly placeDep ROOT @solana-program/token@0.9.0 OK for: @coinbase/cdp-sdk@1.55.0 want: ^0.9.0
1749 silly placeDep node_modules/@coinbase/cdp-sdk abitype@1.0.6 OK for: @coinbase/cdp-sdk@1.55.0 want: 1.0.6
1750 silly placeDep ROOT axios@1.16.0 OK for: @coinbase/cdp-sdk@1.55.0 want: 1.16.0
1751 silly placeDep ROOT axios-retry@4.5.0 OK for: @coinbase/cdp-sdk@1.55.0 want: ^4.5.0
1752 silly placeDep ROOT bs58@6.0.0 OK for: @coinbase/cdp-sdk@1.55.0 want: ^6.0.0
1753 silly placeDep ROOT jose@6.2.10 OK for: @coinbase/cdp-sdk@1.55.0 want: ^6.2.0
1754 silly placeDep ROOT md5@2.3.0 OK for: @coinbase/cdp-sdk@1.55.0 want: ^2.3.0
1755 silly placeDep ROOT uncrypto@0.1.3 OK for: @coinbase/cdp-sdk@1.55.0 want: ^0.1.3
1756 silly placeDep ROOT zod@3.25.76 OK for: @coinbase/cdp-sdk@1.55.0 want: ^3.25.76
1757 silly fetch manifest @solana/rpc@5.5.1
1758 silly packumentCache full:https://registry.npmjs.org/@solana%2frpc cache-miss
1759 silly fetch manifest @solana/keys@5.5.1
1760 silly packumentCache full:https://registry.npmjs.org/@solana%2fkeys cache-miss
1761 silly fetch manifest @solana/codecs@5.5.1
1762 silly packumentCache full:https://registry.npmjs.org/@solana%2fcodecs cache-miss
1763 silly fetch manifest @solana/errors@5.5.1
1764 silly packumentCache full:https://registry.npmjs.org/@solana%2ferrors cache-miss
1765 silly fetch manifest @solana/rpc-api@5.5.1
1766 silly packumentCache full:https://registry.npmjs.org/@solana%2frpc-api cache-miss
1767 silly fetch manifest @solana/signers@5.5.1
1768 silly packumentCache full:https://registry.npmjs.org/@solana%2fsigners cache-miss
1769 silly fetch manifest @solana/sysvars@5.5.1
1770 silly packumentCache full:https://registry.npmjs.org/@solana%2fsysvars cache-miss
1771 silly fetch manifest @solana/accounts@5.5.1
1772 silly packumentCache full:https://registry.npmjs.org/@solana%2faccounts cache-miss
1773 silly fetch manifest @solana/programs@5.5.1
1774 silly packumentCache full:https://registry.npmjs.org/@solana%2fprograms cache-miss
1775 silly fetch manifest @solana/addresses@5.5.1
1776 silly packumentCache full:https://registry.npmjs.org/@solana%2faddresses cache-miss
1777 silly fetch manifest @solana/rpc-types@5.5.1
1778 silly packumentCache full:https://registry.npmjs.org/@solana%2frpc-types cache-miss
1779 silly fetch manifest @solana/functional@5.5.1
1780 silly packumentCache full:https://registry.npmjs.org/@solana%2ffunctional cache-miss
1781 silly fetch manifest @solana/plugin-core@5.5.1
1782 silly packumentCache full:https://registry.npmjs.org/@solana%2fplugin-core cache-miss
1783 silly fetch manifest @solana/instructions@5.5.1
1784 silly packumentCache full:https://registry.npmjs.org/@solana%2finstructions cache-miss
1785 silly fetch manifest @solana/transactions@5.5.1
1786 silly packumentCache full:https://registry.npmjs.org/@solana%2ftransactions cache-miss
1787 http fetch GET 200 https://registry.npmjs.org/@solana%2fplugin-core 825ms (cache miss)
1788 silly packumentCache full:https://registry.npmjs.org/@solana%2fplugin-core set size:undefined disposed:false
1789 silly fetch manifest @solana/rpc-spec-types@5.5.1
1790 silly packumentCache full:https://registry.npmjs.org/@solana%2frpc-spec-types cache-miss
1791 http fetch GET 200 https://registry.npmjs.org/@solana%2frpc-api 868ms (cache miss)
1792 silly packumentCache full:https://registry.npmjs.org/@solana%2frpc-api set size:undefined disposed:false
1793 silly fetch manifest @solana/rpc-parsed-types@5.5.1
1794 silly packumentCache full:https://registry.npmjs.org/@solana%2frpc-parsed-types cache-miss
1795 http fetch GET 200 https://registry.npmjs.org/@solana%2frpc 892ms (cache miss)
1796 silly packumentCache full:https://registry.npmjs.org/@solana%2frpc set size:undefined disposed:false
1797 silly fetch manifest @solana/instruction-plans@5.5.1
1798 silly packumentCache full:https://registry.npmjs.org/@solana%2finstruction-plans cache-miss
1799 http fetch GET 200 https://registry.npmjs.org/@solana%2fsigners 938ms (cache miss)
1800 silly packumentCache full:https://registry.npmjs.org/@solana%2fsigners set size:undefined disposed:false
1801 silly fetch manifest @solana/offchain-messages@5.5.1
1802 silly packumentCache full:https://registry.npmjs.org/@solana%2foffchain-messages cache-miss
1803 http fetch GET 200 https://registry.npmjs.org/@solana%2fsysvars 990ms (cache miss)
1804 silly packumentCache full:https://registry.npmjs.org/@solana%2fsysvars set size:undefined disposed:false
1805 silly fetch manifest @solana/rpc-subscriptions@5.5.1
1806 silly packumentCache full:https://registry.npmjs.org/@solana%2frpc-subscriptions cache-miss
1807 http fetch GET 200 https://registry.npmjs.org/@solana%2faccounts 1033ms (cache miss)
1808 silly packumentCache full:https://registry.npmjs.org/@solana%2faccounts set size:undefined disposed:false
1809 silly fetch manifest @solana/transaction-messages@5.5.1
1810 silly packumentCache full:https://registry.npmjs.org/@solana%2ftransaction-messages cache-miss
1811 http fetch GET 200 https://registry.npmjs.org/@solana%2fprograms 1079ms (cache miss)
1812 silly packumentCache full:https://registry.npmjs.org/@solana%2fprograms set size:undefined disposed:false
1813 silly fetch manifest @solana/transaction-confirmation@5.5.1
1814 silly packumentCache full:https://registry.npmjs.org/@solana%2ftransaction-confirmation cache-miss
1815 http fetch GET 200 https://registry.npmjs.org/@solana%2fkeys 1115ms (cache miss)
1816 silly packumentCache full:https://registry.npmjs.org/@solana%2fkeys set size:undefined disposed:false
1817 silly fetch manifest form-data@^4.0.5
1818 silly packumentCache full:https://registry.npmjs.org/form-data cache-miss
1819 http fetch GET 200 https://registry.npmjs.org/@solana%2faddresses 1146ms (cache miss)
1820 silly packumentCache full:https://registry.npmjs.org/@solana%2faddresses set size:undefined disposed:false
1821 silly fetch manifest proxy-from-env@^2.1.0
1822 silly packumentCache full:https://registry.npmjs.org/proxy-from-env cache-miss
1823 http fetch GET 200 https://registry.npmjs.org/@solana%2frpc-types 1187ms (cache miss)
1824 silly packumentCache full:https://registry.npmjs.org/@solana%2frpc-types set size:undefined disposed:false
1825 silly fetch manifest follow-redirects@^1.16.0
1826 silly packumentCache full:https://registry.npmjs.org/follow-redirects cache-miss
1827 http fetch GET 200 https://registry.npmjs.org/form-data 87ms (cache miss)
1828 silly packumentCache full:https://registry.npmjs.org/form-data set size:undefined disposed:false
1829 silly fetch manifest is-retry-allowed@^2.2.0
1830 silly packumentCache full:https://registry.npmjs.org/is-retry-allowed cache-miss
1831 http fetch GET 200 https://registry.npmjs.org/@solana%2ffunctional 1235ms (cache miss)
1832 silly packumentCache full:https://registry.npmjs.org/@solana%2ffunctional set size:undefined disposed:false
1833 silly fetch manifest base-x@^5.0.0
1834 silly packumentCache full:https://registry.npmjs.org/base-x cache-miss
1835 http fetch GET 200 https://registry.npmjs.org/@solana%2ferrors 1269ms (cache miss)
1836 silly packumentCache full:https://registry.npmjs.org/@solana%2ferrors set size:undefined disposed:false
1837 silly fetch manifest crypt@0.0.2
1838 silly packumentCache full:https://registry.npmjs.org/crypt cache-miss
1839 http fetch GET 200 https://registry.npmjs.org/proxy-from-env 142ms (cache miss)
1840 silly packumentCache full:https://registry.npmjs.org/proxy-from-env set size:undefined disposed:false
1841 silly fetch manifest charenc@0.0.2
1842 silly packumentCache full:https://registry.npmjs.org/charenc cache-miss
1843 http fetch GET 200 https://registry.npmjs.org/@solana%2finstructions 1324ms (cache miss)
1844 silly packumentCache full:https://registry.npmjs.org/@solana%2finstructions set size:undefined disposed:false
1845 silly fetch manifest is-buffer@~1.1.6
1846 silly packumentCache full:https://registry.npmjs.org/is-buffer cache-miss
1847 http fetch GET 200 https://registry.npmjs.org/is-retry-allowed 125ms (cache miss)
1848 silly packumentCache full:https://registry.npmjs.org/is-retry-allowed set size:undefined disposed:false
1849 http fetch GET 200 https://registry.npmjs.org/follow-redirects 138ms (cache miss)
1850 silly packumentCache full:https://registry.npmjs.org/follow-redirects set size:undefined disposed:false
1851 http fetch GET 200 https://registry.npmjs.org/@solana%2fcodecs 1363ms (cache miss)
1852 silly packumentCache full:https://registry.npmjs.org/@solana%2fcodecs set size:undefined disposed:false
1853 http fetch GET 200 https://registry.npmjs.org/crypt 92ms (cache miss)
1854 silly packumentCache full:https://registry.npmjs.org/crypt set size:undefined disposed:false
1855 http fetch GET 200 https://registry.npmjs.org/base-x 135ms (cache miss)
1856 silly packumentCache full:https://registry.npmjs.org/base-x set size:undefined disposed:false
1857 http fetch GET 200 https://registry.npmjs.org/charenc 84ms (cache miss)
1858 silly packumentCache full:https://registry.npmjs.org/charenc set size:undefined disposed:false
1859 http fetch GET 200 https://registry.npmjs.org/@solana%2ftransactions 1408ms (cache miss)
1860 silly packumentCache full:https://registry.npmjs.org/@solana%2ftransactions set size:undefined disposed:false
1861 http fetch GET 200 https://registry.npmjs.org/is-buffer 104ms (cache miss)
1862 silly packumentCache full:https://registry.npmjs.org/is-buffer set size:undefined disposed:false
1863 http fetch GET 200 https://registry.npmjs.org/@solana%2frpc-spec-types 682ms (cache miss)
1864 silly packumentCache full:https://registry.npmjs.org/@solana%2frpc-spec-types set size:undefined disposed:false
1865 http fetch GET 200 https://registry.npmjs.org/@solana%2frpc-parsed-types 665ms (cache miss)
1866 silly packumentCache full:https://registry.npmjs.org/@solana%2frpc-parsed-types set size:undefined disposed:false
1867 http fetch GET 200 https://registry.npmjs.org/@solana%2foffchain-messages 657ms (cache miss)
1868 silly packumentCache full:https://registry.npmjs.org/@solana%2foffchain-messages set size:undefined disposed:false
1869 http fetch GET 200 https://registry.npmjs.org/@solana%2frpc-subscriptions 681ms (cache miss)
1870 silly packumentCache full:https://registry.npmjs.org/@solana%2frpc-subscriptions set size:undefined disposed:false
1871 http fetch GET 200 https://registry.npmjs.org/@solana%2ftransaction-messages 647ms (cache miss)
1872 silly packumentCache full:https://registry.npmjs.org/@solana%2ftransaction-messages set size:undefined disposed:false
1873 http fetch GET 200 https://registry.npmjs.org/@solana%2ftransaction-confirmation 648ms (cache miss)
1874 silly packumentCache full:https://registry.npmjs.org/@solana%2ftransaction-confirmation set size:undefined disposed:false
1875 http fetch GET 200 https://registry.npmjs.org/@solana%2finstruction-plans 5457ms (cache miss)
1876 silly packumentCache full:https://registry.npmjs.org/@solana%2finstruction-plans set size:undefined disposed:false
1877 silly placeDep node_modules/@coinbase/wallet-sdk @noble/hashes@1.4.0 OK for: @coinbase/wallet-sdk@4.3.6 want: 1.4.0
1878 silly placeDep node_modules/@coinbase/wallet-sdk clsx@1.2.1 OK for: @coinbase/wallet-sdk@4.3.6 want: 1.2.1
1879 silly placeDep node_modules/@coinbase/wallet-sdk eventemitter3@5.0.1 OK for: @coinbase/wallet-sdk@4.3.6 want: 5.0.1
1880 silly placeDep node_modules/@coinbase/wallet-sdk ox@0.6.9 OK for: @coinbase/wallet-sdk@4.3.6 want: 0.6.9
1881 silly placeDep ROOT @metamask/rpc-errors@7.0.2 OK for: @gemini-wallet/core@0.3.2 want: 7.0.2
1882 silly placeDep node_modules/@gemini-wallet/core eventemitter3@5.0.1 OK for: @gemini-wallet/core@0.3.2 want: 5.0.1
1883 silly fetch manifest @metamask/utils@^11.0.1
1884 silly packumentCache full:https://registry.npmjs.org/@metamask%2futils cache-miss
1885 silly fetch manifest fast-safe-stringify@^2.0.6
1886 silly packumentCache full:https://registry.npmjs.org/fast-safe-stringify cache-miss
1887 http fetch GET 200 https://registry.npmjs.org/fast-safe-stringify 60ms (cache miss)
1888 silly packumentCache full:https://registry.npmjs.org/fast-safe-stringify set size:undefined disposed:false
1889 http fetch GET 200 https://registry.npmjs.org/@metamask%2futils 250ms (cache miss)
1890 silly packumentCache full:https://registry.npmjs.org/@metamask%2futils set size:undefined disposed:false
1891 silly placeDep ROOT @metamask/utils@11.11.0 OK for: @metamask/rpc-errors@7.0.2 want: ^11.0.1
1892 silly placeDep ROOT fast-safe-stringify@2.1.1 OK for: @metamask/rpc-errors@7.0.2 want: ^2.0.6
1893 silly fetch manifest uuid@^9.0.1
1894 silly packumentCache full:https://registry.npmjs.org/uuid cache-miss
1895 silly fetch manifest debug@^4.3.4
1896 silly packumentCache full:https://registry.npmjs.org/debug cache-miss
1897 silly fetch manifest pony-cause@^2.1.10
1898 silly packumentCache full:https://registry.npmjs.org/pony-cause cache-miss
1899 silly fetch manifest @types/debug@^4.1.7
1900 silly packumentCache full:https://registry.npmjs.org/@types%2fdebug cache-miss
1901 silly fetch manifest @types/lodash@^4.17.20
1902 silly packumentCache full:https://registry.npmjs.org/@types%2flodash cache-miss
1903 silly fetch manifest @ethereumjs/tx@^4.2.0
1904 silly packumentCache full:https://registry.npmjs.org/@ethereumjs%2ftx cache-miss
1905 silly fetch manifest @metamask/superstruct@^3.1.0
1906 silly packumentCache full:https://registry.npmjs.org/@metamask%2fsuperstruct cache-miss
1907 http cache https://registry.npmjs.org/uuid 8ms (cache hit)
1908 silly packumentCache full:https://registry.npmjs.org/uuid set size:260936 disposed:false
1909 http cache https://registry.npmjs.org/debug 10ms (cache hit)
1910 silly packumentCache full:https://registry.npmjs.org/debug set size:195840 disposed:false
1911 http fetch GET 200 https://registry.npmjs.org/pony-cause 46ms (cache miss)
1912 silly packumentCache full:https://registry.npmjs.org/pony-cause set size:undefined disposed:false
1913 http fetch GET 200 https://registry.npmjs.org/@types%2fdebug 54ms (cache miss)
1914 silly packumentCache full:https://registry.npmjs.org/@types%2fdebug set size:undefined disposed:false
1915 http fetch GET 200 https://registry.npmjs.org/@ethereumjs%2ftx 64ms (cache miss)
1916 silly packumentCache full:https://registry.npmjs.org/@ethereumjs%2ftx set size:undefined disposed:false
1917 http fetch GET 200 https://registry.npmjs.org/@types%2flodash 73ms (cache miss)
1918 silly packumentCache full:https://registry.npmjs.org/@types%2flodash set size:undefined disposed:false
1919 http fetch GET 200 https://registry.npmjs.org/@metamask%2fsuperstruct 259ms (cache miss)
1920 silly packumentCache full:https://registry.npmjs.org/@metamask%2fsuperstruct set size:undefined disposed:false
1921 silly placeDep ROOT @metamask/onboarding@1.0.1 OK for: @metamask/sdk@0.33.1 want: ^1.0.1
1922 silly placeDep ROOT @metamask/providers@16.1.0 OK for: @metamask/sdk@0.33.1 want: 16.1.0
1923 silly placeDep ROOT @metamask/sdk-analytics@0.0.5 OK for: @metamask/sdk@0.33.1 want: 0.0.5
1924 silly placeDep ROOT @metamask/sdk-communication-layer@0.33.1 OK for: @metamask/sdk@0.33.1 want: 0.33.1
1925 silly placeDep ROOT eciesjs@0.4.18 OK for: @metamask/sdk-communication-layer@0.33.1 want: *
1926 silly placeDep ROOT cross-fetch@4.1.0 OK for: @metamask/sdk-communication-layer@0.33.1 want: ^4.0.0
1927 silly placeDep ROOT eventemitter2@6.4.9 OK for: @metamask/sdk-communication-layer@0.33.1 want: ^6.4.9
1928 silly placeDep ROOT readable-stream@3.6.2 OK for: @metamask/sdk-communication-layer@0.33.1 want: ^3.6.2
1929 silly placeDep ROOT socket.io-client@4.8.3 OK for: @metamask/sdk-communication-layer@0.33.1 want: ^4.5.1
1930 silly placeDep ROOT @metamask/sdk-install-modal-web@0.32.1 OK for: @metamask/sdk@0.33.1 want: 0.32.1
1931 silly placeDep ROOT @paulmillr/qr@0.2.1 OK for: @metamask/sdk@0.33.1 want: ^0.2.1
1932 silly placeDep ROOT bowser@2.14.1 OK for: @metamask/sdk@0.33.1 want: ^2.9.0
1933 silly placeDep ROOT debug@4.3.4 OK for: @metamask/sdk@0.33.1 want: 4.3.4
1934 silly placeDep ROOT eth-rpc-errors@4.0.3 OK for: @metamask/sdk@0.33.1 want: ^4.0.3
1935 silly placeDep ROOT obj-multiplex@1.0.0 OK for: @metamask/sdk@0.33.1 want: ^1.0.0
1936 silly placeDep ROOT pump@3.0.4 OK for: @metamask/sdk@0.33.1 want: ^3.0.0
1937 silly placeDep ROOT util@0.12.5 OK for: @metamask/sdk@0.33.1 want: ^0.12.4
1938 silly placeDep ROOT uuid@8.3.2 OK for: @metamask/sdk@0.33.1 want: ^8.3.2
1939 silly fetch manifest is-stream@^2.0.0
1940 silly packumentCache full:https://registry.npmjs.org/is-stream cache-miss
1941 silly fetch manifest detect-browser@^5.2.0
1942 silly packumentCache full:https://registry.npmjs.org/detect-browser cache-miss
1943 silly fetch manifest @metamask/utils@^8.3.0
1944 silly packumentCache full:https://registry.npmjs.org/@metamask%2futils cache-miss
1945 silly fetch manifest fast-deep-equal@^3.1.3
1946 silly packumentCache full:https://registry.npmjs.org/fast-deep-equal cache-miss
1947 silly fetch manifest @metamask/rpc-errors@^6.2.1
1948 silly packumentCache full:https://registry.npmjs.org/@metamask%2frpc-errors cache-miss
1949 silly fetch manifest extension-port-stream@^3.0.0
1950 silly packumentCache full:https://registry.npmjs.org/extension-port-stream cache-miss
1951 silly fetch manifest webextension-polyfill@^0.10.0
1952 silly packumentCache full:https://registry.npmjs.org/webextension-polyfill cache-miss
1953 silly fetch manifest @metamask/json-rpc-engine@^8.0.1
1954 silly packumentCache full:https://registry.npmjs.org/@metamask%2fjson-rpc-engine cache-miss
1955 silly fetch manifest @metamask/object-multiplex@^2.0.0
1956 silly packumentCache full:https://registry.npmjs.org/@metamask%2fobject-multiplex cache-miss
1957 silly fetch manifest @metamask/safe-event-emitter@^3.1.1
1958 silly packumentCache full:https://registry.npmjs.org/@metamask%2fsafe-event-emitter cache-miss
1959 silly fetch manifest @metamask/json-rpc-middleware-stream@^7.0.1
1960 silly packumentCache full:https://registry.npmjs.org/@metamask%2fjson-rpc-middleware-stream cache-miss
1961 silly fetch manifest openapi-fetch@^0.13.5
1962 silly packumentCache full:https://registry.npmjs.org/openapi-fetch cache-miss
1963 silly fetch manifest date-fns@^2.29.3
1964 silly packumentCache full:https://registry.npmjs.org/date-fns cache-miss
1965 silly fetch manifest bufferutil@^4.0.8
1966 silly packumentCache full:https://registry.npmjs.org/bufferutil cache-miss
1967 silly fetch manifest utf-8-validate@^5.0.2
1968 silly packumentCache full:https://registry.npmjs.org/utf-8-validate cache-miss
1969 http cache https://registry.npmjs.org/@metamask%2futils 11ms (cache hit)
1970 silly packumentCache full:https://registry.npmjs.org/@metamask%2futils set size:247098 disposed:false
1971 silly fetch manifest @socket.io/component-emitter@~3.1.0
1972 silly packumentCache full:https://registry.npmjs.org/@socket.io%2fcomponent-emitter cache-miss
1973 http cache https://registry.npmjs.org/bufferutil 11ms (cache hit)
1974 silly packumentCache full:https://registry.npmjs.org/bufferutil set size:52668 disposed:false
1975 silly fetch manifest debug@~4.4.1
1976 silly packumentCache full:https://registry.npmjs.org/debug cache-hit
1977 silly fetch manifest engine.io-client@~6.6.1
1978 silly packumentCache full:https://registry.npmjs.org/engine.io-client cache-miss
1979 http cache https://registry.npmjs.org/utf-8-validate 13ms (cache hit)
1980 silly packumentCache full:https://registry.npmjs.org/utf-8-validate set size:77012 disposed:false
1981 silly fetch manifest socket.io-parser@~4.2.4
1982 silly packumentCache full:https://registry.npmjs.org/socket.io-parser cache-miss
1983 http cache https://registry.npmjs.org/@metamask%2frpc-errors 17ms (cache hit)
1984 silly packumentCache full:https://registry.npmjs.org/@metamask%2frpc-errors set size:61637 disposed:false
1985 silly fetch manifest inherits@^2.0.3
1986 silly packumentCache full:https://registry.npmjs.org/inherits cache-miss
1987 http fetch GET 200 https://registry.npmjs.org/inherits 56ms (cache miss)
1988 silly packumentCache full:https://registry.npmjs.org/inherits set size:undefined disposed:false
1989 silly fetch manifest string_decoder@^1.1.1
1990 silly packumentCache full:https://registry.npmjs.org/string_decoder cache-miss
1991 http fetch GET 200 https://registry.npmjs.org/fast-deep-equal 75ms (cache miss)
1992 silly packumentCache full:https://registry.npmjs.org/fast-deep-equal set size:undefined disposed:false
1993 silly fetch manifest node-fetch@^2.7.0
1994 silly packumentCache full:https://registry.npmjs.org/node-fetch cache-miss
1995 http fetch GET 200 https://registry.npmjs.org/is-stream 77ms (cache miss)
1996 silly packumentCache full:https://registry.npmjs.org/is-stream set size:undefined disposed:false
1997 silly fetch manifest @noble/curves@^1.9.7
1998 silly packumentCache full:https://registry.npmjs.org/@noble%2fcurves cache-miss
1999 http fetch GET 200 https://registry.npmjs.org/@socket.io%2fcomponent-emitter 65ms (cache miss)
2000 silly packumentCache full:https://registry.npmjs.org/@socket.io%2fcomponent-emitter set size:undefined disposed:false
2001 silly fetch manifest @ecies/ciphers@^0.2.5
2002 silly packumentCache full:https://registry.npmjs.org/@ecies%2fciphers cache-miss
2003 http fetch GET 200 https://registry.npmjs.org/socket.io-parser 64ms (cache miss)
2004 silly packumentCache full:https://registry.npmjs.org/socket.io-parser set size:undefined disposed:false
2005 silly fetch manifest ms@2.1.2
2006 silly packumentCache full:https://registry.npmjs.org/ms cache-miss
2007 http fetch GET 200 https://registry.npmjs.org/detect-browser 81ms (cache miss)
2008 silly packumentCache full:https://registry.npmjs.org/detect-browser set size:undefined disposed:false
2009 silly fetch manifest end-of-stream@^1.4.0
2010 silly packumentCache full:https://registry.npmjs.org/end-of-stream cache-miss
2011 http fetch GET 200 https://registry.npmjs.org/openapi-fetch 82ms (cache miss)
2012 silly packumentCache full:https://registry.npmjs.org/openapi-fetch set size:undefined disposed:false
2013 silly fetch manifest once@^1.4.0
2014 silly packumentCache full:https://registry.npmjs.org/once cache-miss
2015 http cache https://registry.npmjs.org/@noble%2fcurves 12ms (cache hit)
2016 silly packumentCache full:https://registry.npmjs.org/@noble%2fcurves set size:312318 disposed:false
2017 silly fetch manifest readable-stream@^2.3.3
2018 silly packumentCache full:https://registry.npmjs.org/readable-stream cache-miss
2019 http cache https://registry.npmjs.org/readable-stream 3ms (cache hit)
2020 silly packumentCache full:https://registry.npmjs.org/readable-stream set size:261096 disposed:false
2021 silly fetch manifest end-of-stream@^1.1.0
2022 silly packumentCache full:https://registry.npmjs.org/end-of-stream cache-miss
2023 http fetch GET 200 https://registry.npmjs.org/string_decoder 41ms (cache miss)
2024 silly packumentCache full:https://registry.npmjs.org/string_decoder set size:undefined disposed:false
2025 silly fetch manifest once@^1.3.1
2026 silly packumentCache full:https://registry.npmjs.org/once cache-miss
2027 http fetch GET 200 https://registry.npmjs.org/end-of-stream 40ms (cache miss)
2028 silly packumentCache full:https://registry.npmjs.org/end-of-stream set size:undefined disposed:false
2029 silly fetch manifest is-arguments@^1.0.4
2030 silly packumentCache full:https://registry.npmjs.org/is-arguments cache-miss
2031 http fetch GET 200 https://registry.npmjs.org/once 43ms (cache miss)
2032 silly packumentCache full:https://registry.npmjs.org/once set size:undefined disposed:false
2033 silly fetch manifest is-generator-function@^1.0.7
2034 silly packumentCache full:https://registry.npmjs.org/is-generator-function cache-miss
2035 http fetch GET 200 https://registry.npmjs.org/ms 50ms (cache miss)
2036 silly packumentCache full:https://registry.npmjs.org/ms set size:undefined disposed:false
2037 silly fetch manifest is-typed-array@^1.1.3
2038 silly packumentCache full:https://registry.npmjs.org/is-typed-array cache-miss
2039 http fetch GET 200 https://registry.npmjs.org/node-fetch 63ms (cache miss)
2040 silly packumentCache full:https://registry.npmjs.org/node-fetch set size:undefined disposed:false
2041 silly fetch manifest which-typed-array@^1.1.2
2042 silly packumentCache full:https://registry.npmjs.org/which-typed-array cache-miss
2043 http fetch GET 200 https://registry.npmjs.org/end-of-stream 55ms (cache miss)
2044 silly packumentCache full:https://registry.npmjs.org/end-of-stream set size:undefined disposed:false
2045 http fetch GET 200 https://registry.npmjs.org/once 38ms (cache miss)
2046 silly packumentCache full:https://registry.npmjs.org/once set size:undefined disposed:false
2047 http fetch GET 200 https://registry.npmjs.org/is-arguments 50ms (cache miss)
2048 silly packumentCache full:https://registry.npmjs.org/is-arguments set size:undefined disposed:false
2049 http fetch GET 200 https://registry.npmjs.org/is-generator-function 46ms (cache miss)
2050 silly packumentCache full:https://registry.npmjs.org/is-generator-function set size:undefined disposed:false
2051 http fetch GET 200 https://registry.npmjs.org/which-typed-array 35ms (cache miss)
2052 silly packumentCache full:https://registry.npmjs.org/which-typed-array set size:undefined disposed:false
2053 http fetch GET 200 https://registry.npmjs.org/is-typed-array 59ms (cache miss)
2054 silly packumentCache full:https://registry.npmjs.org/is-typed-array set size:undefined disposed:false
2055 http fetch GET 200 https://registry.npmjs.org/extension-port-stream 229ms (cache miss)
2056 silly packumentCache full:https://registry.npmjs.org/extension-port-stream set size:undefined disposed:false
2057 http fetch GET 200 https://registry.npmjs.org/webextension-polyfill 291ms (cache miss)
2058 silly packumentCache full:https://registry.npmjs.org/webextension-polyfill set size:undefined disposed:false
2059 http fetch GET 200 https://registry.npmjs.org/engine.io-client 281ms (cache miss)
2060 silly packumentCache full:https://registry.npmjs.org/engine.io-client set size:undefined disposed:false
2061 http fetch GET 200 https://registry.npmjs.org/@ecies%2fciphers 260ms (cache miss)
2062 silly packumentCache full:https://registry.npmjs.org/@ecies%2fciphers set size:undefined disposed:false
2063 http fetch GET 200 https://registry.npmjs.org/date-fns 451ms (cache miss)
2064 silly packumentCache full:https://registry.npmjs.org/date-fns set size:undefined disposed:false
2065 http fetch GET 200 https://registry.npmjs.org/@metamask%2fjson-rpc-engine 595ms (cache miss)
2066 silly packumentCache full:https://registry.npmjs.org/@metamask%2fjson-rpc-engine set size:undefined disposed:false
2067 http fetch GET 200 https://registry.npmjs.org/@metamask%2fsafe-event-emitter 634ms (cache miss)
2068 silly packumentCache full:https://registry.npmjs.org/@metamask%2fsafe-event-emitter set size:undefined disposed:false
2069 http fetch GET 200 https://registry.npmjs.org/@metamask%2fobject-multiplex 635ms (cache miss)
2070 silly packumentCache full:https://registry.npmjs.org/@metamask%2fobject-multiplex set size:undefined disposed:false
2071 http fetch GET 200 https://registry.npmjs.org/@metamask%2fjson-rpc-middleware-stream 657ms (cache miss)
2072 silly packumentCache full:https://registry.npmjs.org/@metamask%2fjson-rpc-middleware-stream set size:undefined disposed:false
2073 silly placeDep ROOT @metamask/json-rpc-engine@8.0.2 OK for: @metamask/providers@16.1.0 want: ^8.0.1
2074 silly placeDep ROOT @metamask/json-rpc-middleware-stream@7.0.2 OK for: @metamask/providers@16.1.0 want: ^7.0.1
2075 silly placeDep ROOT @metamask/object-multiplex@2.1.0 OK for: @metamask/providers@16.1.0 want: ^2.0.0
2076 silly placeDep node_modules/@metamask/providers @metamask/rpc-errors@6.4.0 OK for: @metamask/providers@16.1.0 want: ^6.2.1
2077 silly placeDep ROOT @metamask/safe-event-emitter@3.1.3 OK for: @metamask/providers@16.1.0 want: ^3.1.1
2078 silly placeDep node_modules/@metamask/providers @metamask/utils@8.5.0 OK for: @metamask/providers@16.1.0 want: ^8.3.0
2079 silly placeDep ROOT detect-browser@5.3.0 OK for: @metamask/providers@16.1.0 want: ^5.2.0
2080 silly placeDep ROOT extension-port-stream@3.0.0 OK for: @metamask/providers@16.1.0 want: ^3.0.0
2081 silly placeDep ROOT fast-deep-equal@3.1.3 OK for: @metamask/providers@16.1.0 want: ^3.1.3
2082 silly placeDep ROOT is-stream@2.0.1 OK for: @metamask/providers@16.1.0 want: ^2.0.0
2083 silly placeDep ROOT webextension-polyfill@0.10.0 OK for: @metamask/providers@16.1.0 want: ^0.10.0
2084 silly fetch manifest @metamask/safe-event-emitter@^3.0.0
2085 silly packumentCache full:https://registry.npmjs.org/@metamask%2fsafe-event-emitter cache-miss
2086 silly fetch manifest @metamask/safe-event-emitter@^3.0.0
2087 silly packumentCache full:https://registry.npmjs.org/@metamask%2fsafe-event-emitter cache-miss
2088 silly fetch manifest @metamask/utils@^9.0.0
2089 silly packumentCache full:https://registry.npmjs.org/@metamask%2futils cache-hit
2090 silly fetch manifest @metamask/superstruct@^3.0.0
2091 silly packumentCache full:https://registry.npmjs.org/@metamask%2fsuperstruct cache-miss
2092 silly fetch manifest webextension-polyfill@>=0.10.0 <1.0
2093 silly packumentCache full:https://registry.npmjs.org/webextension-polyfill cache-miss
2094 http cache https://registry.npmjs.org/@metamask%2fsuperstruct 32ms (cache hit)
2095 silly packumentCache full:https://registry.npmjs.org/@metamask%2fsuperstruct set size:34626 disposed:false
2096 http cache https://registry.npmjs.org/webextension-polyfill 31ms (cache hit)
2097 silly packumentCache full:https://registry.npmjs.org/webextension-polyfill set size:67102 disposed:false
2098 http cache https://registry.npmjs.org/@metamask%2fsafe-event-emitter 33ms (cache hit)
2099 silly packumentCache full:https://registry.npmjs.org/@metamask%2fsafe-event-emitter set size:20548 disposed:false
2100 http cache https://registry.npmjs.org/@metamask%2fsafe-event-emitter 34ms (cache hit)
2101 silly packumentCache full:https://registry.npmjs.org/@metamask%2fsafe-event-emitter set size:20548 disposed:false
2102 silly packumentCache full:https://registry.npmjs.org/@metamask%2fsafe-event-emitter dispose
2103 silly placeDep node_modules/@metamask/json-rpc-engine @metamask/rpc-errors@6.4.0 OK for: @metamask/json-rpc-engine@8.0.2 want: ^6.2.1
2104 silly placeDep node_modules/@metamask/json-rpc-engine @metamask/utils@8.5.0 OK for: @metamask/json-rpc-engine@8.0.2 want: ^8.3.0
2105 silly placeDep node_modules/@metamask/json-rpc-middleware-stream @metamask/utils@8.5.0 OK for: @metamask/json-rpc-middleware-stream@7.0.2 want: ^8.3.0
2106 silly placeDep ROOT once@1.4.0 OK for: @metamask/object-multiplex@2.1.0 want: ^1.4.0
2107 silly fetch manifest wrappy@1
2108 silly packumentCache full:https://registry.npmjs.org/wrappy cache-miss
2109 http fetch GET 200 https://registry.npmjs.org/wrappy 61ms (cache miss)
2110 silly packumentCache full:https://registry.npmjs.org/wrappy set size:undefined disposed:false
2111 silly placeDep ROOT openapi-fetch@0.13.8 OK for: @metamask/sdk-analytics@0.0.5 want: ^0.13.5
2112 silly fetch manifest openapi-typescript-helpers@^0.0.15
2113 silly packumentCache full:https://registry.npmjs.org/openapi-typescript-helpers cache-miss
2114 http fetch GET 200 https://registry.npmjs.org/openapi-typescript-helpers 54ms (cache miss)
2115 silly packumentCache full:https://registry.npmjs.org/openapi-typescript-helpers set size:undefined disposed:false
2116 silly placeDep ROOT bufferutil@4.1.0 OK for: @metamask/sdk-communication-layer@0.33.1 want: ^4.0.8
2117 silly placeDep ROOT date-fns@2.30.0 OK for: @metamask/sdk-communication-layer@0.33.1 want: ^2.29.3
2118 silly placeDep ROOT utf-8-validate@5.0.10 OK for: @metamask/sdk-communication-layer@0.33.1 want: ^5.0.2
2119 silly fetch manifest node-gyp-build@^4.3.0
2120 silly packumentCache full:https://registry.npmjs.org/node-gyp-build cache-miss
2121 silly fetch manifest node-gyp-build@^4.3.0
2122 silly packumentCache full:https://registry.npmjs.org/node-gyp-build cache-miss
2123 http fetch GET 200 https://registry.npmjs.org/node-gyp-build 49ms (cache miss)
2124 silly packumentCache full:https://registry.npmjs.org/node-gyp-build set size:undefined disposed:false
2125 http fetch GET 200 https://registry.npmjs.org/node-gyp-build 60ms (cache miss)
2126 silly packumentCache full:https://registry.npmjs.org/node-gyp-build set size:undefined disposed:false
2127 silly placeDep ROOT @ethereumjs/tx@4.2.0 OK for: @metamask/utils@11.11.0 want: ^4.2.0
2128 silly placeDep ROOT @metamask/superstruct@3.4.1 OK for: @metamask/utils@11.11.0 want: ^3.1.0
2129 silly placeDep ROOT @types/debug@4.1.13 OK for: @metamask/utils@11.11.0 want: ^4.1.7
2130 silly placeDep ROOT @types/lodash@4.17.25 OK for: @metamask/utils@11.11.0 want: ^4.17.20
2131 silly placeDep ROOT pony-cause@2.1.11 OK for: @metamask/utils@11.11.0 want: ^2.1.10
2132 silly placeDep node_modules/@metamask/utils uuid@9.0.1 OK for: @metamask/utils@11.11.0 want: ^9.0.1
2133 silly fetch manifest @ethereumjs/rlp@^4.0.1
2134 silly packumentCache full:https://registry.npmjs.org/@ethereumjs%2frlp cache-miss
2135 silly fetch manifest @ethereumjs/util@^8.1.0
2136 silly packumentCache full:https://registry.npmjs.org/@ethereumjs%2futil cache-miss
2137 silly fetch manifest @ethereumjs/common@^3.2.0
2138 silly packumentCache full:https://registry.npmjs.org/@ethereumjs%2fcommon cache-miss
2139 silly fetch manifest ethereum-cryptography@^2.0.0
2140 silly packumentCache full:https://registry.npmjs.org/ethereum-cryptography cache-miss
2141 silly fetch manifest @types/ms@*
2142 silly packumentCache full:https://registry.npmjs.org/@types%2fms cache-miss
2143 http fetch GET 200 https://registry.npmjs.org/@types%2fms 54ms (cache miss)
2144 silly packumentCache full:https://registry.npmjs.org/@types%2fms set size:undefined disposed:false
2145 http fetch GET 200 https://registry.npmjs.org/@ethereumjs%2fcommon 57ms (cache miss)
2146 silly packumentCache full:https://registry.npmjs.org/@ethereumjs%2fcommon set size:undefined disposed:false
2147 http fetch GET 200 https://registry.npmjs.org/@ethereumjs%2frlp 75ms (cache miss)
2148 silly packumentCache full:https://registry.npmjs.org/@ethereumjs%2frlp set size:undefined disposed:false
2149 http fetch GET 200 https://registry.npmjs.org/ethereum-cryptography 249ms (cache miss)
2150 silly packumentCache full:https://registry.npmjs.org/ethereum-cryptography set size:undefined disposed:false
2151 http fetch GET 200 https://registry.npmjs.org/@ethereumjs%2futil 465ms (cache miss)
2152 silly packumentCache full:https://registry.npmjs.org/@ethereumjs%2futil set size:undefined disposed:false
2153 silly placeDep ROOT @ethereumjs/common@3.2.0 OK for: @ethereumjs/tx@4.2.0 want: ^3.2.0
2154 silly placeDep ROOT @ethereumjs/rlp@4.0.1 OK for: @ethereumjs/tx@4.2.0 want: ^4.0.1
2155 silly placeDep ROOT @ethereumjs/util@8.1.0 OK for: @ethereumjs/tx@4.2.0 want: ^8.1.0
2156 silly placeDep ROOT ethereum-cryptography@2.2.1 OK for: @ethereumjs/tx@4.2.0 want: ^2.0.0
2157 silly fetch manifest crc-32@^1.2.0
2158 silly packumentCache full:https://registry.npmjs.org/crc-32 cache-miss
2159 silly fetch manifest micro-ftch@^0.3.1
2160 silly packumentCache full:https://registry.npmjs.org/micro-ftch cache-miss
2161 silly fetch manifest @scure/bip32@1.4.0
2162 silly packumentCache full:https://registry.npmjs.org/@scure%2fbip32 cache-miss
2163 silly fetch manifest @scure/bip39@1.3.0
2164 silly packumentCache full:https://registry.npmjs.org/@scure%2fbip39 cache-miss
2165 silly fetch manifest @noble/curves@1.4.2
2166 silly packumentCache full:https://registry.npmjs.org/@noble%2fcurves cache-hit
2167 http cache https://registry.npmjs.org/@scure%2fbip39 5ms (cache hit)
2168 silly packumentCache full:https://registry.npmjs.org/@scure%2fbip39 set size:74584 disposed:false
2169 http cache https://registry.npmjs.org/@scure%2fbip32 6ms (cache hit)
2170 silly packumentCache full:https://registry.npmjs.org/@scure%2fbip32 set size:75723 disposed:false
2171 http fetch GET 200 https://registry.npmjs.org/crc-32 46ms (cache miss)
2172 silly packumentCache full:https://registry.npmjs.org/crc-32 set size:undefined disposed:false
2173 http fetch GET 200 https://registry.npmjs.org/micro-ftch 58ms (cache miss)
2174 silly packumentCache full:https://registry.npmjs.org/micro-ftch set size:undefined disposed:false
2175 silly placeDep ROOT crc-32@1.2.2 OK for: @ethereumjs/common@3.2.0 want: ^1.2.0
2176 silly placeDep ROOT micro-ftch@0.3.1 OK for: @ethereumjs/util@8.1.0 want: ^0.3.1
2177 silly placeDep ROOT events@3.3.0 OK for: @safe-global/safe-apps-provider@0.18.6 want: ^3.3.0
2178 silly placeDep ROOT @safe-global/safe-gateway-typescript-sdk@3.23.1 OK for: @safe-global/safe-apps-sdk@9.1.0 want: ^3.5.3
2179 silly placeDep ROOT @solana/accounts@5.5.1 OK for: @solana/kit@5.5.1 want: 5.5.1
2180 silly placeDep ROOT @solana/addresses@5.5.1 OK for: @solana/kit@5.5.1 want: 5.5.1
2181 silly placeDep ROOT @solana/codecs@5.5.1 OK for: @solana/kit@5.5.1 want: 5.5.1
2182 silly placeDep ROOT @solana/errors@5.5.1 OK for: @solana/kit@5.5.1 want: 5.5.1
2183 silly placeDep ROOT @solana/functional@5.5.1 OK for: @solana/kit@5.5.1 want: 5.5.1
2184 silly placeDep ROOT @solana/instruction-plans@5.5.1 OK for: @solana/kit@5.5.1 want: 5.5.1
2185 silly placeDep ROOT @solana/instructions@5.5.1 OK for: @solana/kit@5.5.1 want: 5.5.1
2186 silly placeDep ROOT @solana/keys@5.5.1 OK for: @solana/kit@5.5.1 want: 5.5.1
2187 silly placeDep ROOT @solana/offchain-messages@5.5.1 OK for: @solana/kit@5.5.1 want: 5.5.1
2188 silly placeDep ROOT @solana/plugin-core@5.5.1 OK for: @solana/kit@5.5.1 want: 5.5.1
2189 silly placeDep ROOT @solana/programs@5.5.1 OK for: @solana/kit@5.5.1 want: 5.5.1
2190 silly placeDep ROOT @solana/rpc@5.5.1 OK for: @solana/kit@5.5.1 want: 5.5.1
2191 silly placeDep ROOT @solana/rpc-api@5.5.1 OK for: @solana/kit@5.5.1 want: 5.5.1
2192 silly placeDep ROOT @solana/rpc-parsed-types@5.5.1 OK for: @solana/kit@5.5.1 want: 5.5.1
2193 silly placeDep ROOT @solana/rpc-spec-types@5.5.1 OK for: @solana/kit@5.5.1 want: 5.5.1
2194 silly placeDep ROOT @solana/rpc-subscriptions@5.5.1 OK for: @solana/kit@5.5.1 want: 5.5.1
2195 silly placeDep ROOT @solana/rpc-types@5.5.1 OK for: @solana/kit@5.5.1 want: 5.5.1
2196 silly placeDep ROOT @solana/signers@5.5.1 OK for: @solana/kit@5.5.1 want: 5.5.1
2197 silly placeDep ROOT @solana/sysvars@5.5.1 OK for: @solana/kit@5.5.1 want: 5.5.1
2198 silly placeDep ROOT @solana/transaction-confirmation@5.5.1 OK for: @solana/kit@5.5.1 want: 5.5.1
2199 silly placeDep ROOT @solana/transaction-messages@5.5.1 OK for: @solana/kit@5.5.1 want: 5.5.1
2200 silly placeDep ROOT @solana/transactions@5.5.1 OK for: @solana/kit@5.5.1 want: 5.5.1
2201 silly fetch manifest @solana/rpc-spec@5.5.1
2202 silly packumentCache full:https://registry.npmjs.org/@solana%2frpc-spec cache-miss
2203 silly fetch manifest @solana/codecs-core@5.5.1
2204 silly packumentCache full:https://registry.npmjs.org/@solana%2fcodecs-core cache-miss
2205 silly fetch manifest @solana/codecs-strings@5.5.1
2206 silly packumentCache full:https://registry.npmjs.org/@solana%2fcodecs-strings cache-miss
2207 silly fetch manifest @solana/assertions@5.5.1
2208 silly packumentCache full:https://registry.npmjs.org/@solana%2fassertions cache-miss
2209 silly fetch manifest @solana/codecs-core@5.5.1
2210 silly packumentCache full:https://registry.npmjs.org/@solana%2fcodecs-core cache-miss
2211 silly fetch manifest @solana/nominal-types@5.5.1
2212 silly packumentCache full:https://registry.npmjs.org/@solana%2fnominal-types cache-miss
2213 silly fetch manifest @solana/codecs-strings@5.5.1
2214 silly packumentCache full:https://registry.npmjs.org/@solana%2fcodecs-strings cache-miss
2215 silly fetch manifest @solana/options@5.5.1
2216 silly packumentCache full:https://registry.npmjs.org/@solana%2foptions cache-miss
2217 silly fetch manifest @solana/codecs-core@5.5.1
2218 silly packumentCache full:https://registry.npmjs.org/@solana%2fcodecs-core cache-miss
2219 silly fetch manifest @solana/codecs-numbers@5.5.1
2220 silly packumentCache full:https://registry.npmjs.org/@solana%2fcodecs-numbers cache-miss
2221 silly fetch manifest @solana/codecs-strings@5.5.1
2222 silly packumentCache full:https://registry.npmjs.org/@solana%2fcodecs-strings cache-miss
2223 silly fetch manifest @solana/codecs-data-structures@5.5.1
2224 silly packumentCache full:https://registry.npmjs.org/@solana%2fcodecs-data-structures cache-miss
2225 silly fetch manifest chalk@5.6.2
2226 silly packumentCache full:https://registry.npmjs.org/chalk cache-miss
2227 silly fetch manifest commander@14.0.2
2228 silly packumentCache full:https://registry.npmjs.org/commander cache-miss
2229 silly fetch manifest @solana/promises@5.5.1
2230 silly packumentCache full:https://registry.npmjs.org/@solana%2fpromises cache-miss
2231 http cache https://registry.npmjs.org/commander 8ms (cache hit)
2232 silly packumentCache full:https://registry.npmjs.org/commander set size:353115 disposed:false
2233 silly fetch manifest @solana/codecs-core@5.5.1
2234 silly packumentCache full:https://registry.npmjs.org/@solana%2fcodecs-core cache-miss
2235 http fetch GET 200 https://registry.npmjs.org/chalk 54ms (cache miss)
2236 silly packumentCache full:https://registry.npmjs.org/chalk set size:undefined disposed:false
2237 silly fetch manifest @solana/assertions@5.5.1
2238 silly packumentCache full:https://registry.npmjs.org/@solana%2fassertions cache-miss
2239 http fetch GET 200 https://registry.npmjs.org/@solana%2fnominal-types 557ms (cache miss)
2240 silly packumentCache full:https://registry.npmjs.org/@solana%2fnominal-types set size:undefined disposed:false
2241 silly fetch manifest @solana/codecs-core@5.5.1
2242 silly packumentCache full:https://registry.npmjs.org/@solana%2fcodecs-core cache-miss
2243 http fetch GET 200 https://registry.npmjs.org/@solana%2fpromises 806ms (cache miss)
2244 silly packumentCache full:https://registry.npmjs.org/@solana%2fpromises set size:undefined disposed:false
2245 silly fetch manifest @solana/codecs-strings@5.5.1
2246 silly packumentCache full:https://registry.npmjs.org/@solana%2fcodecs-strings cache-miss
2247 http fetch GET 200 https://registry.npmjs.org/@solana%2frpc-spec 841ms (cache miss)
2248 silly packumentCache full:https://registry.npmjs.org/@solana%2frpc-spec set size:undefined disposed:false
2249 silly fetch manifest @solana/codecs-core@5.5.1
2250 silly packumentCache full:https://registry.npmjs.org/@solana%2fcodecs-core cache-miss
2251 http fetch GET 200 https://registry.npmjs.org/@solana%2fcodecs-core 906ms (cache miss)
2252 silly packumentCache full:https://registry.npmjs.org/@solana%2fcodecs-core set size:undefined disposed:false
2253 silly fetch manifest @solana/codecs-numbers@5.5.1
2254 silly packumentCache full:https://registry.npmjs.org/@solana%2fcodecs-numbers cache-miss
2255 http fetch GET 200 https://registry.npmjs.org/@solana%2fcodecs-core 944ms (cache miss)
2256 silly packumentCache full:https://registry.npmjs.org/@solana%2fcodecs-core set size:undefined disposed:false
2257 silly fetch manifest @solana/codecs-strings@5.5.1
2258 silly packumentCache full:https://registry.npmjs.org/@solana%2fcodecs-strings cache-miss
2259 http fetch GET 200 https://registry.npmjs.org/@solana%2fcodecs-data-structures 1044ms (cache miss)
2260 silly packumentCache full:https://registry.npmjs.org/@solana%2fcodecs-data-structures set size:undefined disposed:false
2261 silly fetch manifest @solana/rpc-transformers@5.5.1
2262 silly packumentCache full:https://registry.npmjs.org/@solana%2frpc-transformers cache-miss
2263 http fetch GET 200 https://registry.npmjs.org/@solana%2fcodecs-numbers 1088ms (cache miss)
2264 silly packumentCache full:https://registry.npmjs.org/@solana%2fcodecs-numbers set size:undefined disposed:false
2265 silly fetch manifest @solana/rpc-transport-http@5.5.1
2266 silly packumentCache full:https://registry.npmjs.org/@solana%2frpc-transport-http cache-miss
2267 http fetch GET 200 https://registry.npmjs.org/@solana%2fcodecs-core 1164ms (cache miss)
2268 silly packumentCache full:https://registry.npmjs.org/@solana%2fcodecs-core set size:undefined disposed:false
2269 silly fetch manifest @solana/fast-stable-stringify@5.5.1
2270 silly packumentCache full:https://registry.npmjs.org/@solana%2ffast-stable-stringify cache-miss
2271 http fetch GET 200 https://registry.npmjs.org/@solana%2fcodecs-strings 1198ms (cache miss)
2272 silly packumentCache full:https://registry.npmjs.org/@solana%2fcodecs-strings set size:undefined disposed:false
2273 silly fetch manifest @solana/rpc-transformers@5.5.1
2274 silly packumentCache full:https://registry.npmjs.org/@solana%2frpc-transformers cache-miss
2275 http fetch GET 200 https://registry.npmjs.org/@solana%2fcodecs-strings 1253ms (cache miss)
2276 silly packumentCache full:https://registry.npmjs.org/@solana%2fcodecs-strings set size:undefined disposed:false
2277 silly fetch manifest @solana/subscribable@5.5.1
2278 silly packumentCache full:https://registry.npmjs.org/@solana%2fsubscribable cache-miss
2279 http fetch GET 200 https://registry.npmjs.org/@solana%2fcodecs-strings 1308ms (cache miss)
2280 silly packumentCache full:https://registry.npmjs.org/@solana%2fcodecs-strings set size:undefined disposed:false
2281 silly fetch manifest @solana/rpc-transformers@5.5.1
2282 silly packumentCache full:https://registry.npmjs.org/@solana%2frpc-transformers cache-miss
2283 http fetch GET 200 https://registry.npmjs.org/@solana%2fcodecs-core 1404ms (cache miss)
2284 silly packumentCache full:https://registry.npmjs.org/@solana%2fcodecs-core set size:undefined disposed:false
2285 silly fetch manifest @solana/fast-stable-stringify@5.5.1
2286 silly packumentCache full:https://registry.npmjs.org/@solana%2ffast-stable-stringify cache-miss
2287 http fetch GET 200 https://registry.npmjs.org/@solana%2foptions 1464ms (cache miss)
2288 silly packumentCache full:https://registry.npmjs.org/@solana%2foptions set size:undefined disposed:false
2289 silly fetch manifest @solana/rpc-subscriptions-api@5.5.1
2290 silly packumentCache full:https://registry.npmjs.org/@solana%2frpc-subscriptions-api cache-miss
2291 http fetch GET 200 https://registry.npmjs.org/@solana%2fassertions 1542ms (cache miss)
2292 silly packumentCache full:https://registry.npmjs.org/@solana%2fassertions set size:undefined disposed:false
2293 silly fetch manifest @solana/rpc-subscriptions-spec@5.5.1
2294 silly packumentCache full:https://registry.npmjs.org/@solana%2frpc-subscriptions-spec cache-miss
2295 http fetch GET 200 https://registry.npmjs.org/@solana%2fassertions 1539ms (cache miss)
2296 silly packumentCache full:https://registry.npmjs.org/@solana%2fassertions set size:undefined disposed:false
2297 silly fetch manifest @solana/rpc-subscriptions-channel-websocket@5.5.1
2298 silly packumentCache full:https://registry.npmjs.org/@solana%2frpc-subscriptions-channel-websocket cache-miss
2299 http fetch GET 200 https://registry.npmjs.org/@solana%2fcodecs-core 1058ms (cache miss)
2300 silly packumentCache full:https://registry.npmjs.org/@solana%2fcodecs-core set size:undefined disposed:false
2301 http fetch GET 200 https://registry.npmjs.org/@solana%2fcodecs-core 883ms (cache miss)
2302 silly packumentCache full:https://registry.npmjs.org/@solana%2fcodecs-core set size:undefined disposed:false
2303 http fetch GET 200 https://registry.npmjs.org/@solana%2fcodecs-strings 960ms (cache miss)
2304 silly packumentCache full:https://registry.npmjs.org/@solana%2fcodecs-strings set size:undefined disposed:false
2305 http fetch GET 200 https://registry.npmjs.org/@solana%2fcodecs-numbers 912ms (cache miss)
2306 silly packumentCache full:https://registry.npmjs.org/@solana%2fcodecs-numbers set size:undefined disposed:false
2307 http fetch GET 200 https://registry.npmjs.org/@solana%2fcodecs-strings 903ms (cache miss)
2308 silly packumentCache full:https://registry.npmjs.org/@solana%2fcodecs-strings set size:undefined disposed:false
2309 http fetch GET 200 https://registry.npmjs.org/@solana%2fsubscribable 737ms (cache miss)
2310 silly packumentCache full:https://registry.npmjs.org/@solana%2fsubscribable set size:undefined disposed:false
2311 http fetch GET 200 https://registry.npmjs.org/@solana%2frpc-transformers 816ms (cache miss)
2312 silly packumentCache full:https://registry.npmjs.org/@solana%2frpc-transformers set size:undefined disposed:false
2313 http fetch GET 200 https://registry.npmjs.org/@solana%2frpc-transformers 1020ms (cache miss)
2314 silly packumentCache full:https://registry.npmjs.org/@solana%2frpc-transformers set size:undefined disposed:false
2315 http fetch GET 200 https://registry.npmjs.org/@solana%2frpc-transformers 784ms (cache miss)
2316 silly packumentCache full:https://registry.npmjs.org/@solana%2frpc-transformers set size:undefined disposed:false
2317 http fetch GET 200 https://registry.npmjs.org/@solana%2frpc-transport-http 1023ms (cache miss)
2318 silly packumentCache full:https://registry.npmjs.org/@solana%2frpc-transport-http set size:undefined disposed:false
2319 http fetch GET 200 https://registry.npmjs.org/@solana%2ffast-stable-stringify 1016ms (cache miss)
2320 silly packumentCache full:https://registry.npmjs.org/@solana%2ffast-stable-stringify set size:undefined disposed:false
2321 http fetch GET 200 https://registry.npmjs.org/@solana%2ffast-stable-stringify 804ms (cache miss)
2322 silly packumentCache full:https://registry.npmjs.org/@solana%2ffast-stable-stringify set size:undefined disposed:false
2323 http fetch GET 200 https://registry.npmjs.org/@solana%2frpc-subscriptions-channel-websocket 675ms (cache miss)
2324 silly packumentCache full:https://registry.npmjs.org/@solana%2frpc-subscriptions-channel-websocket set size:undefined disposed:false
2325 http fetch GET 200 https://registry.npmjs.org/@solana%2frpc-subscriptions-spec 769ms (cache miss)
2326 silly packumentCache full:https://registry.npmjs.org/@solana%2frpc-subscriptions-spec set size:undefined disposed:false
2327 http fetch GET 200 https://registry.npmjs.org/@solana%2frpc-subscriptions-api 835ms (cache miss)
2328 silly packumentCache full:https://registry.npmjs.org/@solana%2frpc-subscriptions-api set size:undefined disposed:false
2329 silly fetch manifest fastestsmallesttextencoderdecoder@^1.0.22
2330 silly packumentCache full:https://registry.npmjs.org/fastestsmallesttextencoderdecoder cache-miss
2331 http fetch GET 200 https://registry.npmjs.org/fastestsmallesttextencoderdecoder 241ms (cache miss)
2332 silly packumentCache full:https://registry.npmjs.org/fastestsmallesttextencoderdecoder set size:undefined disposed:false
2333 silly placeDep ROOT @solana/codecs-core@5.5.1 OK for: @solana/accounts@5.5.1 want: 5.5.1
2334 silly placeDep ROOT @solana/codecs-strings@5.5.1 OK for: @solana/accounts@5.5.1 want: 5.5.1
2335 silly placeDep ROOT @solana/rpc-spec@5.5.1 OK for: @solana/accounts@5.5.1 want: 5.5.1
2336 silly placeDep ROOT @solana/assertions@5.5.1 OK for: @solana/addresses@5.5.1 want: 5.5.1
2337 silly placeDep ROOT @solana/nominal-types@5.5.1 OK for: @solana/addresses@5.5.1 want: 5.5.1
2338 silly placeDep ROOT @solana/codecs-data-structures@5.5.1 OK for: @solana/codecs@5.5.1 want: 5.5.1
2339 silly placeDep ROOT @solana/codecs-numbers@5.5.1 OK for: @solana/codecs@5.5.1 want: 5.5.1
2340 silly placeDep ROOT @solana/options@5.5.1 OK for: @solana/codecs@5.5.1 want: 5.5.1
2341 silly placeDep ROOT chalk@5.6.2 OK for: @solana/errors@5.5.1 want: 5.6.2
2342 silly placeDep node_modules/@solana/errors commander@14.0.2 OK for: @solana/errors@5.5.1 want: 14.0.2
2343 silly placeDep ROOT @solana/promises@5.5.1 OK for: @solana/instruction-plans@5.5.1 want: 5.5.1
2344 silly placeDep ROOT @solana/fast-stable-stringify@5.5.1 OK for: @solana/rpc@5.5.1 want: 5.5.1
2345 silly placeDep ROOT @solana/rpc-transformers@5.5.1 OK for: @solana/rpc@5.5.1 want: 5.5.1
2346 silly placeDep ROOT @solana/rpc-transport-http@5.5.1 OK for: @solana/rpc@5.5.1 want: 5.5.1
2347 silly fetch manifest undici-types@^7.19.2
2348 silly packumentCache full:https://registry.npmjs.org/undici-types cache-miss
2349 http cache https://registry.npmjs.org/undici-types 4ms (cache hit)
2350 silly packumentCache full:https://registry.npmjs.org/undici-types set size:250438 disposed:false
2351 silly placeDep ROOT @solana/rpc-subscriptions-api@5.5.1 OK for: @solana/rpc-subscriptions@5.5.1 want: 5.5.1
2352 silly placeDep ROOT @solana/rpc-subscriptions-channel-websocket@5.5.1 OK for: @solana/rpc-subscriptions@5.5.1 want: 5.5.1
2353 silly placeDep ROOT @solana/rpc-subscriptions-spec@5.5.1 OK for: @solana/rpc-subscriptions@5.5.1 want: 5.5.1
2354 silly placeDep ROOT @solana/subscribable@5.5.1 OK for: @solana/rpc-subscriptions@5.5.1 want: 5.5.1
2355 silly placeDep node_modules/@solana/rpc-transport-http undici-types@7.29.0 OK for: @solana/rpc-transport-http@5.5.1 want: ^7.19.2
2356 silly placeDep ROOT @types/ms@2.1.0 OK for: @types/debug@4.1.13 want: *
2357 silly placeDep node_modules/@wagmi/core eventemitter3@5.0.1 OK for: @wagmi/core@2.22.1 want: 5.0.1
2358 silly placeDep ROOT mipd@0.0.7 OK for: @wagmi/core@2.22.1 want: 0.0.7
2359 silly placeDep node_modules/@wagmi/core zustand@5.0.0 OK for: @wagmi/core@2.22.1 want: 5.0.0
2360 silly fetch manifest @react-native-async-storage/async-storage@1.x
2361 silly packumentCache full:https://registry.npmjs.org/@react-native-async-storage%2fasync-storage cache-miss
2362 http fetch GET 200 https://registry.npmjs.org/@react-native-async-storage%2fasync-storage 97ms (cache miss)
2363 silly packumentCache full:https://registry.npmjs.org/@react-native-async-storage%2fasync-storage set size:undefined disposed:false
2364 silly fetch manifest react-native@^0.0.0-0 || >=0.60 <1.0
2365 silly packumentCache full:https://registry.npmjs.org/react-native cache-miss
2366 http cache https://registry.npmjs.org/react-native 25ms (cache hit)
2367 silly packumentCache full:https://registry.npmjs.org/react-native set size:15746577 disposed:false
2368 silly fetch manifest react@^19.2.3
2369 silly packumentCache full:https://registry.npmjs.org/react cache-miss
2370 http cache https://registry.npmjs.org/react 22ms (cache hit)
2371 silly packumentCache full:https://registry.npmjs.org/react set size:6926968 disposed:false
2372 silly placeDep ROOT @reown/appkit@1.7.8 OK for: @walletconnect/ethereum-provider@2.21.1 want: 1.7.8
2373 silly placeDep ROOT @walletconnect/jsonrpc-http-connection@1.0.8 OK for: @walletconnect/ethereum-provider@2.21.1 want: 1.0.8
2374 silly placeDep ROOT @walletconnect/jsonrpc-provider@1.0.14 OK for: @walletconnect/ethereum-provider@2.21.1 want: 1.0.14
2375 silly placeDep ROOT @walletconnect/jsonrpc-types@1.0.4 OK for: @walletconnect/ethereum-provider@2.21.1 want: 1.0.4
2376 silly placeDep ROOT @walletconnect/jsonrpc-utils@1.0.8 OK for: @walletconnect/ethereum-provider@2.21.1 want: 1.0.8
2377 silly placeDep ROOT @walletconnect/keyvaluestorage@1.1.1 OK for: @walletconnect/ethereum-provider@2.21.1 want: 1.1.1
2378 silly placeDep ROOT @walletconnect/sign-client@2.21.1 OK for: @walletconnect/ethereum-provider@2.21.1 want: 2.21.1
2379 silly placeDep ROOT @walletconnect/types@2.21.1 OK for: @walletconnect/ethereum-provider@2.21.1 want: 2.21.1
2380 silly placeDep ROOT @walletconnect/universal-provider@2.21.1 OK for: @walletconnect/ethereum-provider@2.21.1 want: 2.21.1
2381 silly placeDep ROOT @walletconnect/utils@2.21.1 OK for: @walletconnect/ethereum-provider@2.21.1 want: 2.21.1
2382 silly fetch manifest valtio@1.13.2
2383 silly packumentCache full:https://registry.npmjs.org/valtio cache-miss
2384 silly fetch manifest @reown/appkit-ui@1.7.8
2385 silly packumentCache full:https://registry.npmjs.org/@reown%2fappkit-ui cache-miss
2386 silly fetch manifest @reown/appkit-pay@1.7.8
2387 silly packumentCache full:https://registry.npmjs.org/@reown%2fappkit-pay cache-miss
2388 silly fetch manifest @reown/appkit-utils@1.7.8
2389 silly packumentCache full:https://registry.npmjs.org/@reown%2fappkit-utils cache-miss
2390 silly fetch manifest @reown/appkit-common@1.7.8
2391 silly packumentCache full:https://registry.npmjs.org/@reown%2fappkit-common cache-miss
2392 silly fetch manifest @reown/appkit-wallet@1.7.8
2393 silly packumentCache full:https://registry.npmjs.org/@reown%2fappkit-wallet cache-miss
2394 silly fetch manifest @walletconnect/types@2.21.0
2395 silly packumentCache full:https://registry.npmjs.org/@walletconnect%2ftypes cache-miss
2396 silly fetch manifest @reown/appkit-polyfills@1.7.8
2397 silly packumentCache full:https://registry.npmjs.org/@reown%2fappkit-polyfills cache-miss
2398 silly fetch manifest @reown/appkit-controllers@1.7.8
2399 silly packumentCache full:https://registry.npmjs.org/@reown%2fappkit-controllers cache-miss
2400 silly fetch manifest @reown/appkit-scaffold-ui@1.7.8
2401 silly packumentCache full:https://registry.npmjs.org/@reown%2fappkit-scaffold-ui cache-miss
2402 silly fetch manifest @walletconnect/universal-provider@2.21.0
2403 silly packumentCache full:https://registry.npmjs.org/@walletconnect%2funiversal-provider cache-miss
2404 silly fetch manifest cross-fetch@^3.1.4
2405 silly packumentCache full:https://registry.npmjs.org/cross-fetch cache-miss
2406 silly fetch manifest @walletconnect/safe-json@^1.0.1
2407 silly packumentCache full:https://registry.npmjs.org/@walletconnect%2fsafe-json cache-miss
2408 silly fetch manifest @walletconnect/jsonrpc-utils@^1.0.6
2409 silly packumentCache full:https://registry.npmjs.org/@walletconnect%2fjsonrpc-utils cache-miss
2410 silly fetch manifest @walletconnect/safe-json@^1.0.2
2411 silly packumentCache full:https://registry.npmjs.org/@walletconnect%2fsafe-json cache-miss
2412 http cache https://registry.npmjs.org/@walletconnect%2fjsonrpc-utils 10ms (cache hit)
2413 silly packumentCache full:https://registry.npmjs.org/@walletconnect%2fjsonrpc-utils set size:56677 disposed:false
2414 silly fetch manifest @walletconnect/jsonrpc-utils@^1.0.8
2415 silly packumentCache full:https://registry.npmjs.org/@walletconnect%2fjsonrpc-utils cache-hit
2416 silly fetch manifest keyvaluestorage-interface@^1.0.0
2417 silly packumentCache full:https://registry.npmjs.org/keyvaluestorage-interface cache-miss
2418 http cache https://registry.npmjs.org/cross-fetch 18ms (cache hit)
2419 silly packumentCache full:https://registry.npmjs.org/cross-fetch set size:156922 disposed:false
2420 silly fetch manifest tslib@1.14.1
2421 silly packumentCache full:https://registry.npmjs.org/tslib cache-hit
2422 silly fetch manifest @walletconnect/environment@^1.0.1
2423 silly packumentCache full:https://registry.npmjs.org/@walletconnect%2fenvironment cache-miss
2424 http cache https://registry.npmjs.org/@walletconnect%2ftypes 25ms (cache hit)
2425 silly packumentCache full:https://registry.npmjs.org/@walletconnect%2ftypes set size:2216128 disposed:false
2426 silly fetch manifest unstorage@^1.9.0
2427 silly packumentCache full:https://registry.npmjs.org/unstorage cache-miss
2428 http cache https://registry.npmjs.org/@walletconnect%2funiversal-provider 34ms (cache hit)
2429 silly packumentCache full:https://registry.npmjs.org/@walletconnect%2funiversal-provider set size:1779654 disposed:false
2430 silly fetch manifest @walletconnect/safe-json@^1.0.1
2431 silly packumentCache full:https://registry.npmjs.org/@walletconnect%2fsafe-json cache-miss
2432 http fetch GET 200 https://registry.npmjs.org/unstorage 54ms (cache miss)
2433 silly packumentCache full:https://registry.npmjs.org/unstorage set size:undefined disposed:false
2434 silly fetch manifest @walletconnect/core@2.21.1
2435 silly packumentCache full:https://registry.npmjs.org/@walletconnect%2fcore cache-miss
2436 http fetch GET 200 https://registry.npmjs.org/valtio 241ms (cache miss)
2437 silly packumentCache full:https://registry.npmjs.org/valtio set size:undefined disposed:false
2438 silly fetch manifest @walletconnect/time@1.0.2
2439 silly packumentCache full:https://registry.npmjs.org/@walletconnect%2ftime cache-miss
2440 http fetch GET 200 https://registry.npmjs.org/keyvaluestorage-interface 247ms (cache miss)
2441 silly packumentCache full:https://registry.npmjs.org/keyvaluestorage-interface set size:undefined disposed:false
2442 silly fetch manifest @walletconnect/events@1.0.1
2443 silly packumentCache full:https://registry.npmjs.org/@walletconnect%2fevents cache-miss
2444 http fetch GET 200 https://registry.npmjs.org/@walletconnect%2fsafe-json 423ms (cache miss)
2445 silly packumentCache full:https://registry.npmjs.org/@walletconnect%2fsafe-json set size:undefined disposed:false
2446 silly fetch manifest @walletconnect/logger@2.1.2
2447 silly packumentCache full:https://registry.npmjs.org/@walletconnect%2flogger cache-miss
2448 http fetch GET 200 https://registry.npmjs.org/@walletconnect%2fsafe-json 462ms (cache miss)
2449 silly packumentCache full:https://registry.npmjs.org/@walletconnect%2fsafe-json set size:undefined disposed:false
2450 silly fetch manifest @walletconnect/heartbeat@1.2.2
2451 silly packumentCache full:https://registry.npmjs.org/@walletconnect%2fheartbeat cache-miss
2452 http fetch GET 200 https://registry.npmjs.org/@walletconnect%2fsafe-json 466ms (cache miss)
2453 silly packumentCache full:https://registry.npmjs.org/@walletconnect%2fsafe-json set size:undefined disposed:false
2454 silly fetch manifest @walletconnect/events@1.0.1
2455 silly packumentCache full:https://registry.npmjs.org/@walletconnect%2fevents cache-miss
2456 http fetch GET 200 https://registry.npmjs.org/@walletconnect%2fenvironment 506ms (cache miss)
2457 silly packumentCache full:https://registry.npmjs.org/@walletconnect%2fenvironment set size:undefined disposed:false
2458 silly fetch manifest @walletconnect/logger@2.1.2
2459 silly packumentCache full:https://registry.npmjs.org/@walletconnect%2flogger cache-miss
2460 http fetch GET 200 https://registry.npmjs.org/@walletconnect%2fcore 513ms (cache miss)
2461 silly packumentCache full:https://registry.npmjs.org/@walletconnect%2fcore set size:undefined disposed:false
2462 silly fetch manifest @walletconnect/heartbeat@1.2.2
2463 silly packumentCache full:https://registry.npmjs.org/@walletconnect%2fheartbeat cache-miss
2464 http fetch GET 200 https://registry.npmjs.org/@walletconnect%2fevents 430ms (cache miss)
2465 silly packumentCache full:https://registry.npmjs.org/@walletconnect%2fevents set size:undefined disposed:false
2466 silly fetch manifest es-toolkit@1.33.0
2467 silly packumentCache full:https://registry.npmjs.org/es-toolkit cache-miss
2468 http fetch GET 200 https://registry.npmjs.org/@walletconnect%2fevents 223ms (cache miss)
2469 silly packumentCache full:https://registry.npmjs.org/@walletconnect%2fevents set size:undefined disposed:false
2470 silly fetch manifest @walletconnect/logger@2.1.2
2471 silly packumentCache full:https://registry.npmjs.org/@walletconnect%2flogger cache-miss
2472 http fetch GET 200 https://registry.npmjs.org/@reown%2fappkit-polyfills 694ms (cache miss)
2473 silly packumentCache full:https://registry.npmjs.org/@reown%2fappkit-polyfills set size:undefined disposed:false
2474 silly fetch manifest viem@2.23.2
2475 silly packumentCache full:https://registry.npmjs.org/viem cache-miss
2476 http fetch GET 200 https://registry.npmjs.org/@walletconnect%2ftime 473ms (cache miss)
2477 silly packumentCache full:https://registry.npmjs.org/@walletconnect%2ftime set size:undefined disposed:false
2478 silly fetch manifest uint8arrays@3.1.0
2479 silly packumentCache full:https://registry.npmjs.org/uint8arrays cache-miss
2480 http cache https://registry.npmjs.org/viem 30ms (cache hit)
2481 silly packumentCache full:https://registry.npmjs.org/viem set size:11078162 disposed:false
2482 silly fetch manifest query-string@7.1.3
2483 silly packumentCache full:https://registry.npmjs.org/query-string cache-miss
2484 http fetch GET 200 https://registry.npmjs.org/@reown%2fappkit-common 793ms (cache miss)
2485 silly packumentCache full:https://registry.npmjs.org/@reown%2fappkit-common set size:undefined disposed:false
2486 silly fetch manifest @noble/curves@1.8.1
2487 silly packumentCache full:https://registry.npmjs.org/@noble%2fcurves cache-hit
2488 silly fetch manifest @noble/hashes@1.7.1
2489 silly packumentCache full:https://registry.npmjs.org/@noble%2fhashes cache-hit
2490 silly fetch manifest @noble/ciphers@1.2.1
2491 silly packumentCache full:https://registry.npmjs.org/@noble%2fciphers cache-miss
2492 http cache https://registry.npmjs.org/@noble%2fciphers 14ms (cache hit)
2493 silly packumentCache full:https://registry.npmjs.org/@noble%2fciphers set size:127874 disposed:false
2494 silly fetch manifest @walletconnect/relay-api@1.0.11
2495 silly packumentCache full:https://registry.npmjs.org/@walletconnect%2frelay-api cache-miss
2496 http fetch GET 200 https://registry.npmjs.org/uint8arrays 104ms (cache miss)
2497 silly packumentCache full:https://registry.npmjs.org/uint8arrays set size:undefined disposed:false
2498 silly fetch manifest @walletconnect/safe-json@1.0.2
2499 silly packumentCache full:https://registry.npmjs.org/@walletconnect%2fsafe-json cache-miss
2500 http cache https://registry.npmjs.org/@walletconnect%2fsafe-json 10ms (cache hit)
2501 silly packumentCache full:https://registry.npmjs.org/@walletconnect%2fsafe-json set size:14628 disposed:false
2502 silly fetch manifest @walletconnect/relay-auth@1.1.0
2503 silly packumentCache full:https://registry.npmjs.org/@walletconnect%2frelay-auth cache-miss
2504 http fetch GET 200 https://registry.npmjs.org/@reown%2fappkit-pay 836ms (cache miss)
2505 silly packumentCache full:https://registry.npmjs.org/@reown%2fappkit-pay set size:undefined disposed:false
2506 silly fetch manifest @walletconnect/window-getters@1.0.1
2507 silly packumentCache full:https://registry.npmjs.org/@walletconnect%2fwindow-getters cache-miss
2508 http fetch GET 200 https://registry.npmjs.org/query-string 64ms (cache miss)
2509 silly packumentCache full:https://registry.npmjs.org/query-string set size:undefined disposed:false
2510 silly fetch manifest @walletconnect/window-metadata@1.0.1
2511 silly packumentCache full:https://registry.npmjs.org/@walletconnect%2fwindow-metadata cache-miss
2512 http fetch GET 200 https://registry.npmjs.org/@reown%2fappkit-utils 853ms (cache miss)
2513 silly packumentCache full:https://registry.npmjs.org/@reown%2fappkit-utils set size:undefined disposed:false
2514 http fetch GET 200 https://registry.npmjs.org/@reown%2fappkit-controllers 884ms (cache miss)
2515 silly packumentCache full:https://registry.npmjs.org/@reown%2fappkit-controllers set size:undefined disposed:false
2516 http fetch GET 200 https://registry.npmjs.org/@reown%2fappkit-wallet 898ms (cache miss)
2517 silly packumentCache full:https://registry.npmjs.org/@reown%2fappkit-wallet set size:undefined disposed:false
2518 http fetch GET 200 https://registry.npmjs.org/@walletconnect%2flogger 233ms (cache miss)
2519 silly packumentCache full:https://registry.npmjs.org/@walletconnect%2flogger set size:undefined disposed:false
2520 http fetch GET 200 https://registry.npmjs.org/@walletconnect%2fheartbeat 319ms (cache miss)
2521 silly packumentCache full:https://registry.npmjs.org/@walletconnect%2fheartbeat set size:undefined disposed:false
2522 http fetch GET 200 https://registry.npmjs.org/@walletconnect%2flogger 466ms (cache miss)
2523 silly packumentCache full:https://registry.npmjs.org/@walletconnect%2flogger set size:undefined disposed:false
2524 http fetch GET 200 https://registry.npmjs.org/@walletconnect%2flogger 401ms (cache miss)
2525 silly packumentCache full:https://registry.npmjs.org/@walletconnect%2flogger set size:undefined disposed:false
2526 http fetch GET 200 https://registry.npmjs.org/@walletconnect%2fheartbeat 470ms (cache miss)
2527 silly packumentCache full:https://registry.npmjs.org/@walletconnect%2fheartbeat set size:undefined disposed:false
2528 http fetch GET 200 https://registry.npmjs.org/@reown%2fappkit-scaffold-ui 947ms (cache miss)
2529 silly packumentCache full:https://registry.npmjs.org/@reown%2fappkit-scaffold-ui set size:undefined disposed:false
2530 http fetch GET 200 https://registry.npmjs.org/es-toolkit 320ms (cache miss)
2531 silly packumentCache full:https://registry.npmjs.org/es-toolkit set size:undefined disposed:false
2532 http fetch GET 200 https://registry.npmjs.org/@reown%2fappkit-ui 1053ms (cache miss)
2533 silly packumentCache full:https://registry.npmjs.org/@reown%2fappkit-ui set size:undefined disposed:false
2534 http fetch GET 200 https://registry.npmjs.org/@walletconnect%2frelay-api 466ms (cache miss)
2535 silly packumentCache full:https://registry.npmjs.org/@walletconnect%2frelay-api set size:undefined disposed:false
2536 http fetch GET 200 https://registry.npmjs.org/@walletconnect%2fwindow-metadata 462ms (cache miss)
2537 silly packumentCache full:https://registry.npmjs.org/@walletconnect%2fwindow-metadata set size:undefined disposed:false
2538 http fetch GET 200 https://registry.npmjs.org/@walletconnect%2fwindow-getters 468ms (cache miss)
2539 silly packumentCache full:https://registry.npmjs.org/@walletconnect%2fwindow-getters set size:undefined disposed:false
2540 http fetch GET 200 https://registry.npmjs.org/@walletconnect%2frelay-auth 479ms (cache miss)
2541 silly packumentCache full:https://registry.npmjs.org/@walletconnect%2frelay-auth set size:undefined disposed:false
2542 silly fetch manifest @types/react@>=16.8
2543 silly packumentCache full:https://registry.npmjs.org/@types%2freact cache-miss
2544 http cache https://registry.npmjs.org/@types%2freact 7ms (cache hit)
2545 silly packumentCache full:https://registry.npmjs.org/@types%2freact set size:2637439 disposed:false
2546 silly fetch manifest react@>=16.8
2547 silly packumentCache full:https://registry.npmjs.org/react cache-miss
2548 http cache https://registry.npmjs.org/react 13ms (cache hit)
2549 silly packumentCache full:https://registry.npmjs.org/react set size:6926968 disposed:false
2550 silly placeDep ROOT @reown/appkit-common@1.7.8 OK for: @reown/appkit@1.7.8 want: 1.7.8
2551 silly placeDep ROOT @reown/appkit-controllers@1.7.8 OK for: @reown/appkit@1.7.8 want: 1.7.8
2552 silly placeDep ROOT @reown/appkit-pay@1.7.8 OK for: @reown/appkit@1.7.8 want: 1.7.8
2553 silly placeDep ROOT @reown/appkit-polyfills@1.7.8 OK for: @reown/appkit@1.7.8 want: 1.7.8
2554 silly placeDep ROOT @reown/appkit-scaffold-ui@1.7.8 OK for: @reown/appkit@1.7.8 want: 1.7.8
2555 silly placeDep ROOT @reown/appkit-ui@1.7.8 OK for: @reown/appkit@1.7.8 want: 1.7.8
2556 silly placeDep ROOT @reown/appkit-utils@1.7.8 OK for: @reown/appkit@1.7.8 want: 1.7.8
2557 silly placeDep ROOT @reown/appkit-wallet@1.7.8 OK for: @reown/appkit@1.7.8 want: 1.7.8
2558 silly placeDep node_modules/@reown/appkit @walletconnect/types@2.21.0 OK for: @reown/appkit@1.7.8 want: 2.21.0
2559 silly placeDep node_modules/@reown/appkit @walletconnect/universal-provider@2.21.0 OK for: @reown/appkit@1.7.8 want: 2.21.0
2560 silly placeDep ROOT valtio@1.13.2 OK for: @reown/appkit@1.7.8 want: 1.13.2
2561 silly fetch manifest dayjs@1.11.13
2562 silly packumentCache full:https://registry.npmjs.org/dayjs cache-miss
2563 silly fetch manifest big.js@6.2.2
2564 silly packumentCache full:https://registry.npmjs.org/big.js cache-miss
2565 silly fetch manifest lit@3.3.0
2566 silly packumentCache full:https://registry.npmjs.org/lit cache-miss
2567 silly fetch manifest buffer@6.0.3
2568 silly packumentCache full:https://registry.npmjs.org/buffer cache-miss
2569 silly fetch manifest lit@3.3.0
2570 silly packumentCache full:https://registry.npmjs.org/lit cache-miss
2571 silly fetch manifest lit@3.3.0
2572 silly packumentCache full:https://registry.npmjs.org/lit cache-miss
2573 silly fetch manifest qrcode@1.5.3
2574 silly packumentCache full:https://registry.npmjs.org/qrcode cache-miss
2575 silly fetch manifest zod@3.22.4
2576 silly packumentCache full:https://registry.npmjs.org/zod cache-miss
2577 silly fetch manifest @walletconnect/utils@2.21.0
2578 silly packumentCache full:https://registry.npmjs.org/@walletconnect%2futils cache-miss
2579 silly fetch manifest @walletconnect/sign-client@2.21.0
2580 silly packumentCache full:https://registry.npmjs.org/@walletconnect%2fsign-client cache-miss
2581 silly fetch manifest derive-valtio@0.1.0
2582 silly packumentCache full:https://registry.npmjs.org/derive-valtio cache-miss
2583 silly fetch manifest proxy-compare@2.6.0
2584 silly packumentCache full:https://registry.npmjs.org/proxy-compare cache-miss
2585 silly fetch manifest use-sync-external-store@1.2.0
2586 silly packumentCache full:https://registry.npmjs.org/use-sync-external-store cache-miss
2587 http cache https://registry.npmjs.org/buffer 10ms (cache hit)
2588 silly packumentCache full:https://registry.npmjs.org/buffer set size:280480 disposed:false
2589 http cache https://registry.npmjs.org/@walletconnect%2fsign-client 13ms (cache hit)
2590 silly packumentCache full:https://registry.npmjs.org/@walletconnect%2fsign-client set size:2007964 disposed:false
2591 http cache https://registry.npmjs.org/zod 24ms (cache hit)
2592 silly packumentCache full:https://registry.npmjs.org/zod set size:4147901 disposed:false
2593 http cache https://registry.npmjs.org/@walletconnect%2futils 42ms (cache hit)
2594 silly packumentCache full:https://registry.npmjs.org/@walletconnect%2futils set size:2725987 disposed:false
2595 http cache https://registry.npmjs.org/use-sync-external-store 59ms (cache hit)
2596 silly packumentCache full:https://registry.npmjs.org/use-sync-external-store set size:4968927 disposed:false
2597 http fetch GET 200 https://registry.npmjs.org/proxy-compare 93ms (cache miss)
2598 silly packumentCache full:https://registry.npmjs.org/proxy-compare set size:undefined disposed:false
2599 http fetch GET 200 https://registry.npmjs.org/big.js 98ms (cache miss)
2600 silly packumentCache full:https://registry.npmjs.org/big.js set size:undefined disposed:false
2601 http fetch GET 200 https://registry.npmjs.org/qrcode 97ms (cache miss)
2602 silly packumentCache full:https://registry.npmjs.org/qrcode set size:undefined disposed:false
2603 http fetch GET 200 https://registry.npmjs.org/lit 101ms (cache miss)
2604 silly packumentCache full:https://registry.npmjs.org/lit set size:undefined disposed:false
2605 http fetch GET 200 https://registry.npmjs.org/lit 104ms (cache miss)
2606 silly packumentCache full:https://registry.npmjs.org/lit set size:undefined disposed:false
2607 http fetch GET 200 https://registry.npmjs.org/lit 106ms (cache miss)
2608 silly packumentCache full:https://registry.npmjs.org/lit set size:undefined disposed:false
2609 http fetch GET 200 https://registry.npmjs.org/dayjs 109ms (cache miss)
2610 silly packumentCache full:https://registry.npmjs.org/dayjs set size:undefined disposed:false
2611 http fetch GET 200 https://registry.npmjs.org/derive-valtio 260ms (cache miss)
2612 silly packumentCache full:https://registry.npmjs.org/derive-valtio set size:undefined disposed:false
2613 silly placeDep ROOT big.js@6.2.2 OK for: @reown/appkit-common@1.7.8 want: 6.2.2
2614 silly placeDep ROOT dayjs@1.11.13 OK for: @reown/appkit-common@1.7.8 want: 1.11.13
2615 silly placeDep node_modules/@reown/appkit-controllers @walletconnect/universal-provider@2.21.0 OK for: @reown/appkit-controllers@1.7.8 want: 2.21.0
2616 silly placeDep ROOT lit@3.3.0 OK for: @reown/appkit-pay@1.7.8 want: 3.3.0
2617 silly fetch manifest lit-html@^3.3.0
2618 silly packumentCache full:https://registry.npmjs.org/lit-html cache-miss
2619 silly fetch manifest lit-element@^4.2.0
2620 silly packumentCache full:https://registry.npmjs.org/lit-element cache-miss
2621 silly fetch manifest @lit/reactive-element@^2.1.0
2622 silly packumentCache full:https://registry.npmjs.org/@lit%2freactive-element cache-miss
2623 http fetch GET 200 https://registry.npmjs.org/@lit%2freactive-element 81ms (cache miss)
2624 silly packumentCache full:https://registry.npmjs.org/@lit%2freactive-element set size:undefined disposed:false
2625 http fetch GET 200 https://registry.npmjs.org/lit-element 84ms (cache miss)
2626 silly packumentCache full:https://registry.npmjs.org/lit-element set size:undefined disposed:false
2627 http fetch GET 200 https://registry.npmjs.org/lit-html 266ms (cache miss)
2628 silly packumentCache full:https://registry.npmjs.org/lit-html set size:undefined disposed:false
2629 silly placeDep ROOT buffer@6.0.3 OK for: @reown/appkit-polyfills@1.7.8 want: 6.0.3
2630 silly fetch manifest base64-js@^1.3.1
2631 silly packumentCache full:https://registry.npmjs.org/base64-js cache-miss
2632 silly fetch manifest ieee754@^1.2.1
2633 silly packumentCache full:https://registry.npmjs.org/ieee754 cache-miss
2634 http fetch GET 200 https://registry.npmjs.org/ieee754 75ms (cache miss)
2635 silly packumentCache full:https://registry.npmjs.org/ieee754 set size:undefined disposed:false
2636 http fetch GET 200 https://registry.npmjs.org/base64-js 76ms (cache miss)
2637 silly packumentCache full:https://registry.npmjs.org/base64-js set size:undefined disposed:false
2638 silly placeDep ROOT qrcode@1.5.3 OK for: @reown/appkit-ui@1.7.8 want: 1.5.3
2639 silly fetch manifest pngjs@^5.0.0
2640 silly packumentCache full:https://registry.npmjs.org/pngjs cache-miss
2641 silly fetch manifest yargs@^15.3.1
2642 silly packumentCache full:https://registry.npmjs.org/yargs cache-miss
2643 silly fetch manifest dijkstrajs@^1.0.1
2644 silly packumentCache full:https://registry.npmjs.org/dijkstrajs cache-miss
2645 silly fetch manifest encode-utf8@^1.0.3
2646 silly packumentCache full:https://registry.npmjs.org/encode-utf8 cache-miss
2647 http fetch GET 200 https://registry.npmjs.org/dijkstrajs 32ms (cache miss)
2648 silly packumentCache full:https://registry.npmjs.org/dijkstrajs set size:undefined disposed:false
2649 http fetch GET 200 https://registry.npmjs.org/pngjs 38ms (cache miss)
2650 silly packumentCache full:https://registry.npmjs.org/pngjs set size:undefined disposed:false
2651 http fetch GET 200 https://registry.npmjs.org/encode-utf8 42ms (cache miss)
2652 silly packumentCache full:https://registry.npmjs.org/encode-utf8 set size:undefined disposed:false
2653 http fetch GET 200 https://registry.npmjs.org/yargs 51ms (cache miss)
2654 silly packumentCache full:https://registry.npmjs.org/yargs set size:undefined disposed:false
2655 silly placeDep ROOT @walletconnect/logger@2.1.2 OK for: @reown/appkit-utils@1.7.8 want: 2.1.2
2656 silly placeDep node_modules/@reown/appkit-utils @walletconnect/universal-provider@2.21.0 OK for: @reown/appkit-utils@1.7.8 want: 2.21.0
2657 silly fetch manifest pino@7.11.0
2658 silly packumentCache full:https://registry.npmjs.org/pino cache-miss
2659 http fetch GET 200 https://registry.npmjs.org/pino 59ms (cache miss)
2660 silly packumentCache full:https://registry.npmjs.org/pino set size:undefined disposed:false
2661 silly placeDep node_modules/@reown/appkit-wallet zod@3.22.4 OK for: @reown/appkit-wallet@1.7.8 want: 3.22.4
2662 silly placeDep ROOT @walletconnect/safe-json@1.0.2 OK for: @walletconnect/jsonrpc-http-connection@1.0.8 want: ^1.0.1
2663 silly placeDep node_modules/@walletconnect/jsonrpc-http-connection cross-fetch@3.2.0 OK for: @walletconnect/jsonrpc-http-connection@1.0.8 want: ^3.1.4
2664 silly placeDep ROOT keyvaluestorage-interface@1.0.0 OK for: @walletconnect/jsonrpc-types@1.0.4 want: ^1.0.0
2665 silly placeDep ROOT @walletconnect/environment@1.0.1 OK for: @walletconnect/jsonrpc-utils@1.0.8 want: ^1.0.1
2666 silly placeDep node_modules/@walletconnect/jsonrpc-utils tslib@1.14.1 OK for: @walletconnect/jsonrpc-utils@1.0.8 want: 1.14.1
2667 silly placeDep node_modules/@walletconnect/environment tslib@1.14.1 OK for: @walletconnect/environment@1.0.1 want: 1.14.1
2668 silly fetch manifest @azure/app-configuration@^1.8.0
2669 silly packumentCache full:https://registry.npmjs.org/@azure%2fapp-configuration cache-miss
2670 http fetch GET 200 https://registry.npmjs.org/@azure%2fapp-configuration 113ms (cache miss)
2671 silly packumentCache full:https://registry.npmjs.org/@azure%2fapp-configuration set size:undefined disposed:false
2672 silly fetch manifest @azure/cosmos@^4.2.0
2673 silly packumentCache full:https://registry.npmjs.org/@azure%2fcosmos cache-miss
2674 http fetch GET 200 https://registry.npmjs.org/@azure%2fcosmos 352ms (cache miss)
2675 silly packumentCache full:https://registry.npmjs.org/@azure%2fcosmos set size:undefined disposed:false
2676 silly fetch manifest @azure/data-tables@^13.3.0
2677 silly packumentCache full:https://registry.npmjs.org/@azure%2fdata-tables cache-miss
2678 http fetch GET 200 https://registry.npmjs.org/@azure%2fdata-tables 139ms (cache miss)
2679 silly packumentCache full:https://registry.npmjs.org/@azure%2fdata-tables set size:undefined disposed:false
2680 silly fetch manifest @azure/identity@^4.6.0
2681 silly packumentCache full:https://registry.npmjs.org/@azure%2fidentity cache-miss
2682 http fetch GET 200 https://registry.npmjs.org/@azure%2fidentity 194ms (cache miss)
2683 silly packumentCache full:https://registry.npmjs.org/@azure%2fidentity set size:undefined disposed:false
2684 silly fetch manifest @azure/keyvault-secrets@^4.9.0
2685 silly packumentCache full:https://registry.npmjs.org/@azure%2fkeyvault-secrets cache-miss
2686 http fetch GET 200 https://registry.npmjs.org/@azure%2fkeyvault-secrets 112ms (cache miss)
2687 silly packumentCache full:https://registry.npmjs.org/@azure%2fkeyvault-secrets set size:undefined disposed:false
2688 silly fetch manifest @azure/storage-blob@^12.26.0
2689 silly packumentCache full:https://registry.npmjs.org/@azure%2fstorage-blob cache-miss
2690 http fetch GET 200 https://registry.npmjs.org/@azure%2fstorage-blob 252ms (cache miss)
2691 silly packumentCache full:https://registry.npmjs.org/@azure%2fstorage-blob set size:undefined disposed:false
2692 silly fetch manifest @capacitor/preferences@^6 || ^7 || ^8
2693 silly packumentCache full:https://registry.npmjs.org/@capacitor%2fpreferences cache-miss
2694 http fetch GET 200 https://registry.npmjs.org/@capacitor%2fpreferences 287ms (cache miss)
2695 silly packumentCache full:https://registry.npmjs.org/@capacitor%2fpreferences set size:undefined disposed:false
2696 silly fetch manifest @capacitor/core@>=8.0.0
2697 silly packumentCache full:https://registry.npmjs.org/@capacitor%2fcore cache-miss
2698 http fetch GET 200 https://registry.npmjs.org/@capacitor%2fcore 199ms (cache miss)
2699 silly packumentCache full:https://registry.npmjs.org/@capacitor%2fcore set size:undefined disposed:false
2700 silly fetch manifest @deno/kv@>=0.9.0
2701 silly packumentCache full:https://registry.npmjs.org/@deno%2fkv cache-miss
2702 http fetch GET 200 https://registry.npmjs.org/@deno%2fkv 67ms (cache miss)
2703 silly packumentCache full:https://registry.npmjs.org/@deno%2fkv set size:undefined disposed:false
2704 silly fetch manifest @netlify/blobs@^6.5.0 || ^7.0.0 || ^8.1.0 || ^9.0.0 || ^10.0.0
2705 silly packumentCache full:https://registry.npmjs.org/@netlify%2fblobs cache-miss
2706 http fetch GET 200 https://registry.npmjs.org/@netlify%2fblobs 76ms (cache miss)
2707 silly packumentCache full:https://registry.npmjs.org/@netlify%2fblobs set size:undefined disposed:false
2708 silly fetch manifest @planetscale/database@^1.19.0
2709 silly packumentCache full:https://registry.npmjs.org/@planetscale%2fdatabase cache-miss
2710 http fetch GET 200 https://registry.npmjs.org/@planetscale%2fdatabase 70ms (cache miss)
2711 silly packumentCache full:https://registry.npmjs.org/@planetscale%2fdatabase set size:undefined disposed:false
2712 silly fetch manifest @upstash/redis@^1.34.3
2713 silly packumentCache full:https://registry.npmjs.org/@upstash%2fredis cache-miss
2714 http fetch GET 200 https://registry.npmjs.org/@upstash%2fredis 126ms (cache miss)
2715 silly packumentCache full:https://registry.npmjs.org/@upstash%2fredis set size:undefined disposed:false
2716 silly fetch manifest @vercel/blob@>=0.27.1
2717 silly packumentCache full:https://registry.npmjs.org/@vercel%2fblob cache-miss
2718 http fetch GET 200 https://registry.npmjs.org/@vercel%2fblob 83ms (cache miss)
2719 silly packumentCache full:https://registry.npmjs.org/@vercel%2fblob set size:undefined disposed:false
2720 silly fetch manifest @vercel/functions@^2.2.12 || ^3.0.0
2721 silly packumentCache full:https://registry.npmjs.org/@vercel%2ffunctions cache-miss
2722 http fetch GET 200 https://registry.npmjs.org/@vercel%2ffunctions 65ms (cache miss)
2723 silly packumentCache full:https://registry.npmjs.org/@vercel%2ffunctions set size:undefined disposed:false
2724 silly fetch manifest @aws-sdk/credential-provider-web-identity@*
2725 silly packumentCache full:https://registry.npmjs.org/@aws-sdk%2fcredential-provider-web-identity cache-miss
2726 http fetch GET 200 https://registry.npmjs.org/@aws-sdk%2fcredential-provider-web-identity 83ms (cache miss)
2727 silly packumentCache full:https://registry.npmjs.org/@aws-sdk%2fcredential-provider-web-identity set size:undefined disposed:false
2728 silly fetch manifest ws@>=8
2729 silly packumentCache full:https://registry.npmjs.org/ws cache-miss
2730 http cache https://registry.npmjs.org/ws 4ms (cache hit)
2731 silly packumentCache full:https://registry.npmjs.org/ws set size:447661 disposed:false
2732 silly fetch manifest @vercel/kv@^1 || ^2 || ^3
2733 silly packumentCache full:https://registry.npmjs.org/@vercel%2fkv cache-miss
2734 http fetch GET 200 https://registry.npmjs.org/@vercel%2fkv 236ms (cache miss)
2735 silly packumentCache full:https://registry.npmjs.org/@vercel%2fkv set size:undefined disposed:false
2736 silly fetch manifest aws4fetch@^1.0.20
2737 silly packumentCache full:https://registry.npmjs.org/aws4fetch cache-miss
2738 http fetch GET 200 https://registry.npmjs.org/aws4fetch 47ms (cache miss)
2739 silly packumentCache full:https://registry.npmjs.org/aws4fetch set size:undefined disposed:false
2740 silly fetch manifest db0@>=0.2.1
2741 silly packumentCache full:https://registry.npmjs.org/db0 cache-miss
2742 http fetch GET 200 https://registry.npmjs.org/db0 59ms (cache miss)
2743 silly packumentCache full:https://registry.npmjs.org/db0 set size:undefined disposed:false
2744 silly fetch manifest ioredis@^5.4.2
2745 silly packumentCache full:https://registry.npmjs.org/ioredis cache-miss
2746 http fetch GET 200 https://registry.npmjs.org/ioredis 86ms (cache miss)
2747 silly packumentCache full:https://registry.npmjs.org/ioredis set size:undefined disposed:false
2748 silly fetch manifest uploadthing@^7.4.4
2749 silly packumentCache full:https://registry.npmjs.org/uploadthing cache-miss
2750 http fetch GET 200 https://registry.npmjs.org/uploadthing 73ms (cache miss)
2751 silly packumentCache full:https://registry.npmjs.org/uploadthing set size:undefined disposed:false
2752 silly fetch manifest express@*
2753 silly packumentCache full:https://registry.npmjs.org/express cache-miss
2754 http fetch GET 200 https://registry.npmjs.org/express 65ms (cache miss)
2755 silly packumentCache full:https://registry.npmjs.org/express set size:undefined disposed:false
2756 silly fetch manifest h3@*
2757 silly packumentCache full:https://registry.npmjs.org/h3 cache-miss
2758 http fetch GET 200 https://registry.npmjs.org/h3 68ms (cache miss)
2759 silly packumentCache full:https://registry.npmjs.org/h3 set size:undefined disposed:false
2760 silly fetch manifest crossws@^0.4.12
2761 silly packumentCache full:https://registry.npmjs.org/crossws cache-miss
2762 http fetch GET 200 https://registry.npmjs.org/crossws 66ms (cache miss)
2763 silly packumentCache full:https://registry.npmjs.org/crossws set size:undefined disposed:false
2764 silly fetch manifest srvx@>=0.11.5
2765 silly packumentCache full:https://registry.npmjs.org/srvx cache-miss
2766 http fetch GET 200 https://registry.npmjs.org/srvx 60ms (cache miss)
2767 silly packumentCache full:https://registry.npmjs.org/srvx set size:undefined disposed:false
2768 silly fetch manifest ocache@>=0.3.0
2769 silly packumentCache full:https://registry.npmjs.org/ocache cache-miss
2770 http fetch GET 200 https://registry.npmjs.org/ocache 136ms (cache miss)
2771 silly packumentCache full:https://registry.npmjs.org/ocache set size:undefined disposed:false
2772 silly fetch manifest tailwindcss@^3.0.0 || ^4.0.0-beta.0
2773 silly packumentCache full:https://registry.npmjs.org/tailwindcss cache-miss
2774 http cache https://registry.npmjs.org/tailwindcss 19ms (cache hit)
2775 silly packumentCache full:https://registry.npmjs.org/tailwindcss set size:10875803 disposed:false
2776 silly placeDep ROOT unstorage@1.17.5 OK for: @walletconnect/keyvaluestorage@1.1.1 want: ^1.9.0
2777 silly fetch manifest h3@^1.15.10
2778 silly packumentCache full:https://registry.npmjs.org/h3 cache-miss
2779 silly fetch manifest ufo@^1.6.3
2780 silly packumentCache full:https://registry.npmjs.org/ufo cache-miss
2781 silly fetch manifest destr@^2.0.5
2782 silly packumentCache full:https://registry.npmjs.org/destr cache-miss
2783 silly fetch manifest ofetch@^1.5.1
2784 silly packumentCache full:https://registry.npmjs.org/ofetch cache-miss
2785 silly fetch manifest chokidar@^5.0.0
2786 silly packumentCache full:https://registry.npmjs.org/chokidar cache-miss
2787 silly fetch manifest lru-cache@^11.2.7
2788 silly packumentCache full:https://registry.npmjs.org/lru-cache cache-miss
2789 silly fetch manifest node-fetch-native@^1.6.7
2790 silly packumentCache full:https://registry.npmjs.org/node-fetch-native cache-miss
2791 http cache https://registry.npmjs.org/chokidar 8ms (cache hit)
2792 silly packumentCache full:https://registry.npmjs.org/chokidar set size:255902 disposed:false
2793 http cache https://registry.npmjs.org/h3 16ms (cache hit)
2794 silly packumentCache full:https://registry.npmjs.org/h3 set size:479788 disposed:false
2795 http cache https://registry.npmjs.org/lru-cache 18ms (cache hit)
2796 silly packumentCache full:https://registry.npmjs.org/lru-cache set size:460407 disposed:false
2797 http fetch GET 200 https://registry.npmjs.org/ofetch 33ms (cache miss)
2798 silly packumentCache full:https://registry.npmjs.org/ofetch set size:undefined disposed:false
2799 http fetch GET 200 https://registry.npmjs.org/destr 37ms (cache miss)
2800 silly packumentCache full:https://registry.npmjs.org/destr set size:undefined disposed:false
2801 http fetch GET 200 https://registry.npmjs.org/node-fetch-native 46ms (cache miss)
2802 silly packumentCache full:https://registry.npmjs.org/node-fetch-native set size:undefined disposed:false
2803 http fetch GET 200 https://registry.npmjs.org/ufo 52ms (cache miss)
2804 silly packumentCache full:https://registry.npmjs.org/ufo set size:undefined disposed:false
2805 silly placeDep ROOT pino@7.11.0 OK for: @walletconnect/logger@2.1.2 want: 7.11.0
2806 silly fetch manifest sonic-boom@^2.2.1
2807 silly packumentCache full:https://registry.npmjs.org/sonic-boom cache-miss
2808 silly fetch manifest fast-redact@^3.0.0
2809 silly packumentCache full:https://registry.npmjs.org/fast-redact cache-miss
2810 silly fetch manifest atomic-sleep@^1.0.0
2811 silly packumentCache full:https://registry.npmjs.org/atomic-sleep cache-miss
2812 silly fetch manifest real-require@^0.1.0
2813 silly packumentCache full:https://registry.npmjs.org/real-require cache-miss
2814 silly fetch manifest thread-stream@^0.15.1
2815 silly packumentCache full:https://registry.npmjs.org/thread-stream cache-miss
2816 silly fetch manifest process-warning@^1.0.0
2817 silly packumentCache full:https://registry.npmjs.org/process-warning cache-miss
2818 silly fetch manifest on-exit-leak-free@^0.2.0
2819 silly packumentCache full:https://registry.npmjs.org/on-exit-leak-free cache-miss
2820 silly fetch manifest pino-std-serializers@^4.0.0
2821 silly packumentCache full:https://registry.npmjs.org/pino-std-serializers cache-miss
2822 silly fetch manifest safe-stable-stringify@^2.1.0
2823 silly packumentCache full:https://registry.npmjs.org/safe-stable-stringify cache-miss
2824 silly fetch manifest quick-format-unescaped@^4.0.3
2825 silly packumentCache full:https://registry.npmjs.org/quick-format-unescaped cache-miss
2826 silly fetch manifest pino-abstract-transport@v0.5.0
2827 silly packumentCache full:https://registry.npmjs.org/pino-abstract-transport cache-miss
2828 http fetch GET 200 https://registry.npmjs.org/fast-redact 35ms (cache miss)
2829 silly packumentCache full:https://registry.npmjs.org/fast-redact set size:undefined disposed:false
2830 http fetch GET 200 https://registry.npmjs.org/atomic-sleep 43ms (cache miss)
2831 silly packumentCache full:https://registry.npmjs.org/atomic-sleep set size:undefined disposed:false
2832 http fetch GET 200 https://registry.npmjs.org/process-warning 45ms (cache miss)
2833 silly packumentCache full:https://registry.npmjs.org/process-warning set size:undefined disposed:false
2834 http fetch GET 200 https://registry.npmjs.org/pino-std-serializers 46ms (cache miss)
2835 silly packumentCache full:https://registry.npmjs.org/pino-std-serializers set size:undefined disposed:false
2836 http fetch GET 200 https://registry.npmjs.org/pino-abstract-transport 47ms (cache miss)
2837 silly packumentCache full:https://registry.npmjs.org/pino-abstract-transport set size:undefined disposed:false
2838 http fetch GET 200 https://registry.npmjs.org/sonic-boom 50ms (cache miss)
2839 silly packumentCache full:https://registry.npmjs.org/sonic-boom set size:undefined disposed:false
2840 http fetch GET 200 https://registry.npmjs.org/real-require 52ms (cache miss)
2841 silly packumentCache full:https://registry.npmjs.org/real-require set size:undefined disposed:false
2842 http fetch GET 200 https://registry.npmjs.org/on-exit-leak-free 52ms (cache miss)
2843 silly packumentCache full:https://registry.npmjs.org/on-exit-leak-free set size:undefined disposed:false
2844 http fetch GET 200 https://registry.npmjs.org/thread-stream 53ms (cache miss)
2845 silly packumentCache full:https://registry.npmjs.org/thread-stream set size:undefined disposed:false
2846 http fetch GET 200 https://registry.npmjs.org/quick-format-unescaped 58ms (cache miss)
2847 silly packumentCache full:https://registry.npmjs.org/quick-format-unescaped set size:undefined disposed:false
2848 http fetch GET 200 https://registry.npmjs.org/safe-stable-stringify 65ms (cache miss)
2849 silly packumentCache full:https://registry.npmjs.org/safe-stable-stringify set size:undefined disposed:false
2850 silly placeDep node_modules/@walletconnect/safe-json tslib@1.14.1 OK for: @walletconnect/safe-json@1.0.2 want: 1.14.1
2851 silly placeDep ROOT @walletconnect/core@2.21.1 OK for: @walletconnect/sign-client@2.21.1 want: 2.21.1
2852 silly placeDep ROOT @walletconnect/events@1.0.1 OK for: @walletconnect/sign-client@2.21.1 want: 1.0.1
2853 silly placeDep ROOT @walletconnect/heartbeat@1.2.2 OK for: @walletconnect/sign-client@2.21.1 want: 1.2.2
2854 silly placeDep ROOT @walletconnect/time@1.0.2 OK for: @walletconnect/sign-client@2.21.1 want: 1.0.2
2855 silly fetch manifest @walletconnect/jsonrpc-ws-connection@1.0.16
2856 silly packumentCache full:https://registry.npmjs.org/@walletconnect%2fjsonrpc-ws-connection cache-miss
2857 silly fetch manifest @walletconnect/time@^1.0.2
2858 silly packumentCache full:https://registry.npmjs.org/@walletconnect%2ftime cache-miss
2859 http cache https://registry.npmjs.org/@walletconnect%2ftime 3ms (cache hit)
2860 silly packumentCache full:https://registry.npmjs.org/@walletconnect%2ftime set size:11059 disposed:false
2861 http fetch GET 200 https://registry.npmjs.org/@walletconnect%2fjsonrpc-ws-connection 460ms (cache miss)
2862 silly packumentCache full:https://registry.npmjs.org/@walletconnect%2fjsonrpc-ws-connection set size:undefined disposed:false
2863 silly placeDep ROOT @walletconnect/jsonrpc-ws-connection@1.0.16 OK for: @walletconnect/core@2.21.1 want: 1.0.16
2864 silly placeDep ROOT @walletconnect/relay-api@1.0.11 OK for: @walletconnect/core@2.21.1 want: 1.0.11
2865 silly placeDep ROOT @walletconnect/relay-auth@1.1.0 OK for: @walletconnect/core@2.21.1 want: 1.1.0
2866 silly placeDep ROOT @walletconnect/window-getters@1.0.1 OK for: @walletconnect/core@2.21.1 want: 1.0.1
2867 silly placeDep ROOT es-toolkit@1.33.0 OK for: @walletconnect/core@2.21.1 want: 1.33.0
2868 silly placeDep ROOT uint8arrays@3.1.0 OK for: @walletconnect/core@2.21.1 want: 3.1.0
2869 silly fetch manifest ws@^7.5.1
2870 silly packumentCache full:https://registry.npmjs.org/ws cache-hit
2871 silly fetch manifest uint8arrays@^3.0.0
2872 silly packumentCache full:https://registry.npmjs.org/uint8arrays cache-miss
2873 silly fetch manifest @noble/curves@1.8.0
2874 silly packumentCache full:https://registry.npmjs.org/@noble%2fcurves cache-hit
2875 silly fetch manifest @noble/hashes@1.7.0
2876 silly packumentCache full:https://registry.npmjs.org/@noble%2fhashes cache-hit
2877 silly fetch manifest multiformats@^9.4.2
2878 silly packumentCache full:https://registry.npmjs.org/multiformats cache-miss
2879 http cache https://registry.npmjs.org/uint8arrays 6ms (cache hit)
2880 silly packumentCache full:https://registry.npmjs.org/uint8arrays set size:183095 disposed:false
2881 http fetch GET 200 https://registry.npmjs.org/multiformats 59ms (cache miss)
2882 silly packumentCache full:https://registry.npmjs.org/multiformats set size:undefined disposed:false
2883 silly placeDep node_modules/@walletconnect/events tslib@1.14.1 OK for: @walletconnect/events@1.0.1 want: 1.14.1
2884 silly placeDep node_modules/@walletconnect/jsonrpc-ws-connection ws@7.5.13 OK for: @walletconnect/jsonrpc-ws-connection@1.0.16 want: ^7.5.1
2885 silly placeDep node_modules/@walletconnect/relay-auth @noble/curves@1.8.0 OK for: @walletconnect/relay-auth@1.1.0 want: 1.8.0
2886 silly placeDep node_modules/@walletconnect/relay-auth @noble/hashes@1.7.0 OK for: @walletconnect/relay-auth@1.1.0 want: 1.7.0
2887 silly placeDep node_modules/@walletconnect/time tslib@1.14.1 OK for: @walletconnect/time@1.0.2 want: 1.14.1
2888 silly placeDep node_modules/@walletconnect/utils @noble/ciphers@1.2.1 OK for: @walletconnect/utils@2.21.1 want: 1.2.1
2889 silly placeDep node_modules/@walletconnect/utils @noble/curves@1.8.1 OK for: @walletconnect/utils@2.21.1 want: 1.8.1
2890 silly placeDep node_modules/@walletconnect/utils @noble/hashes@1.7.1 OK for: @walletconnect/utils@2.21.1 want: 1.7.1
2891 silly placeDep ROOT @walletconnect/window-metadata@1.0.1 OK for: @walletconnect/utils@2.21.1 want: 1.0.1
2892 silly placeDep ROOT query-string@7.1.3 OK for: @walletconnect/utils@2.21.1 want: 7.1.3
2893 silly placeDep node_modules/@walletconnect/utils viem@2.23.2 OK for: @walletconnect/utils@2.21.1 want: 2.23.2
2894 silly fetch manifest filter-obj@^1.1.0
2895 silly packumentCache full:https://registry.npmjs.org/filter-obj cache-miss
2896 silly fetch manifest split-on-first@^1.0.0
2897 silly packumentCache full:https://registry.npmjs.org/split-on-first cache-miss
2898 silly fetch manifest strict-uri-encode@^2.0.0
2899 silly packumentCache full:https://registry.npmjs.org/strict-uri-encode cache-miss
2900 silly fetch manifest decode-uri-component@^0.2.2
2901 silly packumentCache full:https://registry.npmjs.org/decode-uri-component cache-miss
2902 silly fetch manifest ox@0.6.7
2903 silly packumentCache full:https://registry.npmjs.org/ox cache-miss
2904 silly fetch manifest ws@8.18.0
2905 silly packumentCache full:https://registry.npmjs.org/ws cache-hit
2906 silly fetch manifest isows@1.0.6
2907 silly packumentCache full:https://registry.npmjs.org/isows cache-miss
2908 silly fetch manifest abitype@1.0.8
2909 silly packumentCache full:https://registry.npmjs.org/abitype cache-hit
2910 silly fetch manifest @scure/bip32@1.6.2
2911 silly packumentCache full:https://registry.npmjs.org/@scure%2fbip32 cache-hit
2912 silly fetch manifest @scure/bip39@1.5.4
2913 silly packumentCache full:https://registry.npmjs.org/@scure%2fbip39 cache-hit
2914 http cache https://registry.npmjs.org/isows 13ms (cache hit)
2915 silly packumentCache full:https://registry.npmjs.org/isows set size:83098 disposed:false
2916 http cache https://registry.npmjs.org/ox 21ms (cache hit)
2917 silly packumentCache full:https://registry.npmjs.org/ox set size:6237238 disposed:false
2918 http fetch GET 200 https://registry.npmjs.org/strict-uri-encode 58ms (cache miss)
2919 silly packumentCache full:https://registry.npmjs.org/strict-uri-encode set size:undefined disposed:false
2920 http fetch GET 200 https://registry.npmjs.org/filter-obj 60ms (cache miss)
2921 silly packumentCache full:https://registry.npmjs.org/filter-obj set size:undefined disposed:false
2922 http fetch GET 200 https://registry.npmjs.org/decode-uri-component 60ms (cache miss)
2923 silly packumentCache full:https://registry.npmjs.org/decode-uri-component set size:undefined disposed:false
2924 http fetch GET 200 https://registry.npmjs.org/split-on-first 61ms (cache miss)
2925 silly packumentCache full:https://registry.npmjs.org/split-on-first set size:undefined disposed:false
2926 silly placeDep node_modules/@walletconnect/window-getters tslib@1.14.1 OK for: @walletconnect/window-getters@1.0.1 want: 1.14.1
2927 silly placeDep node_modules/@walletconnect/window-metadata tslib@1.14.1 OK for: @walletconnect/window-metadata@1.0.1 want: 1.14.1
2928 silly placeDep ROOT follow-redirects@1.16.0 OK for: axios@1.16.0 want: ^1.16.0
2929 silly placeDep ROOT form-data@4.0.6 OK for: axios@1.16.0 want: ^4.0.5
2930 silly placeDep ROOT proxy-from-env@2.1.0 OK for: axios@1.16.0 want: ^2.1.0
2931 silly fetch manifest asynckit@^0.4.0
2932 silly packumentCache full:https://registry.npmjs.org/asynckit cache-miss
2933 silly fetch manifest mime-types@^2.1.35
2934 silly packumentCache full:https://registry.npmjs.org/mime-types cache-miss
2935 silly fetch manifest combined-stream@^1.0.8
2936 silly packumentCache full:https://registry.npmjs.org/combined-stream cache-miss
2937 silly fetch manifest es-set-tostringtag@^2.1.0
2938 silly packumentCache full:https://registry.npmjs.org/es-set-tostringtag cache-miss
2939 http fetch GET 200 https://registry.npmjs.org/combined-stream 36ms (cache miss)
2940 silly packumentCache full:https://registry.npmjs.org/combined-stream set size:undefined disposed:false
2941 http fetch GET 200 https://registry.npmjs.org/es-set-tostringtag 43ms (cache miss)
2942 silly packumentCache full:https://registry.npmjs.org/es-set-tostringtag set size:undefined disposed:false
2943 http fetch GET 200 https://registry.npmjs.org/mime-types 44ms (cache miss)
2944 silly packumentCache full:https://registry.npmjs.org/mime-types set size:undefined disposed:false
2945 http fetch GET 200 https://registry.npmjs.org/asynckit 62ms (cache miss)
2946 silly packumentCache full:https://registry.npmjs.org/asynckit set size:undefined disposed:false
2947 silly placeDep ROOT is-retry-allowed@2.2.0 OK for: axios-retry@4.5.0 want: ^2.2.0
2948 silly placeDep ROOT base-x@5.0.1 OK for: bs58@6.0.0 want: ^5.0.0
2949 silly placeDep ROOT base64-js@1.5.1 OK for: buffer@6.0.3 want: ^1.3.1
2950 silly placeDep ROOT ieee754@1.2.1 OK for: buffer@6.0.3 want: ^1.2.1
2951 silly placeDep ROOT node-gyp-build@4.8.4 OK for: bufferutil@4.1.0 want: ^4.3.0
2952 silly placeDep ROOT bn.js@5.2.5 OK for: @coinbase/wallet-sdk@3.9.3 want: ^5.2.1
2953 silly placeDep node_modules/cbw-sdk clsx@1.2.1 OK for: @coinbase/wallet-sdk@3.9.3 want: ^1.2.1
2954 silly placeDep ROOT eth-block-tracker@7.1.0 OK for: @coinbase/wallet-sdk@3.9.3 want: ^7.1.0
2955 silly placeDep ROOT eth-json-rpc-filters@6.0.1 OK for: @coinbase/wallet-sdk@3.9.3 want: ^6.0.0
2956 silly placeDep node_modules/cbw-sdk eventemitter3@5.0.4 OK for: @coinbase/wallet-sdk@3.9.3 want: ^5.0.1
2957 silly placeDep ROOT keccak@3.0.4 OK for: @coinbase/wallet-sdk@3.9.3 want: ^3.0.3
2958 silly placeDep ROOT sha.js@2.4.12 OK for: @coinbase/wallet-sdk@3.9.3 want: ^2.4.11
2959 silly fetch manifest pify@^3.0.0
2960 silly packumentCache full:https://registry.npmjs.org/pify cache-miss
2961 silly fetch manifest @metamask/utils@^5.0.1
2962 silly packumentCache full:https://registry.npmjs.org/@metamask%2futils cache-hit
2963 silly fetch manifest json-rpc-random-id@^1.0.1
2964 silly packumentCache full:https://registry.npmjs.org/json-rpc-random-id cache-miss
2965 silly fetch manifest @metamask/eth-json-rpc-provider@^1.0.0
2966 silly packumentCache full:https://registry.npmjs.org/@metamask%2feth-json-rpc-provider cache-miss
2967 silly fetch manifest pify@^5.0.0
2968 silly packumentCache full:https://registry.npmjs.org/pify cache-miss
2969 silly fetch manifest eth-query@^2.1.2
2970 silly packumentCache full:https://registry.npmjs.org/eth-query cache-miss
2971 silly fetch manifest async-mutex@^0.2.6
2972 silly packumentCache full:https://registry.npmjs.org/async-mutex cache-miss
2973 silly fetch manifest json-rpc-engine@^6.1.0
2974 silly packumentCache full:https://registry.npmjs.org/json-rpc-engine cache-miss
2975 silly fetch manifest node-addon-api@^2.0.0
2976 silly packumentCache full:https://registry.npmjs.org/node-addon-api cache-miss
2977 silly fetch manifest inherits@^2.0.4
2978 silly packumentCache full:https://registry.npmjs.org/inherits cache-miss
2979 silly fetch manifest safe-buffer@^5.2.1
2980 silly packumentCache full:https://registry.npmjs.org/safe-buffer cache-miss
2981 silly fetch manifest to-buffer@^1.2.0
2982 silly packumentCache full:https://registry.npmjs.org/to-buffer cache-miss
2983 http cache https://registry.npmjs.org/inherits 8ms (cache hit)
2984 silly packumentCache full:https://registry.npmjs.org/inherits set size:12925 disposed:false
2985 http fetch GET 200 https://registry.npmjs.org/async-mutex 45ms (cache miss)
2986 silly packumentCache full:https://registry.npmjs.org/async-mutex set size:undefined disposed:false
2987 http fetch GET 200 https://registry.npmjs.org/pify 47ms (cache miss)
2988 silly packumentCache full:https://registry.npmjs.org/pify set size:undefined disposed:false
2989 http fetch GET 200 https://registry.npmjs.org/safe-buffer 47ms (cache miss)
2990 silly packumentCache full:https://registry.npmjs.org/safe-buffer set size:undefined disposed:false
2991 http fetch GET 200 https://registry.npmjs.org/to-buffer 48ms (cache miss)
2992 silly packumentCache full:https://registry.npmjs.org/to-buffer set size:undefined disposed:false
2993 http fetch GET 200 https://registry.npmjs.org/pify 54ms (cache miss)
2994 silly packumentCache full:https://registry.npmjs.org/pify set size:undefined disposed:false
2995 http fetch GET 200 https://registry.npmjs.org/node-addon-api 55ms (cache miss)
2996 silly packumentCache full:https://registry.npmjs.org/node-addon-api set size:undefined disposed:false
2997 http fetch GET 200 https://registry.npmjs.org/json-rpc-engine 238ms (cache miss)
2998 silly packumentCache full:https://registry.npmjs.org/json-rpc-engine set size:undefined disposed:false
2999 http fetch GET 200 https://registry.npmjs.org/json-rpc-random-id 240ms (cache miss)
3000 silly packumentCache full:https://registry.npmjs.org/json-rpc-random-id set size:undefined disposed:false
3001 http fetch GET 200 https://registry.npmjs.org/eth-query 247ms (cache miss)
3002 silly packumentCache full:https://registry.npmjs.org/eth-query set size:undefined disposed:false
3003 http fetch GET 200 https://registry.npmjs.org/@metamask%2feth-json-rpc-provider 635ms (cache miss)
3004 silly packumentCache full:https://registry.npmjs.org/@metamask%2feth-json-rpc-provider set size:undefined disposed:false
3005 silly fetch manifest encoding@^0.1.0
3006 silly packumentCache full:https://registry.npmjs.org/encoding cache-miss
3007 http fetch GET 200 https://registry.npmjs.org/encoding 45ms (cache miss)
3008 silly packumentCache full:https://registry.npmjs.org/encoding set size:undefined disposed:false
3009 silly placeDep ROOT node-fetch@2.7.0 OK for: cross-fetch@4.1.0 want: ^2.7.0
3010 silly fetch manifest whatwg-url@^5.0.0
3011 silly packumentCache full:https://registry.npmjs.org/whatwg-url cache-miss
3012 http fetch GET 200 https://registry.npmjs.org/whatwg-url 57ms (cache miss)
3013 silly packumentCache full:https://registry.npmjs.org/whatwg-url set size:undefined disposed:false
3014 silly placeDep ROOT ms@2.1.2 OK for: debug@4.3.4 want: 2.1.2
3015 silly placeDep ROOT @ecies/ciphers@0.2.6 OK for: eciesjs@0.4.18 want: ^0.2.5
3016 silly placeDep node_modules/eciesjs @noble/curves@1.9.7 OK for: eciesjs@0.4.18 want: ^1.9.7
3017 silly placeDep ROOT @metamask/eth-json-rpc-provider@1.0.1 OK for: eth-block-tracker@7.1.0 want: ^1.0.0
3018 silly placeDep node_modules/eth-block-tracker @metamask/utils@5.0.2 OK for: eth-block-tracker@7.1.0 want: ^5.0.1
3019 silly placeDep ROOT json-rpc-random-id@1.0.1 OK for: eth-block-tracker@7.1.0 want: ^1.0.1
3020 silly placeDep ROOT pify@3.0.0 OK for: eth-block-tracker@7.1.0 want: ^3.0.0
3021 silly fetch manifest @metamask/json-rpc-engine@^7.0.0
3022 silly packumentCache full:https://registry.npmjs.org/@metamask%2fjson-rpc-engine cache-miss
3023 silly fetch manifest superstruct@^1.0.3
3024 silly packumentCache full:https://registry.npmjs.org/superstruct cache-miss
3025 http cache https://registry.npmjs.org/@metamask%2fjson-rpc-engine 4ms (cache hit)
3026 silly packumentCache full:https://registry.npmjs.org/@metamask%2fjson-rpc-engine set size:112269 disposed:false
3027 http fetch GET 200 https://registry.npmjs.org/superstruct 130ms (cache miss)
3028 silly packumentCache full:https://registry.npmjs.org/superstruct set size:undefined disposed:false
3029 silly placeDep node_modules/@metamask/eth-json-rpc-provider @metamask/json-rpc-engine@7.3.3 OK for: @metamask/eth-json-rpc-provider@1.0.1 want: ^7.0.0
3030 silly placeDep node_modules/@metamask/eth-json-rpc-provider @metamask/utils@5.0.2 OK for: @metamask/eth-json-rpc-provider@1.0.1 want: ^5.0.1
3031 silly placeDep ROOT async-mutex@0.2.6 OK for: eth-json-rpc-filters@6.0.1 want: ^0.2.6
3032 silly placeDep ROOT eth-query@2.1.2 OK for: eth-json-rpc-filters@6.0.1 want: ^2.1.2
3033 silly placeDep ROOT json-rpc-engine@6.1.0 OK for: eth-json-rpc-filters@6.0.1 want: ^6.1.0
3034 silly placeDep node_modules/eth-json-rpc-filters pify@5.0.0 OK for: eth-json-rpc-filters@6.0.1 want: ^5.0.0
3035 silly fetch manifest xtend@^4.0.1
3036 silly packumentCache full:https://registry.npmjs.org/xtend cache-miss
3037 silly fetch manifest @metamask/safe-event-emitter@^2.0.0
3038 silly packumentCache full:https://registry.npmjs.org/@metamask%2fsafe-event-emitter cache-hit
3039 http fetch GET 200 https://registry.npmjs.org/xtend 97ms (cache miss)
3040 silly packumentCache full:https://registry.npmjs.org/xtend set size:undefined disposed:false
3041 silly placeDep ROOT xtend@4.0.2 OK for: eth-query@2.1.2 want: ^4.0.1
3042 silly placeDep node_modules/ethereum-cryptography @noble/curves@1.4.2 OK for: ethereum-cryptography@2.2.1 want: 1.4.2
3043 silly placeDep node_modules/ethereum-cryptography @noble/hashes@1.4.0 OK for: ethereum-cryptography@2.2.1 want: 1.4.0
3044 silly placeDep node_modules/ethereum-cryptography @scure/bip32@1.4.0 OK for: ethereum-cryptography@2.2.1 want: 1.4.0
3045 silly placeDep node_modules/ethereum-cryptography @scure/bip39@1.3.0 OK for: ethereum-cryptography@2.2.1 want: 1.3.0
3046 silly fetch manifest @scure/base@~1.1.6
3047 silly packumentCache full:https://registry.npmjs.org/@scure%2fbase cache-miss
3048 silly fetch manifest @scure/base@~1.1.6
3049 silly packumentCache full:https://registry.npmjs.org/@scure%2fbase cache-miss
3050 http cache https://registry.npmjs.org/@scure%2fbase 4ms (cache hit)
3051 silly packumentCache full:https://registry.npmjs.org/@scure%2fbase set size:73747 disposed:false
3052 http cache https://registry.npmjs.org/@scure%2fbase 7ms (cache hit)
3053 silly packumentCache full:https://registry.npmjs.org/@scure%2fbase set size:73747 disposed:false
3054 silly packumentCache full:https://registry.npmjs.org/@scure%2fbase dispose
3055 silly placeDep ROOT asynckit@0.4.0 OK for: form-data@4.0.6 want: ^0.4.0
3056 silly placeDep ROOT combined-stream@1.0.8 OK for: form-data@4.0.6 want: ^1.0.8
3057 silly placeDep ROOT es-set-tostringtag@2.1.0 OK for: form-data@4.0.6 want: ^2.1.0
3058 silly placeDep ROOT mime-types@2.1.35 OK for: form-data@4.0.6 want: ^2.1.35
3059 silly fetch manifest delayed-stream@~1.0.0
3060 silly packumentCache full:https://registry.npmjs.org/delayed-stream cache-miss
3061 silly fetch manifest get-intrinsic@^1.2.6
3062 silly packumentCache full:https://registry.npmjs.org/get-intrinsic cache-miss
3063 silly fetch manifest has-tostringtag@^1.0.2
3064 silly packumentCache full:https://registry.npmjs.org/has-tostringtag cache-miss
3065 silly fetch manifest mime-db@1.52.0
3066 silly packumentCache full:https://registry.npmjs.org/mime-db cache-miss
3067 http fetch GET 200 https://registry.npmjs.org/get-intrinsic 38ms (cache miss)
3068 silly packumentCache full:https://registry.npmjs.org/get-intrinsic set size:undefined disposed:false
3069 http fetch GET 200 https://registry.npmjs.org/delayed-stream 39ms (cache miss)
3070 silly packumentCache full:https://registry.npmjs.org/delayed-stream set size:undefined disposed:false
3071 http fetch GET 200 https://registry.npmjs.org/mime-db 47ms (cache miss)
3072 silly packumentCache full:https://registry.npmjs.org/mime-db set size:undefined disposed:false
3073 http fetch GET 200 https://registry.npmjs.org/has-tostringtag 50ms (cache miss)
3074 silly packumentCache full:https://registry.npmjs.org/has-tostringtag set size:undefined disposed:false
3075 silly placeDep ROOT delayed-stream@1.0.0 OK for: combined-stream@1.0.8 want: ~1.0.0
3076 silly placeDep ROOT get-intrinsic@1.3.0 OK for: es-set-tostringtag@2.1.0 want: ^1.2.6
3077 silly placeDep ROOT has-tostringtag@1.0.2 OK for: es-set-tostringtag@2.1.0 want: ^1.0.2
3078 silly fetch manifest gopd@^1.2.0
3079 silly packumentCache full:https://registry.npmjs.org/gopd cache-miss
3080 silly fetch manifest get-proto@^1.0.1
3081 silly packumentCache full:https://registry.npmjs.org/get-proto cache-miss
3082 silly fetch manifest has-symbols@^1.1.0
3083 silly packumentCache full:https://registry.npmjs.org/has-symbols cache-miss
3084 silly fetch manifest es-object-atoms@^1.1.1
3085 silly packumentCache full:https://registry.npmjs.org/es-object-atoms cache-miss
3086 silly fetch manifest math-intrinsics@^1.1.0
3087 silly packumentCache full:https://registry.npmjs.org/math-intrinsics cache-miss
3088 silly fetch manifest es-define-property@^1.0.1
3089 silly packumentCache full:https://registry.npmjs.org/es-define-property cache-miss
3090 silly fetch manifest call-bind-apply-helpers@^1.0.2
3091 silly packumentCache full:https://registry.npmjs.org/call-bind-apply-helpers cache-miss
3092 silly fetch manifest has-symbols@^1.0.3
3093 silly packumentCache full:https://registry.npmjs.org/has-symbols cache-miss
3094 http fetch GET 200 https://registry.npmjs.org/math-intrinsics 42ms (cache miss)
3095 silly packumentCache full:https://registry.npmjs.org/math-intrinsics set size:undefined disposed:false
3096 http fetch GET 200 https://registry.npmjs.org/gopd 43ms (cache miss)
3097 silly packumentCache full:https://registry.npmjs.org/gopd set size:undefined disposed:false
3098 http fetch GET 200 https://registry.npmjs.org/es-object-atoms 45ms (cache miss)
3099 silly packumentCache full:https://registry.npmjs.org/es-object-atoms set size:undefined disposed:false
3100 http fetch GET 200 https://registry.npmjs.org/has-symbols 45ms (cache miss)
3101 silly packumentCache full:https://registry.npmjs.org/has-symbols set size:undefined disposed:false
3102 http fetch GET 200 https://registry.npmjs.org/es-define-property 47ms (cache miss)
3103 silly packumentCache full:https://registry.npmjs.org/es-define-property set size:undefined disposed:false
3104 http fetch GET 200 https://registry.npmjs.org/call-bind-apply-helpers 47ms (cache miss)
3105 silly packumentCache full:https://registry.npmjs.org/call-bind-apply-helpers set size:undefined disposed:false
3106 http fetch GET 200 https://registry.npmjs.org/has-symbols 65ms (cache miss)
3107 silly packumentCache full:https://registry.npmjs.org/has-symbols set size:undefined disposed:false
3108 http fetch GET 200 https://registry.npmjs.org/get-proto 67ms (cache miss)
3109 silly packumentCache full:https://registry.npmjs.org/get-proto set size:undefined disposed:false
3110 silly placeDep ROOT call-bind-apply-helpers@1.0.2 OK for: get-intrinsic@1.3.0 want: ^1.0.2
3111 silly placeDep ROOT es-define-property@1.0.1 OK for: get-intrinsic@1.3.0 want: ^1.0.1
3112 silly placeDep ROOT es-object-atoms@1.1.2 OK for: get-intrinsic@1.3.0 want: ^1.1.1
3113 silly placeDep ROOT get-proto@1.0.1 OK for: get-intrinsic@1.3.0 want: ^1.0.1
3114 silly placeDep ROOT gopd@1.2.0 OK for: get-intrinsic@1.3.0 want: ^1.2.0
3115 silly placeDep ROOT has-symbols@1.1.0 OK for: get-intrinsic@1.3.0 want: ^1.1.0
3116 silly placeDep ROOT math-intrinsics@1.1.0 OK for: get-intrinsic@1.3.0 want: ^1.1.0
3117 silly fetch manifest dunder-proto@^1.0.1
3118 silly packumentCache full:https://registry.npmjs.org/dunder-proto cache-miss
3119 http fetch GET 200 https://registry.npmjs.org/dunder-proto 47ms (cache miss)
3120 silly packumentCache full:https://registry.npmjs.org/dunder-proto set size:undefined disposed:false
3121 silly placeDep ROOT dunder-proto@1.0.1 OK for: get-proto@1.0.1 want: ^1.0.1
3122 silly placeDep node_modules/json-rpc-engine @metamask/safe-event-emitter@2.0.0 OK for: json-rpc-engine@6.1.0 want: ^2.0.0
3123 silly placeDep ROOT node-addon-api@2.0.2 OK for: keccak@3.0.4 want: ^2.0.0
3124 silly placeDep ROOT @lit/reactive-element@2.1.2 OK for: lit@3.3.0 want: ^2.1.0
3125 silly placeDep ROOT lit-element@4.2.2 OK for: lit@3.3.0 want: ^4.2.0
3126 silly placeDep ROOT lit-html@3.3.3 OK for: lit@3.3.0 want: ^3.3.0
3127 silly fetch manifest @lit-labs/ssr-dom-shim@^1.5.0
3128 silly packumentCache full:https://registry.npmjs.org/@lit-labs%2fssr-dom-shim cache-miss
3129 silly fetch manifest @lit-labs/ssr-dom-shim@^1.5.0
3130 silly packumentCache full:https://registry.npmjs.org/@lit-labs%2fssr-dom-shim cache-miss
3131 silly fetch manifest @types/trusted-types@^2.0.2
3132 silly packumentCache full:https://registry.npmjs.org/@types%2ftrusted-types cache-miss
3133 http fetch GET 200 https://registry.npmjs.org/@types%2ftrusted-types 48ms (cache miss)
3134 silly packumentCache full:https://registry.npmjs.org/@types%2ftrusted-types set size:undefined disposed:false
3135 http fetch GET 200 https://registry.npmjs.org/@lit-labs%2fssr-dom-shim 59ms (cache miss)
3136 silly packumentCache full:https://registry.npmjs.org/@lit-labs%2fssr-dom-shim set size:undefined disposed:false
3137 http fetch GET 200 https://registry.npmjs.org/@lit-labs%2fssr-dom-shim 59ms (cache miss)
3138 silly packumentCache full:https://registry.npmjs.org/@lit-labs%2fssr-dom-shim set size:undefined disposed:false
3139 silly placeDep ROOT @lit-labs/ssr-dom-shim@1.6.0 OK for: @lit/reactive-element@2.1.2 want: ^1.5.0
3140 silly placeDep ROOT @types/trusted-types@2.0.7 OK for: lit-html@3.3.3 want: ^2.0.2
3141 silly placeDep ROOT charenc@0.0.2 OK for: md5@2.3.0 want: 0.0.2
3142 silly placeDep ROOT crypt@0.0.2 OK for: md5@2.3.0 want: 0.0.2
3143 silly placeDep ROOT is-buffer@1.1.6 OK for: md5@2.3.0 want: ~1.1.6
3144 silly placeDep ROOT mime-db@1.52.0 OK for: mime-types@2.1.35 want: 1.52.0
3145 silly placeDep ROOT whatwg-url@5.0.0 OK for: node-fetch@2.7.0 want: ^5.0.0
3146 silly fetch manifest tr46@~0.0.3
3147 silly packumentCache full:https://registry.npmjs.org/tr46 cache-miss
3148 silly fetch manifest webidl-conversions@^3.0.0
3149 silly packumentCache full:https://registry.npmjs.org/webidl-conversions cache-miss
3150 http fetch GET 200 https://registry.npmjs.org/webidl-conversions 39ms (cache miss)
3151 silly packumentCache full:https://registry.npmjs.org/webidl-conversions set size:undefined disposed:false
3152 http fetch GET 200 https://registry.npmjs.org/tr46 62ms (cache miss)
3153 silly packumentCache full:https://registry.npmjs.org/tr46 set size:undefined disposed:false
3154 silly placeDep ROOT end-of-stream@1.4.5 OK for: obj-multiplex@1.0.0 want: ^1.4.0
3155 silly placeDep node_modules/obj-multiplex readable-stream@2.3.8 OK for: obj-multiplex@1.0.0 want: ^2.3.3
3156 silly fetch manifest isarray@~1.0.0
3157 silly packumentCache full:https://registry.npmjs.org/isarray cache-miss
3158 silly fetch manifest inherits@~2.0.3
3159 silly packumentCache full:https://registry.npmjs.org/inherits cache-hit
3160 silly fetch manifest safe-buffer@~5.1.1
3161 silly packumentCache full:https://registry.npmjs.org/safe-buffer cache-miss
3162 silly fetch manifest core-util-is@~1.0.0
3163 silly packumentCache full:https://registry.npmjs.org/core-util-is cache-miss
3164 silly fetch manifest string_decoder@~1.1.1
3165 silly packumentCache full:https://registry.npmjs.org/string_decoder cache-miss
3166 silly fetch manifest process-nextick-args@~2.0.0
3167 silly packumentCache full:https://registry.npmjs.org/process-nextick-args cache-miss
3168 http cache https://registry.npmjs.org/safe-buffer 6ms (cache hit)
3169 silly packumentCache full:https://registry.npmjs.org/safe-buffer set size:41183 disposed:false
3170 http cache https://registry.npmjs.org/string_decoder 6ms (cache hit)
3171 silly packumentCache full:https://registry.npmjs.org/string_decoder set size:28441 disposed:false
3172 http fetch GET 200 https://registry.npmjs.org/core-util-is 33ms (cache miss)
3173 silly packumentCache full:https://registry.npmjs.org/core-util-is set size:undefined disposed:false
3174 http fetch GET 200 https://registry.npmjs.org/process-nextick-args 43ms (cache miss)
3175 silly packumentCache full:https://registry.npmjs.org/process-nextick-args set size:undefined disposed:false
3176 http fetch GET 200 https://registry.npmjs.org/isarray 46ms (cache miss)
3177 silly packumentCache full:https://registry.npmjs.org/isarray set size:undefined disposed:false
3178 silly placeDep ROOT wrappy@1.0.2 OK for: once@1.4.0 want: 1
3179 silly placeDep ROOT openapi-typescript-helpers@0.0.15 OK for: openapi-fetch@0.13.8 want: ^0.0.15
3180 silly placeDep ROOT atomic-sleep@1.0.0 OK for: pino@7.11.0 want: ^1.0.0
3181 silly placeDep ROOT fast-redact@3.5.0 OK for: pino@7.11.0 want: ^3.0.0
3182 silly placeDep ROOT on-exit-leak-free@0.2.0 OK for: pino@7.11.0 want: ^0.2.0
3183 silly placeDep ROOT pino-abstract-transport@0.5.0 OK for: pino@7.11.0 want: v0.5.0
3184 silly placeDep ROOT pino-std-serializers@4.0.0 OK for: pino@7.11.0 want: ^4.0.0
3185 silly placeDep ROOT process-warning@1.0.0 OK for: pino@7.11.0 want: ^1.0.0
3186 silly placeDep ROOT quick-format-unescaped@4.0.4 OK for: pino@7.11.0 want: ^4.0.3
3187 silly placeDep ROOT real-require@0.1.0 OK for: pino@7.11.0 want: ^0.1.0
3188 silly placeDep ROOT safe-stable-stringify@2.5.0 OK for: pino@7.11.0 want: ^2.1.0
3189 silly placeDep ROOT sonic-boom@2.8.0 OK for: pino@7.11.0 want: ^2.2.1
3190 silly placeDep ROOT thread-stream@0.15.2 OK for: pino@7.11.0 want: ^0.15.1
3191 silly fetch manifest split2@^4.0.0
3192 silly packumentCache full:https://registry.npmjs.org/split2 cache-miss
3193 silly fetch manifest duplexify@^4.1.2
3194 silly packumentCache full:https://registry.npmjs.org/duplexify cache-miss
3195 http fetch GET 200 https://registry.npmjs.org/duplexify 42ms (cache miss)
3196 silly packumentCache full:https://registry.npmjs.org/duplexify set size:undefined disposed:false
3197 http fetch GET 200 https://registry.npmjs.org/split2 53ms (cache miss)
3198 silly packumentCache full:https://registry.npmjs.org/split2 set size:undefined disposed:false
3199 silly placeDep ROOT duplexify@4.1.3 OK for: pino-abstract-transport@0.5.0 want: ^4.1.2
3200 silly placeDep ROOT split2@4.2.0 OK for: pino-abstract-transport@0.5.0 want: ^4.0.0
3201 silly fetch manifest stream-shift@^1.0.2
3202 silly packumentCache full:https://registry.npmjs.org/stream-shift cache-miss
3203 http fetch GET 200 https://registry.npmjs.org/stream-shift 55ms (cache miss)
3204 silly packumentCache full:https://registry.npmjs.org/stream-shift set size:undefined disposed:false
3205 silly placeDep ROOT inherits@2.0.4 OK for: duplexify@4.1.3 want: ^2.0.3
3206 silly placeDep ROOT stream-shift@1.0.3 OK for: duplexify@4.1.3 want: ^1.0.2
3207 silly placeDep ROOT hono@4.13.5 OK for: porto@0.2.35 want: ^4.10.3
3208 silly placeDep node_modules/porto ox@0.9.17 OK for: porto@0.2.35 want: ^0.9.6
3209 silly placeDep node_modules/porto zod@4.5.4 OK for: porto@0.2.35 want: ^4.1.5
3210 silly placeDep ROOT dijkstrajs@1.0.3 OK for: qrcode@1.5.3 want: ^1.0.1
3211 silly placeDep ROOT encode-utf8@1.0.3 OK for: qrcode@1.5.3 want: ^1.0.3
3212 silly placeDep ROOT pngjs@5.0.0 OK for: qrcode@1.5.3 want: ^5.0.0
3213 silly placeDep ROOT yargs@15.4.1 OK for: qrcode@1.5.3 want: ^15.3.1
3214 silly fetch manifest y18n@^4.0.0
3215 silly packumentCache full:https://registry.npmjs.org/y18n cache-miss
3216 silly fetch manifest cliui@^6.0.0
3217 silly packumentCache full:https://registry.npmjs.org/cliui cache-miss
3218 silly fetch manifest find-up@^4.1.0
3219 silly packumentCache full:https://registry.npmjs.org/find-up cache-miss
3220 silly fetch manifest decamelize@^1.2.0
3221 silly packumentCache full:https://registry.npmjs.org/decamelize cache-miss
3222 silly fetch manifest set-blocking@^2.0.0
3223 silly packumentCache full:https://registry.npmjs.org/set-blocking cache-miss
3224 silly fetch manifest string-width@^4.2.0
3225 silly packumentCache full:https://registry.npmjs.org/string-width cache-miss
3226 silly fetch manifest which-module@^2.0.0
3227 silly packumentCache full:https://registry.npmjs.org/which-module cache-miss
3228 silly fetch manifest yargs-parser@^18.1.2
3229 silly packumentCache full:https://registry.npmjs.org/yargs-parser cache-miss
3230 silly fetch manifest get-caller-file@^2.0.1
3231 silly packumentCache full:https://registry.npmjs.org/get-caller-file cache-miss
3232 silly fetch manifest require-directory@^2.1.1
3233 silly packumentCache full:https://registry.npmjs.org/require-directory cache-miss
3234 silly fetch manifest require-main-filename@^2.0.0
3235 silly packumentCache full:https://registry.npmjs.org/require-main-filename cache-miss
3236 http fetch GET 200 https://registry.npmjs.org/require-main-filename 79ms (cache miss)
3237 silly packumentCache full:https://registry.npmjs.org/require-main-filename set size:undefined disposed:false
3238 http fetch GET 200 https://registry.npmjs.org/require-directory 80ms (cache miss)
3239 silly packumentCache full:https://registry.npmjs.org/require-directory set size:undefined disposed:false
3240 http fetch GET 200 https://registry.npmjs.org/cliui 83ms (cache miss)
3241 silly packumentCache full:https://registry.npmjs.org/cliui set size:undefined disposed:false
3242 http fetch GET 200 https://registry.npmjs.org/string-width 84ms (cache miss)
3243 silly packumentCache full:https://registry.npmjs.org/string-width set size:undefined disposed:false
3244 http fetch GET 200 https://registry.npmjs.org/set-blocking 86ms (cache miss)
3245 silly packumentCache full:https://registry.npmjs.org/set-blocking set size:undefined disposed:false
3246 http fetch GET 200 https://registry.npmjs.org/y18n 88ms (cache miss)
3247 silly packumentCache full:https://registry.npmjs.org/y18n set size:undefined disposed:false
3248 http fetch GET 200 https://registry.npmjs.org/find-up 88ms (cache miss)
3249 silly packumentCache full:https://registry.npmjs.org/find-up set size:undefined disposed:false
3250 http fetch GET 200 https://registry.npmjs.org/decamelize 89ms (cache miss)
3251 silly packumentCache full:https://registry.npmjs.org/decamelize set size:undefined disposed:false
3252 http fetch GET 200 https://registry.npmjs.org/get-caller-file 89ms (cache miss)
3253 silly packumentCache full:https://registry.npmjs.org/get-caller-file set size:undefined disposed:false
3254 http fetch GET 200 https://registry.npmjs.org/which-module 91ms (cache miss)
3255 silly packumentCache full:https://registry.npmjs.org/which-module set size:undefined disposed:false
3256 http fetch GET 200 https://registry.npmjs.org/yargs-parser 92ms (cache miss)
3257 silly packumentCache full:https://registry.npmjs.org/yargs-parser set size:undefined disposed:false
3258 silly placeDep ROOT decode-uri-component@0.2.2 OK for: query-string@7.1.3 want: ^0.2.2
3259 silly placeDep ROOT filter-obj@1.1.0 OK for: query-string@7.1.3 want: ^1.1.0
3260 silly placeDep ROOT split-on-first@1.1.0 OK for: query-string@7.1.3 want: ^1.0.0
3261 silly placeDep ROOT strict-uri-encode@2.0.0 OK for: query-string@7.1.3 want: ^2.0.0
3262 silly placeDep ROOT string_decoder@1.3.0 OK for: readable-stream@3.6.2 want: ^1.1.1
3263 silly fetch manifest safe-buffer@~5.2.0
3264 silly packumentCache full:https://registry.npmjs.org/safe-buffer cache-hit
3265 silly placeDep ROOT safe-buffer@5.2.1 OK for: sha.js@2.4.12 want: ^5.2.1
3266 silly placeDep ROOT to-buffer@1.2.2 OK for: sha.js@2.4.12 want: ^1.2.0
3267 silly fetch manifest isarray@^2.0.5
3268 silly packumentCache full:https://registry.npmjs.org/isarray cache-miss
3269 silly fetch manifest typed-array-buffer@^1.0.3
3270 silly packumentCache full:https://registry.npmjs.org/typed-array-buffer cache-miss
3271 http cache https://registry.npmjs.org/isarray 3ms (cache hit)
3272 silly packumentCache full:https://registry.npmjs.org/isarray set size:17392 disposed:false
3273 http fetch GET 200 https://registry.npmjs.org/typed-array-buffer 63ms (cache miss)
3274 silly packumentCache full:https://registry.npmjs.org/typed-array-buffer set size:undefined disposed:false
3275 silly placeDep ROOT @socket.io/component-emitter@3.1.2 OK for: socket.io-client@4.8.3 want: ~3.1.0
3276 silly placeDep node_modules/socket.io-client debug@4.4.3 OK for: socket.io-client@4.8.3 want: ~4.4.1
3277 silly placeDep ROOT engine.io-client@6.6.6 OK for: socket.io-client@4.8.3 want: ~6.6.1
3278 silly placeDep ROOT socket.io-parser@4.2.7 OK for: socket.io-client@4.8.3 want: ~4.2.4
3279 silly fetch manifest ms@^2.1.3
3280 silly packumentCache full:https://registry.npmjs.org/ms cache-miss
3281 silly fetch manifest engine.io-parser@~5.2.1
3282 silly packumentCache full:https://registry.npmjs.org/engine.io-parser cache-miss
3283 silly fetch manifest xmlhttprequest-ssl@~2.1.1
3284 silly packumentCache full:https://registry.npmjs.org/xmlhttprequest-ssl cache-miss
3285 http cache https://registry.npmjs.org/ms 5ms (cache hit)
3286 silly packumentCache full:https://registry.npmjs.org/ms set size:92208 disposed:false
3287 http fetch GET 200 https://registry.npmjs.org/engine.io-parser 46ms (cache miss)
3288 silly packumentCache full:https://registry.npmjs.org/engine.io-parser set size:undefined disposed:false
3289 http fetch GET 200 https://registry.npmjs.org/xmlhttprequest-ssl 247ms (cache miss)
3290 silly packumentCache full:https://registry.npmjs.org/xmlhttprequest-ssl set size:undefined disposed:false
3291 silly placeDep node_modules/engine.io-client debug@4.4.3 OK for: engine.io-client@6.6.6 want: ~4.4.1
3292 silly placeDep ROOT engine.io-parser@5.2.3 OK for: engine.io-client@6.6.6 want: ~5.2.1
3293 silly placeDep ROOT xmlhttprequest-ssl@2.1.2 OK for: engine.io-client@6.6.6 want: ~2.1.1
3294 silly placeDep node_modules/socket.io-parser debug@4.4.3 OK for: socket.io-parser@4.2.7 want: ~4.4.1
3295 silly placeDep ROOT isarray@2.0.5 OK for: to-buffer@1.2.2 want: ^2.0.5
3296 silly placeDep ROOT typed-array-buffer@1.0.3 OK for: to-buffer@1.2.2 want: ^1.0.3
3297 silly fetch manifest call-bound@^1.0.3
3298 silly packumentCache full:https://registry.npmjs.org/call-bound cache-miss
3299 silly fetch manifest is-typed-array@^1.1.14
3300 silly packumentCache full:https://registry.npmjs.org/is-typed-array cache-miss
3301 http cache https://registry.npmjs.org/is-typed-array 4ms (cache hit)
3302 silly packumentCache full:https://registry.npmjs.org/is-typed-array set size:79965 disposed:false
3303 http fetch GET 200 https://registry.npmjs.org/call-bound 46ms (cache miss)
3304 silly packumentCache full:https://registry.npmjs.org/call-bound set size:undefined disposed:false
3305 silly placeDep ROOT call-bound@1.0.4 OK for: typed-array-buffer@1.0.3 want: ^1.0.3
3306 silly placeDep ROOT is-typed-array@1.1.15 OK for: typed-array-buffer@1.0.3 want: ^1.1.14
3307 silly fetch manifest which-typed-array@^1.1.16
3308 silly packumentCache full:https://registry.npmjs.org/which-typed-array cache-miss
3309 http cache https://registry.npmjs.org/which-typed-array 3ms (cache hit)
3310 silly packumentCache full:https://registry.npmjs.org/which-typed-array set size:101551 disposed:false
3311 silly placeDep ROOT which-typed-array@1.1.22 OK for: is-typed-array@1.1.15 want: ^1.1.16
3312 silly fetch manifest for-each@^0.3.5
3313 silly packumentCache full:https://registry.npmjs.org/for-each cache-miss
3314 silly fetch manifest call-bind@^1.0.9
3315 silly packumentCache full:https://registry.npmjs.org/call-bind cache-miss
3316 silly fetch manifest available-typed-arrays@^1.0.7
3317 silly packumentCache full:https://registry.npmjs.org/available-typed-arrays cache-miss
3318 http fetch GET 200 https://registry.npmjs.org/available-typed-arrays 34ms (cache miss)
3319 silly packumentCache full:https://registry.npmjs.org/available-typed-arrays set size:undefined disposed:false
3320 http fetch GET 200 https://registry.npmjs.org/call-bind 49ms (cache miss)
3321 silly packumentCache full:https://registry.npmjs.org/call-bind set size:undefined disposed:false
3322 http fetch GET 200 https://registry.npmjs.org/for-each 50ms (cache miss)
3323 silly packumentCache full:https://registry.npmjs.org/for-each set size:undefined disposed:false
3324 silly placeDep ROOT multiformats@9.9.0 OK for: uint8arrays@3.1.0 want: ^9.4.2
3325 silly placeDep node_modules/unstorage chokidar@5.0.0 OK for: unstorage@1.17.5 want: ^5.0.0
3326 silly placeDep ROOT destr@2.0.5 OK for: unstorage@1.17.5 want: ^2.0.5
3327 silly placeDep ROOT h3@1.15.11 OK for: unstorage@1.17.5 want: ^1.15.10
3328 silly placeDep node_modules/unstorage lru-cache@11.5.2 OK for: unstorage@1.17.5 want: ^11.2.7
3329 silly placeDep ROOT node-fetch-native@1.6.7 OK for: unstorage@1.17.5 want: ^1.6.7
3330 silly placeDep ROOT ofetch@1.5.1 OK for: unstorage@1.17.5 want: ^1.5.1
3331 silly placeDep ROOT ufo@1.6.4 OK for: unstorage@1.17.5 want: ^1.6.3
3332 silly fetch manifest readdirp@^5.0.0
3333 silly packumentCache full:https://registry.npmjs.org/readdirp cache-miss
3334 silly fetch manifest defu@^6.1.6
3335 silly packumentCache full:https://registry.npmjs.org/defu cache-miss
3336 silly fetch manifest radix3@^1.1.2
3337 silly packumentCache full:https://registry.npmjs.org/radix3 cache-miss
3338 silly fetch manifest crossws@^0.3.5
3339 silly packumentCache full:https://registry.npmjs.org/crossws cache-miss
3340 silly fetch manifest cookie-es@^1.2.3
3341 silly packumentCache full:https://registry.npmjs.org/cookie-es cache-miss
3342 silly fetch manifest iron-webcrypto@^1.2.1
3343 silly packumentCache full:https://registry.npmjs.org/iron-webcrypto cache-miss
3344 silly fetch manifest node-mock-http@^1.0.4
3345 silly packumentCache full:https://registry.npmjs.org/node-mock-http cache-miss
3346 silly fetch manifest ufo@^1.6.1
3347 silly packumentCache full:https://registry.npmjs.org/ufo cache-miss
3348 http cache https://registry.npmjs.org/crossws 7ms (cache hit)
3349 silly packumentCache full:https://registry.npmjs.org/crossws set size:120040 disposed:false
3350 http cache https://registry.npmjs.org/ufo 9ms (cache hit)
3351 silly packumentCache full:https://registry.npmjs.org/ufo set size:169119 disposed:false
3352 http cache https://registry.npmjs.org/readdirp 11ms (cache hit)
3353 silly packumentCache full:https://registry.npmjs.org/readdirp set size:110119 disposed:false
3354 http fetch GET 200 https://registry.npmjs.org/radix3 41ms (cache miss)
3355 silly packumentCache full:https://registry.npmjs.org/radix3 set size:undefined disposed:false
3356 http fetch GET 200 https://registry.npmjs.org/defu 51ms (cache miss)
3357 silly packumentCache full:https://registry.npmjs.org/defu set size:undefined disposed:false
3358 http fetch GET 200 https://registry.npmjs.org/iron-webcrypto 61ms (cache miss)
3359 silly packumentCache full:https://registry.npmjs.org/iron-webcrypto set size:undefined disposed:false
3360 http fetch GET 200 https://registry.npmjs.org/cookie-es 255ms (cache miss)
3361 silly packumentCache full:https://registry.npmjs.org/cookie-es set size:undefined disposed:false
3362 http fetch GET 200 https://registry.npmjs.org/node-mock-http 282ms (cache miss)
3363 silly packumentCache full:https://registry.npmjs.org/node-mock-http set size:undefined disposed:false
3364 silly placeDep ROOT cookie-es@1.2.3 OK for: h3@1.15.11 want: ^1.2.3
3365 silly placeDep ROOT crossws@0.3.5 OK for: h3@1.15.11 want: ^0.3.5
3366 silly placeDep ROOT defu@6.1.7 OK for: h3@1.15.11 want: ^6.1.6
3367 silly placeDep ROOT iron-webcrypto@1.2.1 OK for: h3@1.15.11 want: ^1.2.1
3368 silly placeDep ROOT node-mock-http@1.0.5 OK for: h3@1.15.11 want: ^1.0.4
3369 silly placeDep ROOT radix3@1.1.2 OK for: h3@1.15.11 want: ^1.1.2
3370 silly placeDep ROOT is-arguments@1.2.0 OK for: util@0.12.5 want: ^1.0.4
3371 silly placeDep ROOT is-generator-function@1.1.2 OK for: util@0.12.5 want: ^1.0.7
3372 silly fetch manifest generator-function@^2.0.0
3373 silly packumentCache full:https://registry.npmjs.org/generator-function cache-miss
3374 silly fetch manifest safe-regex-test@^1.1.0
3375 silly packumentCache full:https://registry.npmjs.org/safe-regex-test cache-miss
3376 http fetch GET 200 https://registry.npmjs.org/generator-function 51ms (cache miss)
3377 silly packumentCache full:https://registry.npmjs.org/generator-function set size:undefined disposed:false
3378 http fetch GET 200 https://registry.npmjs.org/safe-regex-test 52ms (cache miss)
3379 silly packumentCache full:https://registry.npmjs.org/safe-regex-test set size:undefined disposed:false
3380 silly placeDep ROOT generator-function@2.0.1 OK for: is-generator-function@1.1.2 want: ^2.0.0
3381 silly placeDep ROOT safe-regex-test@1.1.0 OK for: is-generator-function@1.1.2 want: ^1.1.0
3382 silly fetch manifest is-regex@^1.2.1
3383 silly packumentCache full:https://registry.npmjs.org/is-regex cache-miss
3384 http fetch GET 200 https://registry.npmjs.org/is-regex 46ms (cache miss)
3385 silly packumentCache full:https://registry.npmjs.org/is-regex set size:undefined disposed:false
3386 silly placeDep ROOT is-regex@1.2.1 OK for: safe-regex-test@1.1.0 want: ^1.2.1
3387 silly fetch manifest valtio@*
3388 silly packumentCache full:https://registry.npmjs.org/valtio cache-miss
3389 http cache https://registry.npmjs.org/valtio 4ms (cache hit)
3390 silly packumentCache full:https://registry.npmjs.org/valtio set size:353877 disposed:false
3391 silly fetch manifest react@^16.8.0 || ^17.0.0 || ^18.0.0
3392 silly packumentCache full:https://registry.npmjs.org/react cache-miss
3393 http cache https://registry.npmjs.org/react 14ms (cache hit)
3394 silly packumentCache full:https://registry.npmjs.org/react set size:6926968 disposed:false
3395 silly placeDep ROOT derive-valtio@0.1.0 OK for: valtio@1.13.2 want: 0.1.0
3396 silly placeDep ROOT proxy-compare@2.6.0 OK for: valtio@1.13.2 want: 2.6.0
3397 silly placeDep node_modules/valtio use-sync-external-store@1.2.0 CONFLICT for: valtio@1.13.2 want: 1.2.0
3398 warn ERESOLVE overriding peer dependency {
3398 warn ERESOLVE   code: 'ERESOLVE',
3398 warn ERESOLVE   edge: {
3398 warn ERESOLVE     type: 'peer',
3398 warn ERESOLVE     name: 'react',
3398 warn ERESOLVE     spec: '^16.8.0 || ^17.0.0 || ^18.0.0',
3398 warn ERESOLVE     error: 'INVALID',
3398 warn ERESOLVE     from: {
3398 warn ERESOLVE       name: 'use-sync-external-store',
3398 warn ERESOLVE       version: '1.2.0',
3398 warn ERESOLVE       location: 'node_modules/valtio/node_modules/use-sync-external-store',
3398 warn ERESOLVE       isWorkspace: false,
3398 warn ERESOLVE       dependents: [Array]
3398 warn ERESOLVE     }
3398 warn ERESOLVE   },
3398 warn ERESOLVE   dep: {
3398 warn ERESOLVE     name: 'react',
3398 warn ERESOLVE     version: '18.3.1',
3398 warn ERESOLVE     whileInstalling: {
3398 warn ERESOLVE       name: 'valtio',
3398 warn ERESOLVE       version: '1.13.2',
3398 warn ERESOLVE       path: 'C:\\Users\\chaiy\\OneDrive\\Documents\\thetanuts track 1\\node_modules\\valtio'
3398 warn ERESOLVE     },
3398 warn ERESOLVE     location: 'node_modules/react',
3398 warn ERESOLVE     isWorkspace: false,
3398 warn ERESOLVE     dependents: [ [Object] ]
3398 warn ERESOLVE   },
3398 warn ERESOLVE   force: false,
3398 warn ERESOLVE   isMine: false,
3398 warn ERESOLVE   strictPeerDeps: false,
3398 warn ERESOLVE   current: {
3398 warn ERESOLVE     name: 'react',
3398 warn ERESOLVE     version: '19.2.8',
3398 warn ERESOLVE     location: 'node_modules/react',
3398 warn ERESOLVE     isWorkspace: false,
3398 warn ERESOLVE     dependents: [ [Object] ]
3398 warn ERESOLVE   },
3398 warn ERESOLVE   peerConflict: {
3398 warn ERESOLVE     name: 'react',
3398 warn ERESOLVE     version: '19.2.8',
3398 warn ERESOLVE     location: 'node_modules/react',
3398 warn ERESOLVE     isWorkspace: false,
3398 warn ERESOLVE     dependents: [ [Object] ]
3398 warn ERESOLVE   }
3398 warn ERESOLVE }
3399 silly placeDep ROOT tr46@0.0.3 OK for: whatwg-url@5.0.0 want: ~0.0.3
3400 silly placeDep ROOT webidl-conversions@3.0.1 OK for: whatwg-url@5.0.0 want: ^3.0.0
3401 silly placeDep ROOT available-typed-arrays@1.0.7 OK for: which-typed-array@1.1.22 want: ^1.0.7
3402 silly placeDep ROOT call-bind@1.0.9 OK for: which-typed-array@1.1.22 want: ^1.0.9
3403 silly placeDep ROOT for-each@0.3.5 OK for: which-typed-array@1.1.22 want: ^0.3.5
3404 silly fetch manifest possible-typed-array-names@^1.0.0
3405 silly packumentCache full:https://registry.npmjs.org/possible-typed-array-names cache-miss
3406 silly fetch manifest set-function-length@^1.2.2
3407 silly packumentCache full:https://registry.npmjs.org/set-function-length cache-miss
3408 silly fetch manifest is-callable@^1.2.7
3409 silly packumentCache full:https://registry.npmjs.org/is-callable cache-miss
3410 http fetch GET 200 https://registry.npmjs.org/is-callable 36ms (cache miss)
3411 silly packumentCache full:https://registry.npmjs.org/is-callable set size:undefined disposed:false
3412 http fetch GET 200 https://registry.npmjs.org/possible-typed-array-names 55ms (cache miss)
3413 silly packumentCache full:https://registry.npmjs.org/possible-typed-array-names set size:undefined disposed:false
3414 http fetch GET 200 https://registry.npmjs.org/set-function-length 56ms (cache miss)
3415 silly packumentCache full:https://registry.npmjs.org/set-function-length set size:undefined disposed:false
3416 silly placeDep ROOT possible-typed-array-names@1.1.0 OK for: available-typed-arrays@1.0.7 want: ^1.0.0
3417 silly placeDep ROOT set-function-length@1.2.2 OK for: call-bind@1.0.9 want: ^1.2.2
3418 silly fetch manifest define-data-property@^1.1.4
3419 silly packumentCache full:https://registry.npmjs.org/define-data-property cache-miss
3420 silly fetch manifest has-property-descriptors@^1.0.2
3421 silly packumentCache full:https://registry.npmjs.org/has-property-descriptors cache-miss
3422 http fetch GET 200 https://registry.npmjs.org/has-property-descriptors 46ms (cache miss)
3423 silly packumentCache full:https://registry.npmjs.org/has-property-descriptors set size:undefined disposed:false
3424 http fetch GET 200 https://registry.npmjs.org/define-data-property 47ms (cache miss)
3425 silly packumentCache full:https://registry.npmjs.org/define-data-property set size:undefined disposed:false
3426 silly placeDep ROOT is-callable@1.2.7 OK for: for-each@0.3.5 want: ^1.2.7
3427 silly placeDep ROOT define-data-property@1.1.4 OK for: set-function-length@1.2.2 want: ^1.1.4
3428 silly placeDep ROOT has-property-descriptors@1.0.2 OK for: set-function-length@1.2.2 want: ^1.0.2
3429 silly placeDep ROOT cliui@6.0.0 OK for: yargs@15.4.1 want: ^6.0.0
3430 silly placeDep ROOT decamelize@1.2.0 OK for: yargs@15.4.1 want: ^1.2.0
3431 silly placeDep ROOT find-up@4.1.0 OK for: yargs@15.4.1 want: ^4.1.0
3432 silly placeDep ROOT get-caller-file@2.0.5 OK for: yargs@15.4.1 want: ^2.0.1
3433 silly placeDep ROOT require-directory@2.1.1 OK for: yargs@15.4.1 want: ^2.1.1
3434 silly placeDep ROOT require-main-filename@2.0.0 OK for: yargs@15.4.1 want: ^2.0.0
3435 silly placeDep ROOT set-blocking@2.0.0 OK for: yargs@15.4.1 want: ^2.0.0
3436 silly placeDep ROOT string-width@4.2.3 OK for: yargs@15.4.1 want: ^4.2.0
3437 silly placeDep ROOT which-module@2.0.1 OK for: yargs@15.4.1 want: ^2.0.0
3438 silly placeDep ROOT y18n@4.0.3 OK for: yargs@15.4.1 want: ^4.0.0
3439 silly placeDep ROOT yargs-parser@18.1.3 OK for: yargs@15.4.1 want: ^18.1.2
3440 silly fetch manifest wrap-ansi@^6.2.0
3441 silly packumentCache full:https://registry.npmjs.org/wrap-ansi cache-miss
3442 silly fetch manifest strip-ansi@^6.0.0
3443 silly packumentCache full:https://registry.npmjs.org/strip-ansi cache-miss
3444 silly fetch manifest locate-path@^5.0.0
3445 silly packumentCache full:https://registry.npmjs.org/locate-path cache-miss
3446 silly fetch manifest path-exists@^4.0.0
3447 silly packumentCache full:https://registry.npmjs.org/path-exists cache-miss
3448 silly fetch manifest strip-ansi@^6.0.1
3449 silly packumentCache full:https://registry.npmjs.org/strip-ansi cache-miss
3450 silly fetch manifest emoji-regex@^8.0.0
3451 silly packumentCache full:https://registry.npmjs.org/emoji-regex cache-miss
3452 silly fetch manifest is-fullwidth-code-point@^3.0.0
3453 silly packumentCache full:https://registry.npmjs.org/is-fullwidth-code-point cache-miss
3454 silly fetch manifest camelcase@^5.0.0
3455 silly packumentCache full:https://registry.npmjs.org/camelcase cache-miss
3456 http fetch GET 200 https://registry.npmjs.org/strip-ansi 45ms (cache miss)
3457 silly packumentCache full:https://registry.npmjs.org/strip-ansi set size:undefined disposed:false
3458 http fetch GET 200 https://registry.npmjs.org/wrap-ansi 48ms (cache miss)
3459 silly packumentCache full:https://registry.npmjs.org/wrap-ansi set size:undefined disposed:false
3460 http fetch GET 200 https://registry.npmjs.org/path-exists 48ms (cache miss)
3461 silly packumentCache full:https://registry.npmjs.org/path-exists set size:undefined disposed:false
3462 http fetch GET 200 https://registry.npmjs.org/strip-ansi 49ms (cache miss)
3463 silly packumentCache full:https://registry.npmjs.org/strip-ansi set size:undefined disposed:false
3464 http fetch GET 200 https://registry.npmjs.org/locate-path 49ms (cache miss)
3465 silly packumentCache full:https://registry.npmjs.org/locate-path set size:undefined disposed:false
3466 http fetch GET 200 https://registry.npmjs.org/camelcase 51ms (cache miss)
3467 silly packumentCache full:https://registry.npmjs.org/camelcase set size:undefined disposed:false
3468 http fetch GET 200 https://registry.npmjs.org/emoji-regex 57ms (cache miss)
3469 silly packumentCache full:https://registry.npmjs.org/emoji-regex set size:undefined disposed:false
3470 http fetch GET 200 https://registry.npmjs.org/is-fullwidth-code-point 58ms (cache miss)
3471 silly packumentCache full:https://registry.npmjs.org/is-fullwidth-code-point set size:undefined disposed:false
3472 silly placeDep ROOT strip-ansi@6.0.1 OK for: cliui@6.0.0 want: ^6.0.0
3473 silly placeDep ROOT wrap-ansi@6.2.0 OK for: cliui@6.0.0 want: ^6.2.0
3474 silly fetch manifest ansi-regex@^5.0.1
3475 silly packumentCache full:https://registry.npmjs.org/ansi-regex cache-miss
3476 silly fetch manifest ansi-styles@^4.0.0
3477 silly packumentCache full:https://registry.npmjs.org/ansi-styles cache-miss
3478 http fetch GET 200 https://registry.npmjs.org/ansi-regex 47ms (cache miss)
3479 silly packumentCache full:https://registry.npmjs.org/ansi-regex set size:undefined disposed:false
3480 http fetch GET 200 https://registry.npmjs.org/ansi-styles 59ms (cache miss)
3481 silly packumentCache full:https://registry.npmjs.org/ansi-styles set size:undefined disposed:false
3482 silly placeDep ROOT locate-path@5.0.0 OK for: find-up@4.1.0 want: ^5.0.0
3483 silly placeDep ROOT path-exists@4.0.0 OK for: find-up@4.1.0 want: ^4.0.0
3484 silly fetch manifest p-locate@^4.1.0
3485 silly packumentCache full:https://registry.npmjs.org/p-locate cache-miss
3486 http fetch GET 200 https://registry.npmjs.org/p-locate 50ms (cache miss)
3487 silly packumentCache full:https://registry.npmjs.org/p-locate set size:undefined disposed:false
3488 silly placeDep ROOT p-locate@4.1.0 OK for: locate-path@5.0.0 want: ^4.1.0
3489 silly fetch manifest p-limit@^2.2.0
3490 silly packumentCache full:https://registry.npmjs.org/p-limit cache-miss
3491 http fetch GET 200 https://registry.npmjs.org/p-limit 44ms (cache miss)
3492 silly packumentCache full:https://registry.npmjs.org/p-limit set size:undefined disposed:false
3493 silly placeDep ROOT p-limit@2.3.0 OK for: p-locate@4.1.0 want: ^2.2.0
3494 silly fetch manifest p-try@^2.0.0
3495 silly packumentCache full:https://registry.npmjs.org/p-try cache-miss
3496 http fetch GET 200 https://registry.npmjs.org/p-try 53ms (cache miss)
3497 silly packumentCache full:https://registry.npmjs.org/p-try set size:undefined disposed:false
3498 silly placeDep ROOT p-try@2.2.0 OK for: p-limit@2.3.0 want: ^2.0.0
3499 silly placeDep ROOT emoji-regex@8.0.0 OK for: string-width@4.2.3 want: ^8.0.0
3500 silly placeDep ROOT is-fullwidth-code-point@3.0.0 OK for: string-width@4.2.3 want: ^3.0.0
3501 silly placeDep ROOT ansi-regex@5.0.1 OK for: strip-ansi@6.0.1 want: ^5.0.1
3502 silly placeDep ROOT ansi-styles@4.3.0 OK for: wrap-ansi@6.2.0 want: ^4.0.0
3503 silly fetch manifest color-convert@^2.0.1
3504 silly packumentCache full:https://registry.npmjs.org/color-convert cache-miss
3505 http fetch GET 200 https://registry.npmjs.org/color-convert 50ms (cache miss)
3506 silly packumentCache full:https://registry.npmjs.org/color-convert set size:undefined disposed:false
3507 silly placeDep ROOT color-convert@2.0.1 OK for: ansi-styles@4.3.0 want: ^2.0.1
3508 silly fetch manifest color-name@~1.1.4
3509 silly packumentCache full:https://registry.npmjs.org/color-name cache-miss
3510 http fetch GET 200 https://registry.npmjs.org/color-name 55ms (cache miss)
3511 silly packumentCache full:https://registry.npmjs.org/color-name set size:undefined disposed:false
3512 silly placeDep ROOT color-name@1.1.4 OK for: color-convert@2.0.1 want: ~1.1.4
3513 silly placeDep ROOT camelcase@5.3.1 OK for: yargs-parser@18.1.3 want: ^5.0.0
3514 silly placeDep node_modules/@base-org/account/node_modules/ox @noble/hashes@1.8.0 OK for: ox@0.6.9 want: ^1.5.0
3515 silly placeDep node_modules/@coinbase/wallet-sdk/node_modules/ox @noble/hashes@1.8.0 OK for: ox@0.6.9 want: ^1.5.0
3516 silly placeDep node_modules/@metamask/eth-json-rpc-provider @metamask/rpc-errors@6.4.0 OK for: @metamask/json-rpc-engine@7.3.3 want: ^6.2.1
3517 silly placeDep node_modules/@metamask/eth-json-rpc-provider/node_modules/@metamask/json-rpc-engine @metamask/utils@8.5.0 OK for: @metamask/json-rpc-engine@7.3.3 want: ^8.3.0
3518 silly placeDep node_modules/@metamask/eth-json-rpc-provider/node_modules/@metamask/rpc-errors @metamask/utils@9.3.0 OK for: @metamask/rpc-errors@6.4.0 want: ^9.0.0
3519 silly placeDep ROOT superstruct@1.0.4 OK for: @metamask/utils@5.0.2 want: ^1.0.3
3520 silly placeDep node_modules/@metamask/json-rpc-engine/node_modules/@metamask/rpc-errors @metamask/utils@9.3.0 OK for: @metamask/rpc-errors@6.4.0 want: ^9.0.0
3521 silly placeDep node_modules/@metamask/json-rpc-engine uuid@9.0.1 OK for: @metamask/utils@8.5.0 want: ^9.0.1
3522 silly placeDep node_modules/@metamask/json-rpc-middleware-stream uuid@9.0.1 OK for: @metamask/utils@8.5.0 want: ^9.0.1
3523 silly placeDep node_modules/@metamask/providers/node_modules/@metamask/rpc-errors @metamask/utils@9.3.0 OK for: @metamask/rpc-errors@6.4.0 want: ^9.0.0
3524 silly placeDep node_modules/@metamask/providers uuid@9.0.1 OK for: @metamask/utils@8.5.0 want: ^9.0.1
3525 silly placeDep node_modules/@reown/appkit-controllers @walletconnect/sign-client@2.21.0 OK for: @walletconnect/universal-provider@2.21.0 want: 2.21.0
3526 silly placeDep node_modules/@reown/appkit-controllers @walletconnect/types@2.21.0 OK for: @walletconnect/universal-provider@2.21.0 want: 2.21.0
3527 silly placeDep node_modules/@reown/appkit-controllers @walletconnect/utils@2.21.0 OK for: @walletconnect/universal-provider@2.21.0 want: 2.21.0
3528 silly fetch manifest @walletconnect/core@2.21.0
3529 silly packumentCache full:https://registry.npmjs.org/@walletconnect%2fcore cache-miss
3530 http cache https://registry.npmjs.org/@walletconnect%2fcore 7ms (cache hit)
3531 silly packumentCache full:https://registry.npmjs.org/@walletconnect%2fcore set size:2490211 disposed:false
3532 silly placeDep node_modules/@reown/appkit-controllers @walletconnect/core@2.21.0 OK for: @walletconnect/sign-client@2.21.0 want: 2.21.0
3533 silly placeDep node_modules/@reown/appkit-controllers @noble/ciphers@1.2.1 OK for: @walletconnect/utils@2.21.0 want: 1.2.1
3534 silly placeDep node_modules/@reown/appkit-controllers @noble/curves@1.8.1 OK for: @walletconnect/utils@2.21.0 want: 1.8.1
3535 silly placeDep node_modules/@reown/appkit-controllers @noble/hashes@1.7.1 OK for: @walletconnect/utils@2.21.0 want: 1.7.1
3536 silly placeDep node_modules/@reown/appkit-controllers/node_modules/@walletconnect/utils viem@2.23.2 OK for: @walletconnect/utils@2.21.0 want: 2.23.2
3537 silly placeDep node_modules/@reown/appkit-utils @walletconnect/sign-client@2.21.0 OK for: @walletconnect/universal-provider@2.21.0 want: 2.21.0
3538 silly placeDep node_modules/@reown/appkit-utils @walletconnect/types@2.21.0 OK for: @walletconnect/universal-provider@2.21.0 want: 2.21.0
3539 silly placeDep node_modules/@reown/appkit-utils @walletconnect/utils@2.21.0 OK for: @walletconnect/universal-provider@2.21.0 want: 2.21.0
3540 silly placeDep node_modules/@reown/appkit-utils @walletconnect/core@2.21.0 OK for: @walletconnect/sign-client@2.21.0 want: 2.21.0
3541 silly placeDep node_modules/@reown/appkit-utils @noble/ciphers@1.2.1 OK for: @walletconnect/utils@2.21.0 want: 1.2.1
3542 silly placeDep node_modules/@reown/appkit-utils @noble/curves@1.8.1 OK for: @walletconnect/utils@2.21.0 want: 1.8.1
3543 silly placeDep node_modules/@reown/appkit-utils @noble/hashes@1.7.1 OK for: @walletconnect/utils@2.21.0 want: 1.7.1
3544 silly placeDep node_modules/@reown/appkit-utils/node_modules/@walletconnect/utils viem@2.23.2 OK for: @walletconnect/utils@2.21.0 want: 2.23.2
3545 silly placeDep node_modules/@reown/appkit @walletconnect/sign-client@2.21.0 OK for: @walletconnect/universal-provider@2.21.0 want: 2.21.0
3546 silly placeDep node_modules/@reown/appkit @walletconnect/utils@2.21.0 OK for: @walletconnect/universal-provider@2.21.0 want: 2.21.0
3547 silly placeDep node_modules/@reown/appkit @walletconnect/core@2.21.0 OK for: @walletconnect/sign-client@2.21.0 want: 2.21.0
3548 silly placeDep node_modules/@reown/appkit @noble/ciphers@1.2.1 OK for: @walletconnect/utils@2.21.0 want: 1.2.1
3549 silly placeDep node_modules/@reown/appkit @noble/curves@1.8.1 OK for: @walletconnect/utils@2.21.0 want: 1.8.1
3550 silly placeDep node_modules/@reown/appkit @noble/hashes@1.7.1 OK for: @walletconnect/utils@2.21.0 want: 1.7.1
3551 silly placeDep node_modules/@reown/appkit/node_modules/@walletconnect/utils viem@2.23.2 OK for: @walletconnect/utils@2.21.0 want: 2.23.2
3552 silly fetch manifest zod@^3 >=3.22.0
3553 silly packumentCache full:https://registry.npmjs.org/zod cache-miss
3554 http cache https://registry.npmjs.org/zod 11ms (cache hit)
3555 silly packumentCache full:https://registry.npmjs.org/zod set size:4147901 disposed:false
3556 silly placeDep node_modules/@walletconnect/utils @scure/bip32@1.6.2 OK for: viem@2.23.2 want: 1.6.2
3557 silly placeDep node_modules/@walletconnect/utils @scure/bip39@1.5.4 OK for: viem@2.23.2 want: 1.5.4
3558 silly placeDep node_modules/@walletconnect/utils abitype@1.0.8 OK for: viem@2.23.2 want: 1.0.8
3559 silly placeDep node_modules/@walletconnect/utils isows@1.0.6 OK for: viem@2.23.2 want: 1.0.6
3560 silly placeDep node_modules/@walletconnect/utils ox@0.6.7 OK for: viem@2.23.2 want: 0.6.7
3561 silly placeDep node_modules/@walletconnect/utils ws@8.18.0 OK for: viem@2.23.2 want: 8.18.0
3562 silly placeDep node_modules/@walletconnect/utils eventemitter3@5.0.1 OK for: ox@0.6.7 want: 5.0.1
3563 silly placeDep node_modules/engine.io-client ms@2.1.3 OK for: debug@4.4.3 want: ^2.1.3
3564 silly placeDep node_modules/ethereum-cryptography @scure/base@1.1.9 OK for: @scure/bip32@1.4.0 want: ~1.1.6
3565 silly placeDep ROOT core-util-is@1.0.3 OK for: readable-stream@2.3.8 want: ~1.0.0
3566 silly placeDep node_modules/obj-multiplex isarray@1.0.0 OK for: readable-stream@2.3.8 want: ~1.0.0
3567 silly placeDep ROOT process-nextick-args@2.0.1 OK for: readable-stream@2.3.8 want: ~2.0.0
3568 silly placeDep node_modules/obj-multiplex safe-buffer@5.1.2 OK for: readable-stream@2.3.8 want: ~5.1.1
3569 silly placeDep node_modules/obj-multiplex string_decoder@1.1.1 OK for: readable-stream@2.3.8 want: ~1.1.1
3570 silly placeDep node_modules/porto eventemitter3@5.0.1 OK for: ox@0.9.17 want: 5.0.1
3571 silly placeDep node_modules/socket.io-client ms@2.1.3 OK for: debug@4.4.3 want: ^2.1.3
3572 silly placeDep node_modules/socket.io-parser ms@2.1.3 OK for: debug@4.4.3 want: ^2.1.3
3573 silly placeDep node_modules/unstorage readdirp@5.1.1 OK for: chokidar@5.0.0 want: ^5.0.0
3574 silly placeDep node_modules/@metamask/eth-json-rpc-provider uuid@9.0.1 OK for: @metamask/utils@8.5.0 want: ^9.0.1
3575 silly placeDep node_modules/@reown/appkit-controllers @scure/bip32@1.6.2 OK for: viem@2.23.2 want: 1.6.2
3576 silly placeDep node_modules/@reown/appkit-controllers @scure/bip39@1.5.4 OK for: viem@2.23.2 want: 1.5.4
3577 silly placeDep node_modules/@reown/appkit-controllers abitype@1.0.8 OK for: viem@2.23.2 want: 1.0.8
3578 silly placeDep node_modules/@reown/appkit-controllers isows@1.0.6 OK for: viem@2.23.2 want: 1.0.6
3579 silly placeDep node_modules/@reown/appkit-controllers ox@0.6.7 OK for: viem@2.23.2 want: 0.6.7
3580 silly placeDep node_modules/@reown/appkit-controllers ws@8.18.0 OK for: viem@2.23.2 want: 8.18.0
3581 silly placeDep node_modules/@reown/appkit-controllers eventemitter3@5.0.1 OK for: ox@0.6.7 want: 5.0.1
3582 silly placeDep node_modules/@reown/appkit-utils @scure/bip32@1.6.2 OK for: viem@2.23.2 want: 1.6.2
3583 silly placeDep node_modules/@reown/appkit-utils @scure/bip39@1.5.4 OK for: viem@2.23.2 want: 1.5.4
3584 silly placeDep node_modules/@reown/appkit-utils abitype@1.0.8 OK for: viem@2.23.2 want: 1.0.8
3585 silly placeDep node_modules/@reown/appkit-utils isows@1.0.6 OK for: viem@2.23.2 want: 1.0.6
3586 silly placeDep node_modules/@reown/appkit-utils ox@0.6.7 OK for: viem@2.23.2 want: 0.6.7
3587 silly placeDep node_modules/@reown/appkit-utils ws@8.18.0 OK for: viem@2.23.2 want: 8.18.0
3588 silly placeDep node_modules/@reown/appkit-utils eventemitter3@5.0.1 OK for: ox@0.6.7 want: 5.0.1
3589 silly placeDep node_modules/@reown/appkit @scure/bip32@1.6.2 OK for: viem@2.23.2 want: 1.6.2
3590 silly placeDep node_modules/@reown/appkit @scure/bip39@1.5.4 OK for: viem@2.23.2 want: 1.5.4
3591 silly placeDep node_modules/@reown/appkit abitype@1.0.8 OK for: viem@2.23.2 want: 1.0.8
3592 silly placeDep node_modules/@reown/appkit isows@1.0.6 OK for: viem@2.23.2 want: 1.0.6
3593 silly placeDep node_modules/@reown/appkit ox@0.6.7 OK for: viem@2.23.2 want: 0.6.7
3594 silly placeDep node_modules/@reown/appkit ws@8.18.0 OK for: viem@2.23.2 want: 8.18.0
3595 silly placeDep node_modules/@reown/appkit eventemitter3@5.0.1 OK for: ox@0.6.7 want: 5.0.1
3596 silly reify moves {}
3597 silly audit bulk request {
3597 silly audit   '@rainbow-me/rainbowkit': [ '2.2.11' ],
3597 silly audit   viem: [ '2.56.1', '2.23.2' ],
3597 silly audit   react: [ '19.2.8' ],
3597 silly audit   wagmi: [ '2.19.5' ],
3597 silly audit   '@tanstack/react-query': [ '5.102.8' ],
3597 silly audit   'react-dom': [ '19.2.8' ],
3597 silly audit   '@types/node': [ '22.20.1' ],
3597 silly audit   '@types/react': [ '19.2.18' ],
3597 silly audit   '@types/react-dom': [ '19.2.5' ],
3597 silly audit   autoprefixer: [ '10.5.4' ],
3597 silly audit   postcss: [ '8.5.26', '8.4.31' ],
3597 silly audit   'lucide-react': [ '0.468.0' ],
3597 silly audit   next: [ '15.5.24' ],
3597 silly audit   recharts: [ '2.15.4' ],
3597 silly audit   tailwindcss: [ '3.4.19' ],
3597 silly audit   typescript: [ '5.9.3' ],
3597 silly audit   '@vanilla-extract/css': [ '1.20.1' ],
3597 silly audit   '@vanilla-extract/dynamic': [ '2.1.5' ],
3597 silly audit   '@vanilla-extract/sprinkles': [ '1.6.5' ],
3597 silly audit   clsx: [ '2.1.1', '1.2.1' ],
3597 silly audit   cuer: [ '0.0.3' ],
3597 silly audit   'react-remove-scroll': [ '2.7.2' ],
3597 silly audit   'ua-parser-js': [ '2.0.10' ],
3597 silly audit   '@tanstack/query-core': [ '5.102.8' ],
3597 silly audit   'undici-types': [ '6.21.0', '7.29.0' ],
3597 silly audit   csstype: [ '3.2.3' ],
3597 silly audit   '@emotion/hash': [ '0.9.2' ],
3597 silly audit   '@vanilla-extract/private': [ '1.0.9' ],
3597 silly audit   'css-what': [ '6.2.2' ],
3597 silly audit   dedent: [ '1.7.2' ],
3597 silly audit   'deep-object-diff': [ '1.1.9' ],
3597 silly audit   deepmerge: [ '4.3.1' ],
3597 silly audit   'lru-cache': [ '10.4.3', '11.5.2' ],
3597 silly audit   'media-query-parser': [ '2.0.2' ],
3597 silly audit   'modern-ahocorasick': [ '1.1.0' ],
3597 silly audit   picocolors: [ '1.1.1' ],
3597 silly audit   browserslist: [ '4.28.8' ],
3597 silly audit   'caniuse-lite': [ '1.0.30001810' ],
3597 silly audit   'fraction.js': [ '5.3.4' ],
3597 silly audit   'postcss-value-parser': [ '4.2.0' ],
3597 silly audit   'baseline-browser-mapping': [ '2.11.20' ],
3597 silly audit   'electron-to-chromium': [ '1.5.417' ],
3597 silly audit   'node-releases': [ '2.0.54' ],
3597 silly audit   'update-browserslist-db': [ '1.3.2' ],
3597 silly audit   qr: [ '0.7.0' ],
3597 silly audit   '@babel/runtime': [ '7.29.7' ],
3597 silly audit   '@next/env': [ '15.5.24' ],
3597 silly audit   '@next/swc-darwin-arm64': [ '15.5.24' ],
3597 silly audit   '@next/swc-darwin-x64': [ '15.5.24' ],
3597 silly audit   '@next/swc-linux-arm64-gnu': [ '15.5.24' ],
3597 silly audit   '@next/swc-linux-arm64-musl': [ '15.5.24' ],
3597 silly audit   '@next/swc-linux-x64-gnu': [ '15.5.24' ],
3597 silly audit   '@next/swc-linux-x64-musl': [ '15.5.24' ],
3597 silly audit   '@next/swc-win32-arm64-msvc': [ '15.5.24' ],
3597 silly audit   '@next/swc-win32-x64-msvc': [ '15.5.24' ],
3597 silly audit   '@swc/helpers': [ '0.5.15' ],
3597 silly audit   sharp: [ '0.35.4' ],
3597 silly audit   'styled-jsx': [ '5.1.6' ],
3597 silly audit   tslib: [ '2.8.1', '1.14.1' ],
3597 silly audit   nanoid: [ '3.3.18' ],
3597 silly audit   'source-map-js': [ '1.2.1' ],
3597 silly audit   scheduler: [ '0.27.0' ],
3597 silly audit   'react-remove-scroll-bar': [ '2.3.8' ],
3597 silly audit   'react-style-singleton': [ '2.2.3' ],
3597 silly audit   'use-callback-ref': [ '1.3.3' ],
3597 silly audit   'use-sidecar': [ '1.1.3' ],
3597 silly audit   'get-nonce': [ '1.0.1' ],
3597 silly audit   eventemitter3: [ '4.0.7', '5.0.1', '5.0.4' ],
3597 silly audit   lodash: [ '4.18.1' ],
3597 silly audit   'react-is': [ '18.3.1', '16.13.1' ],
3597 silly audit   'react-smooth': [ '4.0.4' ],
3597 silly audit   'recharts-scale': [ '0.4.5' ],
3597 silly audit   'tiny-invariant': [ '1.3.3' ],
3597 silly audit   'victory-vendor': [ '36.9.2' ],
3597 silly audit   'fast-equals': [ '5.4.1' ],
3597 silly audit   'prop-types': [ '15.8.1' ],
3597 silly audit   'react-transition-group': [ '4.4.5' ],
3597 silly audit   'loose-envify': [ '1.4.0' ],
3597 silly audit   'object-assign': [ '4.1.1' ],
3597 silly audit   'js-tokens': [ '4.0.0' ],
3597 silly audit   'dom-helpers': [ '5.2.1' ],
3597 silly audit   'decimal.js-light': [ '2.5.1' ],
3597 silly audit   '@img/colour': [ '1.1.0' ],
3597 silly audit   '@img/sharp-darwin-arm64': [ '0.35.4' ],
3597 silly audit   '@img/sharp-darwin-x64': [ '0.35.4' ],
3597 silly audit   '@img/sharp-freebsd-wasm32': [ '0.35.4' ],
3597 silly audit   '@img/sharp-libvips-darwin-arm64': [ '1.3.3' ],
3597 silly audit   '@img/sharp-libvips-darwin-x64': [ '1.3.3' ],
3597 silly audit   '@img/sharp-libvips-linux-arm': [ '1.3.3' ],
3597 silly audit   '@img/sharp-libvips-linux-arm64': [ '1.3.3' ],
3597 silly audit   '@img/sharp-libvips-linux-ppc64': [ '1.3.3' ],
3597 silly audit   '@img/sharp-libvips-linux-riscv64': [ '1.3.3' ],
3597 silly audit   '@img/sharp-libvips-linux-s390x': [ '1.3.3' ],
3597 silly audit   '@img/sharp-libvips-linux-x64': [ '1.3.3' ],
3597 silly audit   '@img/sharp-libvips-linuxmusl-arm64': [ '1.3.3' ],
3597 silly audit   '@img/sharp-libvips-linuxmusl-x64': [ '1.3.3' ],
3597 silly audit   '@img/sharp-linux-arm': [ '0.35.4' ],
3597 silly audit   '@img/sharp-linux-arm64': [ '0.35.4' ],
3597 silly audit   '@img/sharp-linux-ppc64': [ '0.35.4' ],
3597 silly audit   '@img/sharp-linux-riscv64': [ '0.35.4' ],
3597 silly audit   '@img/sharp-linux-s390x': [ '0.35.4' ],
3597 silly audit   '@img/sharp-linux-x64': [ '0.35.4' ],
3597 silly audit   '@img/sharp-linuxmusl-arm64': [ '0.35.4' ],
3597 silly audit   '@img/sharp-linuxmusl-x64': [ '0.35.4' ],
3597 silly audit   '@img/sharp-webcontainers-wasm32': [ '0.35.4' ],
3597 silly audit   '@img/sharp-win32-arm64': [ '0.35.4' ],
3597 silly audit   '@img/sharp-win32-ia32': [ '0.35.4' ],
3597 silly audit   '@img/sharp-win32-x64': [ '0.35.4' ],
3597 silly audit   'detect-libc': [ '2.1.2' ],
3597 silly audit   semver: [ '7.8.5' ],
3597 silly audit   '@img/sharp-wasm32': [ '0.35.4' ],
3597 silly audit   '@emnapi/runtime': [ '1.11.3' ],
3597 silly audit   'client-only': [ '0.0.1' ],
3597 silly audit   '@alloc/quick-lru': [ '5.2.0' ],
3597 silly audit   arg: [ '5.0.2' ],
3597 silly audit   chokidar: [ '3.6.0', '5.0.0' ],
3597 silly audit   didyoumean: [ '1.2.2' ],
3597 silly audit   dlv: [ '1.1.3' ],
3597 silly audit   'fast-glob': [ '3.3.3' ],
3597 silly audit   'glob-parent': [ '6.0.2', '5.1.2' ],
3597 silly audit   'is-glob': [ '4.0.3' ],
3597 silly audit   jiti: [ '1.21.7' ],
3597 silly audit   lilconfig: [ '3.1.3' ],
3597 silly audit   micromatch: [ '4.0.8' ],
3597 silly audit   'normalize-path': [ '3.0.0' ],
3597 silly audit   'object-hash': [ '3.0.0' ],
3597 silly audit   'postcss-import': [ '15.1.0' ],
3597 silly audit   'postcss-js': [ '4.1.0' ],
3597 silly audit   'postcss-load-config': [ '6.0.1' ],
3597 silly audit   'postcss-nested': [ '6.2.0' ],
3597 silly audit   'postcss-selector-parser': [ '6.1.4' ],
3597 silly audit   resolve: [ '1.22.12' ],
3597 silly audit   sucrase: [ '3.35.1' ],
3597 silly audit   anymatch: [ '3.1.3' ],
3597 silly audit   braces: [ '3.0.3' ],
3597 silly audit   fsevents: [ '2.3.3' ],
3597 silly audit   'is-binary-path': [ '2.1.0' ],
3597 silly audit   readdirp: [ '3.6.0', '5.1.1' ],
3597 silly audit   picomatch: [ '2.3.2', '4.0.7' ],
3597 silly audit   'fill-range': [ '7.1.1' ],
3597 silly audit   '@nodelib/fs.stat': [ '2.0.5' ],
3597 silly audit   '@nodelib/fs.walk': [ '1.2.8' ],
3597 silly audit   merge2: [ '1.4.1' ],
3597 silly audit   '@nodelib/fs.scandir': [ '2.1.5' ],
3597 silly audit   fastq: [ '1.20.3' ],
3597 silly audit   'run-parallel': [ '1.2.0' ],
3597 silly audit   reusify: [ '1.1.0' ],
3597 silly audit   'to-regex-range': [ '5.0.1' ],
3597 silly audit   'binary-extensions': [ '2.3.0' ],
3597 silly audit   'is-extglob': [ '2.1.1' ],
3597 silly audit   'read-cache': [ '1.0.2' ],
3597 silly audit   'camelcase-css': [ '2.0.1' ],
3597 silly audit   cssesc: [ '3.0.0' ],
3597 silly audit   'util-deprecate': [ '1.0.2' ],
3597 silly audit   'es-errors': [ '1.3.0' ],
3597 silly audit   'is-core-module': [ '2.16.2' ],
3597 silly audit   'path-parse': [ '1.0.7' ],
3597 silly audit   'supports-preserve-symlinks-flag': [ '1.0.0' ],
3597 silly audit   hasown: [ '2.0.4' ],
3597 silly audit   'function-bind': [ '1.1.2' ],
3597 silly audit   'queue-microtask': [ '1.2.3' ],
3597 silly audit   '@jridgewell/gen-mapping': [ '0.3.13' ],
3597 silly audit   commander: [ '4.1.1', '14.0.2' ],
3597 silly audit   'lines-and-columns': [ '1.2.4' ],
3597 silly audit   mz: [ '2.7.0' ],
3597 silly audit   pirates: [ '4.0.7' ],
3597 silly audit   tinyglobby: [ '0.2.17' ],
3597 silly audit   'ts-interface-checker': [ '0.1.13' ],
3597 silly audit   '@jridgewell/sourcemap-codec': [ '1.6.0' ],
3597 silly audit   '@jridgewell/trace-mapping': [ '0.3.31' ],
3597 silly audit   '@jridgewell/resolve-uri': [ '3.1.2' ],
3597 silly audit   'any-promise': [ '1.3.0' ],
3597 silly audit   'thenify-all': [ '1.6.0' ],
3597 silly audit   thenify: [ '3.3.1' ],
3597 silly audit   fdir: [ '6.5.0' ],
3597 silly audit   'is-number': [ '7.0.0' ],
3597 silly audit   'detect-europe-js': [ '0.1.2' ],
3597 silly audit   'is-standalone-pwa': [ '0.1.1' ],
3597 silly audit   'ua-is-frozen': [ '0.1.2' ],
3597 silly audit   escalade: [ '3.2.0' ],
3597 silly audit   'detect-node-es': [ '1.1.0' ],
3597 silly audit   '@types/d3-array': [ '3.2.2' ],
3597 silly audit   '@types/d3-ease': [ '3.0.2' ],
3597 silly audit   '@types/d3-interpolate': [ '3.0.4' ],
3597 silly audit   '@types/d3-scale': [ '4.0.9' ],
3597 silly audit   '@types/d3-shape': [ '3.2.0' ],
3597 silly audit   '@types/d3-time': [ '3.0.4' ],
3597 silly audit   '@types/d3-timer': [ '3.0.2' ],
3597 silly audit   'd3-array': [ '3.2.4' ],
3597 silly audit   'd3-ease': [ '3.0.1' ],
3597 silly audit   'd3-interpolate': [ '3.0.1' ],
3597 silly audit   'd3-scale': [ '4.0.2' ],
3597 silly audit   'd3-shape': [ '3.2.0' ],
3597 silly audit   'd3-time': [ '3.1.0' ],
3597 silly audit   'd3-timer': [ '3.0.1' ],
3597 silly audit   '@types/d3-color': [ '3.1.3' ],
3597 silly audit   '@types/d3-path': [ '3.1.1' ],
3597 silly audit   internmap: [ '2.0.3' ],
3597 silly audit   'd3-color': [ '3.1.0' ],
3597 silly audit   'd3-format': [ '3.1.2' ],
3597 silly audit   'd3-time-format': [ '4.1.0' ],
3597 silly audit   'd3-path': [ '3.1.0' ],
3597 silly audit   '@noble/curves': [ '1.9.1', '1.8.0', '1.8.1', '1.9.7', '1.4.2' ],
3597 silly audit   '@noble/hashes': [ '1.8.0', '1.4.0', '1.7.0', '1.7.1' ],
3597 silly audit   '@scure/bip32': [ '1.7.0', '1.4.0', '1.6.2' ],
3597 silly audit   '@scure/bip39': [ '1.6.0', '1.3.0', '1.5.4' ],
3597 silly audit   abitype: [ '1.2.3', '1.0.6', '1.0.8' ],
3597 silly audit   isows: [ '1.0.7', '1.0.6' ],
3597 silly audit   ws: [ '8.21.0', '7.5.13', '8.18.0' ],
3597 silly audit   ox: [ '0.14.34', '0.6.9', '0.9.17', '0.6.7' ],
3597 silly audit   '@scure/base': [ '1.2.6', '1.1.9' ],
3597 silly audit   '@adraffy/ens-normalize': [ '1.11.1' ],
3597 silly audit   '@noble/ciphers': [ '1.3.0', '1.2.1' ],
3597 silly audit   '@wagmi/connectors': [ '6.2.0' ],
3597 silly audit   '@wagmi/core': [ '2.22.1' ],
3597 silly audit   'use-sync-external-store': [ '1.4.0', '1.2.0' ],
3597 silly audit   '@base-org/account': [ '2.4.0' ],
3597 silly audit   '@coinbase/wallet-sdk': [ '4.3.6', '3.9.3' ],
3597 silly audit   '@gemini-wallet/core': [ '0.3.2' ],
3597 silly audit   '@metamask/sdk': [ '0.33.1' ],
3597 silly audit   '@safe-global/safe-apps-provider': [ '0.18.6' ],
3597 silly audit   '@safe-global/safe-apps-sdk': [ '9.1.0' ],
3597 silly audit   '@walletconnect/ethereum-provider': [ '2.21.1' ],
3597 silly audit   porto: [ '0.2.35' ],
3597 silly audit   '@coinbase/cdp-sdk': [ '1.55.0' ],
3597 silly audit   'idb-keyval': [ '6.2.1' ],
3597 silly audit   preact: [ '10.24.2' ],
3597 silly audit   zustand: [ '5.0.3', '5.0.0' ],
3597 silly audit   '@solana-program/system': [ '0.10.0' ],
3597 silly audit   '@solana/kit': [ '5.5.1' ],
3597 silly audit   '@solana-program/token': [ '0.9.0' ],
3597 silly audit   axios: [ '1.16.0' ],
3597 silly audit   'axios-retry': [ '4.5.0' ],
3597 silly audit   bs58: [ '6.0.0' ],
3597 silly audit   jose: [ '6.2.10' ],
3597 silly audit   md5: [ '2.3.0' ],
3597 silly audit   uncrypto: [ '0.1.3' ],
3597 silly audit   zod: [ '3.25.76', '3.22.4', '4.5.4' ],
3597 silly audit   '@metamask/rpc-errors': [ '7.0.2', '6.4.0' ],
3597 silly audit   '@metamask/utils': [ '11.11.0', '8.5.0', '5.0.2', '9.3.0' ],
3597 silly audit   'fast-safe-stringify': [ '2.1.1' ],
3597 silly audit   '@metamask/onboarding': [ '1.0.1' ],
3597 silly audit   '@metamask/providers': [ '16.1.0' ],
3597 silly audit   '@metamask/sdk-analytics': [ '0.0.5' ],
3597 silly audit   '@metamask/sdk-communication-layer': [ '0.33.1' ],
3597 silly audit   eciesjs: [ '0.4.18' ],
3597 silly audit   'cross-fetch': [ '4.1.0', '3.2.0' ],
3597 silly audit   eventemitter2: [ '6.4.9' ],
3597 silly audit   'readable-stream': [ '3.6.2', '2.3.8' ],
3597 silly audit   'socket.io-client': [ '4.8.3' ],
3597 silly audit   '@metamask/sdk-install-modal-web': [ '0.32.1' ],
3597 silly audit   '@paulmillr/qr': [ '0.2.1' ],
3597 silly audit   bowser: [ '2.14.1' ],
3597 silly audit   debug: [ '4.3.4', '4.4.3' ],
3597 silly audit   'eth-rpc-errors': [ '4.0.3' ],
3597 silly audit   'obj-multiplex': [ '1.0.0' ],
3597 silly audit   pump: [ '3.0.4' ],
3597 silly audit   util: [ '0.12.5' ],
3597 silly audit   uuid: [ '8.3.2', '9.0.1' ],
3597 silly audit   '@metamask/json-rpc-engine': [ '8.0.2', '7.3.3' ],
3597 silly audit   '@metamask/json-rpc-middleware-stream': [ '7.0.2' ],
3597 silly audit   '@metamask/object-multiplex': [ '2.1.0' ],
3597 silly audit   '@metamask/safe-event-emitter': [ '3.1.3', '2.0.0' ],
3597 silly audit   'detect-browser': [ '5.3.0' ],
3597 silly audit   'extension-port-stream': [ '3.0.0' ],
3597 silly audit   'fast-deep-equal': [ '3.1.3' ],
3597 silly audit   'is-stream': [ '2.0.1' ],
3597 silly audit   'webextension-polyfill': [ '0.10.0' ],
3597 silly audit   once: [ '1.4.0' ],
3597 silly audit   'openapi-fetch': [ '0.13.8' ],
3597 silly audit   bufferutil: [ '4.1.0' ],
3597 silly audit   'date-fns': [ '2.30.0' ],
3597 silly audit   'utf-8-validate': [ '5.0.10' ],
3597 silly audit   '@ethereumjs/tx': [ '4.2.0' ],
3597 silly audit   '@metamask/superstruct': [ '3.4.1' ],
3597 silly audit   '@types/debug': [ '4.1.13' ],
3597 silly audit   '@types/lodash': [ '4.17.25' ],
3597 silly audit   'pony-cause': [ '2.1.11' ],
3597 silly audit   '@ethereumjs/common': [ '3.2.0' ],
3597 silly audit   '@ethereumjs/rlp': [ '4.0.1' ],
3597 silly audit   '@ethereumjs/util': [ '8.1.0' ],
3597 silly audit   'ethereum-cryptography': [ '2.2.1' ],
3597 silly audit   'crc-32': [ '1.2.2' ],
3597 silly audit   'micro-ftch': [ '0.3.1' ],
3597 silly audit   events: [ '3.3.0' ],
3597 silly audit   '@safe-global/safe-gateway-typescript-sdk': [ '3.23.1' ],
3597 silly audit   '@solana/accounts': [ '5.5.1' ],
3597 silly audit   '@solana/addresses': [ '5.5.1' ],
3597 silly audit   '@solana/codecs': [ '5.5.1' ],
3597 silly audit   '@solana/errors': [ '5.5.1' ],
3597 silly audit   '@solana/functional': [ '5.5.1' ],
3597 silly audit   '@solana/instruction-plans': [ '5.5.1' ],
3597 silly audit   '@solana/instructions': [ '5.5.1' ],
3597 silly audit   '@solana/keys': [ '5.5.1' ],
3597 silly audit   '@solana/offchain-messages': [ '5.5.1' ],
3597 silly audit   '@solana/plugin-core': [ '5.5.1' ],
3597 silly audit   '@solana/programs': [ '5.5.1' ],
3597 silly audit   '@solana/rpc': [ '5.5.1' ],
3597 silly audit   '@solana/rpc-api': [ '5.5.1' ],
3597 silly audit   '@solana/rpc-parsed-types': [ '5.5.1' ],
3597 silly audit   '@solana/rpc-spec-types': [ '5.5.1' ],
3597 silly audit   '@solana/rpc-subscriptions': [ '5.5.1' ],
3597 silly audit   '@solana/rpc-types': [ '5.5.1' ],
3597 silly audit   '@solana/signers': [ '5.5.1' ],
3597 silly audit   '@solana/sysvars': [ '5.5.1' ],
3597 silly audit   '@solana/transaction-confirmation': [ '5.5.1' ],
3597 silly audit   '@solana/transaction-messages': [ '5.5.1' ],
3597 silly audit   '@solana/transactions': [ '5.5.1' ],
3597 silly audit   '@solana/codecs-core': [ '5.5.1' ],
3597 silly audit   '@solana/codecs-strings': [ '5.5.1' ],
3597 silly audit   '@solana/rpc-spec': [ '5.5.1' ],
3597 silly audit   '@solana/assertions': [ '5.5.1' ],
3597 silly audit   '@solana/nominal-types': [ '5.5.1' ],
3597 silly audit   '@solana/codecs-data-structures': [ '5.5.1' ],
3597 silly audit   '@solana/codecs-numbers': [ '5.5.1' ],
3597 silly audit   '@solana/options': [ '5.5.1' ],
3597 silly audit   chalk: [ '5.6.2' ],
3597 silly audit   '@solana/promises': [ '5.5.1' ],
3597 silly audit   '@solana/fast-stable-stringify': [ '5.5.1' ],
3597 silly audit   '@solana/rpc-transformers': [ '5.5.1' ],
3597 silly audit   '@solana/rpc-transport-http': [ '5.5.1' ],
3597 silly audit   '@solana/rpc-subscriptions-api': [ '5.5.1' ],
3597 silly audit   '@solana/rpc-subscriptions-channel-websocket': [ '5.5.1' ],
3597 silly audit   '@solana/rpc-subscriptions-spec': [ '5.5.1' ],
3597 silly audit   '@solana/subscribable': [ '5.5.1' ],
3597 silly audit   '@types/ms': [ '2.1.0' ],
3597 silly audit   mipd: [ '0.0.7' ],
3597 silly audit   '@reown/appkit': [ '1.7.8' ],
3597 silly audit   '@walletconnect/jsonrpc-http-connection': [ '1.0.8' ],
3597 silly audit   '@walletconnect/jsonrpc-provider': [ '1.0.14' ],
3597 silly audit   '@walletconnect/jsonrpc-types': [ '1.0.4' ],
3597 silly audit   '@walletconnect/jsonrpc-utils': [ '1.0.8' ],
3597 silly audit   '@walletconnect/keyvaluestorage': [ '1.1.1' ],
3597 silly audit   '@walletconnect/sign-client': [ '2.21.1', '2.21.0' ],
3597 silly audit   '@walletconnect/types': [ '2.21.1', '2.21.0' ],
3597 silly audit   '@walletconnect/universal-provider': [ '2.21.1', '2.21.0' ],
3597 silly audit   '@walletconnect/utils': [ '2.21.1', '2.21.0' ],
3597 silly audit   '@reown/appkit-common': [ '1.7.8' ],
3597 silly audit   '@reown/appkit-controllers': [ '1.7.8' ],
3597 silly audit   '@reown/appkit-pay': [ '1.7.8' ],
3597 silly audit   '@reown/appkit-polyfills': [ '1.7.8' ],
3597 silly audit   '@reown/appkit-scaffold-ui': [ '1.7.8' ],
3597 silly audit   '@reown/appkit-ui': [ '1.7.8' ],
3597 silly audit   '@reown/appkit-utils': [ '1.7.8' ],
3597 silly audit   '@reown/appkit-wallet': [ '1.7.8' ],
3597 silly audit   valtio: [ '1.13.2' ],
3597 silly audit   'big.js': [ '6.2.2' ],
3597 silly audit   dayjs: [ '1.11.13' ],
3597 silly audit   lit: [ '3.3.0' ],
3597 silly audit   buffer: [ '6.0.3' ],
3597 silly audit   qrcode: [ '1.5.3' ],
3597 silly audit   '@walletconnect/logger': [ '2.1.2' ],
3597 silly audit   '@walletconnect/safe-json': [ '1.0.2' ],
3597 silly audit   'keyvaluestorage-interface': [ '1.0.0' ],
3597 silly audit   '@walletconnect/environment': [ '1.0.1' ],
3597 silly audit   unstorage: [ '1.17.5' ],
3597 silly audit   pino: [ '7.11.0' ],
3597 silly audit   '@walletconnect/core': [ '2.21.1', '2.21.0' ],
3597 silly audit   '@walletconnect/events': [ '1.0.1' ],
3597 silly audit   '@walletconnect/heartbeat': [ '1.2.2' ],
3597 silly audit   '@walletconnect/time': [ '1.0.2' ],
3597 silly audit   '@walletconnect/jsonrpc-ws-connection': [ '1.0.16' ],
3597 silly audit   '@walletconnect/relay-api': [ '1.0.11' ],
3597 silly audit   '@walletconnect/relay-auth': [ '1.1.0' ],
3597 silly audit   '@walletconnect/window-getters': [ '1.0.1' ],
3597 silly audit   'es-toolkit': [ '1.33.0' ],
3597 silly audit   uint8arrays: [ '3.1.0' ],
3597 silly audit   '@walletconnect/window-metadata': [ '1.0.1' ],
3597 silly audit   'query-string': [ '7.1.3' ],
3597 silly audit   'follow-redirects': [ '1.16.0' ],
3597 silly audit   'form-data': [ '4.0.6' ],
3597 silly audit   'proxy-from-env': [ '2.1.0' ],
3597 silly audit   'is-retry-allowed': [ '2.2.0' ],
3597 silly audit   'base-x': [ '5.0.1' ],
3597 silly audit   'base64-js': [ '1.5.1' ],
3597 silly audit   ieee754: [ '1.2.1' ],
3597 silly audit   'node-gyp-build': [ '4.8.4' ],
3597 silly audit   'bn.js': [ '5.2.5' ],
3597 silly audit   'eth-block-tracker': [ '7.1.0' ],
3597 silly audit   'eth-json-rpc-filters': [ '6.0.1' ],
3597 silly audit   keccak: [ '3.0.4' ],
3597 silly audit   'sha.js': [ '2.4.12' ],
3597 silly audit   'node-fetch': [ '2.7.0' ],
3597 silly audit   ms: [ '2.1.2', '2.1.3' ],
3597 silly audit   '@ecies/ciphers': [ '0.2.6' ],
3597 silly audit   '@metamask/eth-json-rpc-provider': [ '1.0.1' ],
3597 silly audit   'json-rpc-random-id': [ '1.0.1' ],
3597 silly audit   pify: [ '3.0.0', '5.0.0' ],
3597 silly audit   'async-mutex': [ '0.2.6' ],
3597 silly audit   'eth-query': [ '2.1.2' ],
3597 silly audit   'json-rpc-engine': [ '6.1.0' ],
3597 silly audit   xtend: [ '4.0.2' ],
3597 silly audit   asynckit: [ '0.4.0' ],
3597 silly audit   'combined-stream': [ '1.0.8' ],
3597 silly audit   'es-set-tostringtag': [ '2.1.0' ],
3597 silly audit   'mime-types': [ '2.1.35' ],
3597 silly audit   'delayed-stream': [ '1.0.0' ],
3597 silly audit   'get-intrinsic': [ '1.3.0' ],
3597 silly audit   'has-tostringtag': [ '1.0.2' ],
3597 silly audit   'call-bind-apply-helpers': [ '1.0.2' ],
3597 silly audit   'es-define-property': [ '1.0.1' ],
3597 silly audit   'es-object-atoms': [ '1.1.2' ],
3597 silly audit   'get-proto': [ '1.0.1' ],
3597 silly audit   gopd: [ '1.2.0' ],
3597 silly audit   'has-symbols': [ '1.1.0' ],
3597 silly audit   'math-intrinsics': [ '1.1.0' ],
3597 silly audit   'dunder-proto': [ '1.0.1' ],
3597 silly audit   'node-addon-api': [ '2.0.2' ],
3597 silly audit   '@lit/reactive-element': [ '2.1.2' ],
3597 silly audit   'lit-element': [ '4.2.2' ],
3597 silly audit   'lit-html': [ '3.3.3' ],
3597 silly audit   '@lit-labs/ssr-dom-shim': [ '1.6.0' ],
3597 silly audit   '@types/trusted-types': [ '2.0.7' ],
3597 silly audit   charenc: [ '0.0.2' ],
3597 silly audit   crypt: [ '0.0.2' ],
3597 silly audit   'is-buffer': [ '1.1.6' ],
3597 silly audit   'mime-db': [ '1.52.0' ],
3597 silly audit   'whatwg-url': [ '5.0.0' ],
3597 silly audit   'end-of-stream': [ '1.4.5' ],
3597 silly audit   wrappy: [ '1.0.2' ],
3597 silly audit   'openapi-typescript-helpers': [ '0.0.15' ],
3597 silly audit   'atomic-sleep': [ '1.0.0' ],
3597 silly audit   'fast-redact': [ '3.5.0' ],
3597 silly audit   'on-exit-leak-free': [ '0.2.0' ],
3597 silly audit   'pino-abstract-transport': [ '0.5.0' ],
3597 silly audit   'pino-std-serializers': [ '4.0.0' ],
3597 silly audit   'process-warning': [ '1.0.0' ],
3597 silly audit   'quick-format-unescaped': [ '4.0.4' ],
3597 silly audit   'real-require': [ '0.1.0' ],
3597 silly audit   'safe-stable-stringify': [ '2.5.0' ],
3597 silly audit   'sonic-boom': [ '2.8.0' ],
3597 silly audit   'thread-stream': [ '0.15.2' ],
3597 silly audit   duplexify: [ '4.1.3' ],
3597 silly audit   split2: [ '4.2.0' ],
3597 silly audit   inherits: [ '2.0.4' ],
3597 silly audit   'stream-shift': [ '1.0.3' ],
3597 silly audit   hono: [ '4.13.5' ],
3597 silly audit   dijkstrajs: [ '1.0.3' ],
3597 silly audit   'encode-utf8': [ '1.0.3' ],
3597 silly audit   pngjs: [ '5.0.0' ],
3597 silly audit   yargs: [ '15.4.1' ],
3597 silly audit   'decode-uri-component': [ '0.2.2' ],
3597 silly audit   'filter-obj': [ '1.1.0' ],
3597 silly audit   'split-on-first': [ '1.1.0' ],
3597 silly audit   'strict-uri-encode': [ '2.0.0' ],
3597 silly audit   string_decoder: [ '1.3.0', '1.1.1' ],
3597 silly audit   'safe-buffer': [ '5.2.1', '5.1.2' ],
3597 silly audit   'to-buffer': [ '1.2.2' ],
3597 silly audit   '@socket.io/component-emitter': [ '3.1.2' ],
3597 silly audit   'engine.io-client': [ '6.6.6' ],
3597 silly audit   'socket.io-parser': [ '4.2.7' ],
3597 silly audit   'engine.io-parser': [ '5.2.3' ],
3597 silly audit   'xmlhttprequest-ssl': [ '2.1.2' ],
3597 silly audit   isarray: [ '2.0.5', '1.0.0' ],
3597 silly audit   'typed-array-buffer': [ '1.0.3' ],
3597 silly audit   'call-bound': [ '1.0.4' ],
3597 silly audit   'is-typed-array': [ '1.1.15' ],
3597 silly audit   'which-typed-array': [ '1.1.22' ],
3597 silly audit   multiformats: [ '9.9.0' ],
3597 silly audit   destr: [ '2.0.5' ],
3597 silly audit   h3: [ '1.15.11' ],
3597 silly audit   'node-fetch-native': [ '1.6.7' ],
3597 silly audit   ofetch: [ '1.5.1' ],
3597 silly audit   ufo: [ '1.6.4' ],
3597 silly audit   'cookie-es': [ '1.2.3' ],
3597 silly audit   crossws: [ '0.3.5' ],
3597 silly audit   defu: [ '6.1.7' ],
3597 silly audit   'iron-webcrypto': [ '1.2.1' ],
3597 silly audit   'node-mock-http': [ '1.0.5' ],
3597 silly audit   radix3: [ '1.1.2' ],
3597 silly audit   'is-arguments': [ '1.2.0' ],
3597 silly audit   'is-generator-function': [ '1.1.2' ],
3597 silly audit   'generator-function': [ '2.0.1' ],
3597 silly audit   'safe-regex-test': [ '1.1.0' ],
3597 silly audit   'is-regex': [ '1.2.1' ],
3597 silly audit   'derive-valtio': [ '0.1.0' ],
3597 silly audit   'proxy-compare': [ '2.6.0' ],
3597 silly audit   tr46: [ '0.0.3' ],
3597 silly audit   'webidl-conversions': [ '3.0.1' ],
3597 silly audit   'available-typed-arrays': [ '1.0.7' ],
3597 silly audit   'call-bind': [ '1.0.9' ],
3597 silly audit   'for-each': [ '0.3.5' ],
3597 silly audit   'possible-typed-array-names': [ '1.1.0' ],
3597 silly audit   'set-function-length': [ '1.2.2' ],
3597 silly audit   'is-callable': [ '1.2.7' ],
3597 silly audit   'define-data-property': [ '1.1.4' ],
3597 silly audit   'has-property-descriptors': [ '1.0.2' ],
3597 silly audit   cliui: [ '6.0.0' ],
3597 silly audit   decamelize: [ '1.2.0' ],
3597 silly audit   'find-up': [ '4.1.0' ],
3597 silly audit   'get-caller-file': [ '2.0.5' ],
3597 silly audit   'require-directory': [ '2.1.1' ],
3597 silly audit   'require-main-filename': [ '2.0.0' ],
3597 silly audit   'set-blocking': [ '2.0.0' ],
3597 silly audit   'string-width': [ '4.2.3' ],
3597 silly audit   'which-module': [ '2.0.1' ],
3597 silly audit   y18n: [ '4.0.3' ],
3597 silly audit   'yargs-parser': [ '18.1.3' ],
3597 silly audit   'strip-ansi': [ '6.0.1' ],
3597 silly audit   'wrap-ansi': [ '6.2.0' ],
3597 silly audit   'locate-path': [ '5.0.0' ],
3597 silly audit   'path-exists': [ '4.0.0' ],
3597 silly audit   'p-locate': [ '4.1.0' ],
3597 silly audit   'p-limit': [ '2.3.0' ],
3597 silly audit   'p-try': [ '2.2.0' ],
3597 silly audit   'emoji-regex': [ '8.0.0' ],
3597 silly audit   'is-fullwidth-code-point': [ '3.0.0' ],
3597 silly audit   'ansi-regex': [ '5.0.1' ],
3597 silly audit   'ansi-styles': [ '4.3.0' ],
3597 silly audit   'color-convert': [ '2.0.1' ],
3597 silly audit   'color-name': [ '1.1.4' ],
3597 silly audit   camelcase: [ '5.3.1' ],
3597 silly audit   superstruct: [ '1.0.4' ],
3597 silly audit   'core-util-is': [ '1.0.3' ],
3597 silly audit   'process-nextick-args': [ '2.0.1' ]
3597 silly audit }
3598 http cache process-nextick-args@https://registry.npmjs.org/process-nextick-args/-/process-nextick-args-2.0.1.tgz 0ms (cache hit)
3599 http cache core-util-is@https://registry.npmjs.org/core-util-is/-/core-util-is-1.0.3.tgz 0ms (cache hit)
3600 http cache superstruct@https://registry.npmjs.org/superstruct/-/superstruct-1.0.4.tgz 0ms (cache hit)
3601 http cache camelcase@https://registry.npmjs.org/camelcase/-/camelcase-5.3.1.tgz 0ms (cache hit)
3602 http cache color-name@https://registry.npmjs.org/color-name/-/color-name-1.1.4.tgz 0ms (cache hit)
3603 http cache color-convert@https://registry.npmjs.org/color-convert/-/color-convert-2.0.1.tgz 0ms (cache hit)
3604 http cache ansi-styles@https://registry.npmjs.org/ansi-styles/-/ansi-styles-4.3.0.tgz 0ms (cache hit)
3605 http cache ansi-regex@https://registry.npmjs.org/ansi-regex/-/ansi-regex-5.0.1.tgz 0ms (cache hit)
3606 http cache emoji-regex@https://registry.npmjs.org/emoji-regex/-/emoji-regex-8.0.0.tgz 0ms (cache hit)
3607 http cache p-try@https://registry.npmjs.org/p-try/-/p-try-2.2.0.tgz 0ms (cache hit)
3608 http cache p-limit@https://registry.npmjs.org/p-limit/-/p-limit-2.3.0.tgz 0ms (cache hit)
3609 http cache is-fullwidth-code-point@https://registry.npmjs.org/is-fullwidth-code-point/-/is-fullwidth-code-point-3.0.0.tgz 0ms (cache hit)
3610 http cache path-exists@https://registry.npmjs.org/path-exists/-/path-exists-4.0.0.tgz 0ms (cache hit)
3611 http cache p-locate@https://registry.npmjs.org/p-locate/-/p-locate-4.1.0.tgz 0ms (cache hit)
3612 http cache locate-path@https://registry.npmjs.org/locate-path/-/locate-path-5.0.0.tgz 0ms (cache hit)
3613 http cache strip-ansi@https://registry.npmjs.org/strip-ansi/-/strip-ansi-6.0.1.tgz 0ms (cache hit)
3614 http cache yargs-parser@https://registry.npmjs.org/yargs-parser/-/yargs-parser-18.1.3.tgz 0ms (cache hit)
3615 http cache wrap-ansi@https://registry.npmjs.org/wrap-ansi/-/wrap-ansi-6.2.0.tgz 0ms (cache hit)
3616 http cache y18n@https://registry.npmjs.org/y18n/-/y18n-4.0.3.tgz 0ms (cache hit)
3617 http cache string-width@https://registry.npmjs.org/string-width/-/string-width-4.2.3.tgz 0ms (cache hit)
3618 http cache which-module@https://registry.npmjs.org/which-module/-/which-module-2.0.1.tgz 0ms (cache hit)
3619 http cache require-main-filename@https://registry.npmjs.org/require-main-filename/-/require-main-filename-2.0.0.tgz 0ms (cache hit)
3620 http cache require-directory@https://registry.npmjs.org/require-directory/-/require-directory-2.1.1.tgz 0ms (cache hit)
3621 http cache set-blocking@https://registry.npmjs.org/set-blocking/-/set-blocking-2.0.0.tgz 0ms (cache hit)
3622 http cache get-caller-file@https://registry.npmjs.org/get-caller-file/-/get-caller-file-2.0.5.tgz 0ms (cache hit)
3623 http cache find-up@https://registry.npmjs.org/find-up/-/find-up-4.1.0.tgz 0ms (cache hit)
3624 http cache decamelize@https://registry.npmjs.org/decamelize/-/decamelize-1.2.0.tgz 0ms (cache hit)
3625 http cache has-property-descriptors@https://registry.npmjs.org/has-property-descriptors/-/has-property-descriptors-1.0.2.tgz 0ms (cache hit)
3626 http cache cliui@https://registry.npmjs.org/cliui/-/cliui-6.0.0.tgz 0ms (cache hit)
3627 http cache set-function-length@https://registry.npmjs.org/set-function-length/-/set-function-length-1.2.2.tgz 0ms (cache hit)
3628 http cache define-data-property@https://registry.npmjs.org/define-data-property/-/define-data-property-1.1.4.tgz 0ms (cache hit)
3629 http cache is-callable@https://registry.npmjs.org/is-callable/-/is-callable-1.2.7.tgz 0ms (cache hit)
3630 http cache for-each@https://registry.npmjs.org/for-each/-/for-each-0.3.5.tgz 0ms (cache hit)
3631 http cache possible-typed-array-names@https://registry.npmjs.org/possible-typed-array-names/-/possible-typed-array-names-1.1.0.tgz 0ms (cache hit)
3632 http cache tr46@https://registry.npmjs.org/tr46/-/tr46-0.0.3.tgz 0ms (cache hit)
3633 http cache webidl-conversions@https://registry.npmjs.org/webidl-conversions/-/webidl-conversions-3.0.1.tgz 0ms (cache hit)
3634 http cache call-bind@https://registry.npmjs.org/call-bind/-/call-bind-1.0.9.tgz 0ms (cache hit)
3635 http cache available-typed-arrays@https://registry.npmjs.org/available-typed-arrays/-/available-typed-arrays-1.0.7.tgz 0ms (cache hit)
3636 http cache proxy-compare@https://registry.npmjs.org/proxy-compare/-/proxy-compare-2.6.0.tgz 0ms (cache hit)
3637 http cache derive-valtio@https://registry.npmjs.org/derive-valtio/-/derive-valtio-0.1.0.tgz 0ms (cache hit)
3638 http cache is-regex@https://registry.npmjs.org/is-regex/-/is-regex-1.2.1.tgz 0ms (cache hit)
3639 http cache safe-regex-test@https://registry.npmjs.org/safe-regex-test/-/safe-regex-test-1.1.0.tgz 0ms (cache hit)
3640 http cache generator-function@https://registry.npmjs.org/generator-function/-/generator-function-2.0.1.tgz 0ms (cache hit)
3641 http cache radix3@https://registry.npmjs.org/radix3/-/radix3-1.1.2.tgz 0ms (cache hit)
3642 http cache is-arguments@https://registry.npmjs.org/is-arguments/-/is-arguments-1.2.0.tgz 0ms (cache hit)
3643 http cache is-generator-function@https://registry.npmjs.org/is-generator-function/-/is-generator-function-1.1.2.tgz 0ms (cache hit)
3644 http cache node-mock-http@https://registry.npmjs.org/node-mock-http/-/node-mock-http-1.0.5.tgz 0ms (cache hit)
3645 http cache iron-webcrypto@https://registry.npmjs.org/iron-webcrypto/-/iron-webcrypto-1.2.1.tgz 0ms (cache hit)
3646 http cache defu@https://registry.npmjs.org/defu/-/defu-6.1.7.tgz 0ms (cache hit)
3647 http cache crossws@https://registry.npmjs.org/crossws/-/crossws-0.3.5.tgz 0ms (cache hit)
3648 http cache ofetch@https://registry.npmjs.org/ofetch/-/ofetch-1.5.1.tgz 0ms (cache hit)
3649 http cache ufo@https://registry.npmjs.org/ufo/-/ufo-1.6.4.tgz 0ms (cache hit)
3650 http cache cookie-es@https://registry.npmjs.org/cookie-es/-/cookie-es-1.2.3.tgz 0ms (cache hit)
3651 http cache node-fetch-native@https://registry.npmjs.org/node-fetch-native/-/node-fetch-native-1.6.7.tgz 0ms (cache hit)
3652 http cache h3@https://registry.npmjs.org/h3/-/h3-1.15.11.tgz 0ms (cache hit)
3653 http cache destr@https://registry.npmjs.org/destr/-/destr-2.0.5.tgz 0ms (cache hit)
3654 http cache multiformats@https://registry.npmjs.org/multiformats/-/multiformats-9.9.0.tgz 0ms (cache hit)
3655 http cache is-typed-array@https://registry.npmjs.org/is-typed-array/-/is-typed-array-1.1.15.tgz 0ms (cache hit)
3656 http cache which-typed-array@https://registry.npmjs.org/which-typed-array/-/which-typed-array-1.1.22.tgz 0ms (cache hit)
3657 http cache call-bound@https://registry.npmjs.org/call-bound/-/call-bound-1.0.4.tgz 0ms (cache hit)
3658 http cache typed-array-buffer@https://registry.npmjs.org/typed-array-buffer/-/typed-array-buffer-1.0.3.tgz 0ms (cache hit)
3659 http cache engine.io-parser@https://registry.npmjs.org/engine.io-parser/-/engine.io-parser-5.2.3.tgz 0ms (cache hit)
3660 http cache xmlhttprequest-ssl@https://registry.npmjs.org/xmlhttprequest-ssl/-/xmlhttprequest-ssl-2.1.2.tgz 0ms (cache hit)
3661 http cache socket.io-parser@https://registry.npmjs.org/socket.io-parser/-/socket.io-parser-4.2.7.tgz 0ms (cache hit)
3662 http cache @socket.io/component-emitter@https://registry.npmjs.org/@socket.io/component-emitter/-/component-emitter-3.1.2.tgz 0ms (cache hit)
3663 http cache isarray@https://registry.npmjs.org/isarray/-/isarray-2.0.5.tgz 0ms (cache hit)
3664 http cache engine.io-client@https://registry.npmjs.org/engine.io-client/-/engine.io-client-6.6.6.tgz 0ms (cache hit)
3665 http cache to-buffer@https://registry.npmjs.org/to-buffer/-/to-buffer-1.2.2.tgz 0ms (cache hit)
3666 http cache string_decoder@https://registry.npmjs.org/string_decoder/-/string_decoder-1.3.0.tgz 0ms (cache hit)
3667 http cache safe-buffer@https://registry.npmjs.org/safe-buffer/-/safe-buffer-5.2.1.tgz 0ms (cache hit)
3668 http cache strict-uri-encode@https://registry.npmjs.org/strict-uri-encode/-/strict-uri-encode-2.0.0.tgz 0ms (cache hit)
3669 http cache filter-obj@https://registry.npmjs.org/filter-obj/-/filter-obj-1.1.0.tgz 0ms (cache hit)
3670 http cache split-on-first@https://registry.npmjs.org/split-on-first/-/split-on-first-1.1.0.tgz 0ms (cache hit)
3671 http cache decode-uri-component@https://registry.npmjs.org/decode-uri-component/-/decode-uri-component-0.2.2.tgz 0ms (cache hit)
3672 http cache yargs@https://registry.npmjs.org/yargs/-/yargs-15.4.1.tgz 0ms (cache hit)
3673 http cache dijkstrajs@https://registry.npmjs.org/dijkstrajs/-/dijkstrajs-1.0.3.tgz 0ms (cache hit)
3674 http cache encode-utf8@https://registry.npmjs.org/encode-utf8/-/encode-utf8-1.0.3.tgz 0ms (cache hit)
3675 http cache pngjs@https://registry.npmjs.org/pngjs/-/pngjs-5.0.0.tgz 0ms (cache hit)
3676 http cache hono@https://registry.npmjs.org/hono/-/hono-4.13.5.tgz 0ms (cache hit)
3677 http cache inherits@https://registry.npmjs.org/inherits/-/inherits-2.0.4.tgz 0ms (cache hit)
3678 http cache stream-shift@https://registry.npmjs.org/stream-shift/-/stream-shift-1.0.3.tgz 0ms (cache hit)
3679 http cache split2@https://registry.npmjs.org/split2/-/split2-4.2.0.tgz 0ms (cache hit)
3680 http cache duplexify@https://registry.npmjs.org/duplexify/-/duplexify-4.1.3.tgz 0ms (cache hit)
3681 http cache real-require@https://registry.npmjs.org/real-require/-/real-require-0.1.0.tgz 0ms (cache hit)
3682 http cache thread-stream@https://registry.npmjs.org/thread-stream/-/thread-stream-0.15.2.tgz 0ms (cache hit)
3683 http cache sonic-boom@https://registry.npmjs.org/sonic-boom/-/sonic-boom-2.8.0.tgz 0ms (cache hit)
3684 http cache quick-format-unescaped@https://registry.npmjs.org/quick-format-unescaped/-/quick-format-unescaped-4.0.4.tgz 0ms (cache hit)
3685 http cache process-warning@https://registry.npmjs.org/process-warning/-/process-warning-1.0.0.tgz 0ms (cache hit)
3686 http cache safe-stable-stringify@https://registry.npmjs.org/safe-stable-stringify/-/safe-stable-stringify-2.5.0.tgz 0ms (cache hit)
3687 http cache pino-std-serializers@https://registry.npmjs.org/pino-std-serializers/-/pino-std-serializers-4.0.0.tgz 0ms (cache hit)
3688 http cache pino-abstract-transport@https://registry.npmjs.org/pino-abstract-transport/-/pino-abstract-transport-0.5.0.tgz 0ms (cache hit)
3689 http cache on-exit-leak-free@https://registry.npmjs.org/on-exit-leak-free/-/on-exit-leak-free-0.2.0.tgz 0ms (cache hit)
3690 http cache fast-redact@https://registry.npmjs.org/fast-redact/-/fast-redact-3.5.0.tgz 0ms (cache hit)
3691 http cache atomic-sleep@https://registry.npmjs.org/atomic-sleep/-/atomic-sleep-1.0.0.tgz 0ms (cache hit)
3692 http cache whatwg-url@https://registry.npmjs.org/whatwg-url/-/whatwg-url-5.0.0.tgz 0ms (cache hit)
3693 http cache wrappy@https://registry.npmjs.org/wrappy/-/wrappy-1.0.2.tgz 0ms (cache hit)
3694 http cache mime-db@https://registry.npmjs.org/mime-db/-/mime-db-1.52.0.tgz 0ms (cache hit)
3695 http cache end-of-stream@https://registry.npmjs.org/end-of-stream/-/end-of-stream-1.4.5.tgz 0ms (cache hit)
3696 http cache @types/trusted-types@https://registry.npmjs.org/@types/trusted-types/-/trusted-types-2.0.7.tgz 0ms (cache hit)
3697 http cache is-buffer@https://registry.npmjs.org/is-buffer/-/is-buffer-1.1.6.tgz 0ms (cache hit)
3698 http cache openapi-typescript-helpers@https://registry.npmjs.org/openapi-typescript-helpers/-/openapi-typescript-helpers-0.0.15.tgz 0ms (cache hit)
3699 http cache @lit-labs/ssr-dom-shim@https://registry.npmjs.org/@lit-labs/ssr-dom-shim/-/ssr-dom-shim-1.6.0.tgz 0ms (cache hit)
3700 http cache charenc@https://registry.npmjs.org/charenc/-/charenc-0.0.2.tgz 0ms (cache hit)
3701 http cache crypt@https://registry.npmjs.org/crypt/-/crypt-0.0.2.tgz 0ms (cache hit)
3702 http cache lit-html@https://registry.npmjs.org/lit-html/-/lit-html-3.3.3.tgz 0ms (cache hit)
3703 http cache @lit/reactive-element@https://registry.npmjs.org/@lit/reactive-element/-/reactive-element-2.1.2.tgz 0ms (cache hit)
3704 http cache lit-element@https://registry.npmjs.org/lit-element/-/lit-element-4.2.2.tgz 0ms (cache hit)
3705 http cache dunder-proto@https://registry.npmjs.org/dunder-proto/-/dunder-proto-1.0.1.tgz 0ms (cache hit)
3706 http cache node-addon-api@https://registry.npmjs.org/node-addon-api/-/node-addon-api-2.0.2.tgz 0ms (cache hit)
3707 http cache has-symbols@https://registry.npmjs.org/has-symbols/-/has-symbols-1.1.0.tgz 0ms (cache hit)
3708 http cache math-intrinsics@https://registry.npmjs.org/math-intrinsics/-/math-intrinsics-1.1.0.tgz 0ms (cache hit)
3709 http cache get-proto@https://registry.npmjs.org/get-proto/-/get-proto-1.0.1.tgz 0ms (cache hit)
3710 http cache gopd@https://registry.npmjs.org/gopd/-/gopd-1.2.0.tgz 0ms (cache hit)
3711 http cache es-object-atoms@https://registry.npmjs.org/es-object-atoms/-/es-object-atoms-1.1.2.tgz 0ms (cache hit)
3712 http cache call-bind-apply-helpers@https://registry.npmjs.org/call-bind-apply-helpers/-/call-bind-apply-helpers-1.0.2.tgz 0ms (cache hit)
3713 http cache get-intrinsic@https://registry.npmjs.org/get-intrinsic/-/get-intrinsic-1.3.0.tgz 0ms (cache hit)
3714 http cache mime-types@https://registry.npmjs.org/mime-types/-/mime-types-2.1.35.tgz 0ms (cache hit)
3715 http cache es-define-property@https://registry.npmjs.org/es-define-property/-/es-define-property-1.0.1.tgz 0ms (cache hit)
3716 http cache has-tostringtag@https://registry.npmjs.org/has-tostringtag/-/has-tostringtag-1.0.2.tgz 0ms (cache hit)
3717 http cache combined-stream@https://registry.npmjs.org/combined-stream/-/combined-stream-1.0.8.tgz 0ms (cache hit)
3718 http cache es-set-tostringtag@https://registry.npmjs.org/es-set-tostringtag/-/es-set-tostringtag-2.1.0.tgz 0ms (cache hit)
3719 http cache asynckit@https://registry.npmjs.org/asynckit/-/asynckit-0.4.0.tgz 0ms (cache hit)
3720 http cache xtend@https://registry.npmjs.org/xtend/-/xtend-4.0.2.tgz 0ms (cache hit)
3721 http cache delayed-stream@https://registry.npmjs.org/delayed-stream/-/delayed-stream-1.0.0.tgz 0ms (cache hit)
3722 http cache json-rpc-engine@https://registry.npmjs.org/json-rpc-engine/-/json-rpc-engine-6.1.0.tgz 0ms (cache hit)
3723 http cache @metamask/eth-json-rpc-provider@https://registry.npmjs.org/@metamask/eth-json-rpc-provider/-/eth-json-rpc-provider-1.0.1.tgz 0ms (cache hit)
3724 http cache pify@https://registry.npmjs.org/pify/-/pify-3.0.0.tgz 0ms (cache hit)
3725 http cache eth-query@https://registry.npmjs.org/eth-query/-/eth-query-2.1.2.tgz 0ms (cache hit)
3726 http cache @ecies/ciphers@https://registry.npmjs.org/@ecies/ciphers/-/ciphers-0.2.6.tgz 0ms (cache hit)
3727 http cache async-mutex@https://registry.npmjs.org/async-mutex/-/async-mutex-0.2.6.tgz 0ms (cache hit)
3728 http cache json-rpc-random-id@https://registry.npmjs.org/json-rpc-random-id/-/json-rpc-random-id-1.0.1.tgz 0ms (cache hit)
3729 http cache node-fetch@https://registry.npmjs.org/node-fetch/-/node-fetch-2.7.0.tgz 0ms (cache hit)
3730 http cache sha.js@https://registry.npmjs.org/sha.js/-/sha.js-2.4.12.tgz 0ms (cache hit)
3731 http cache ms@https://registry.npmjs.org/ms/-/ms-2.1.2.tgz 0ms (cache hit)
3732 http cache eth-json-rpc-filters@https://registry.npmjs.org/eth-json-rpc-filters/-/eth-json-rpc-filters-6.0.1.tgz 0ms (cache hit)
3733 http cache keccak@https://registry.npmjs.org/keccak/-/keccak-3.0.4.tgz 0ms (cache hit)
3734 http cache bn.js@https://registry.npmjs.org/bn.js/-/bn.js-5.2.5.tgz 0ms (cache hit)
3735 http cache node-gyp-build@https://registry.npmjs.org/node-gyp-build/-/node-gyp-build-4.8.4.tgz 0ms (cache hit)
3736 http cache eth-block-tracker@https://registry.npmjs.org/eth-block-tracker/-/eth-block-tracker-7.1.0.tgz 0ms (cache hit)
3737 http cache ieee754@https://registry.npmjs.org/ieee754/-/ieee754-1.2.1.tgz 0ms (cache hit)
3738 http cache is-retry-allowed@https://registry.npmjs.org/is-retry-allowed/-/is-retry-allowed-2.2.0.tgz 0ms (cache hit)
3739 http cache base64-js@https://registry.npmjs.org/base64-js/-/base64-js-1.5.1.tgz 0ms (cache hit)
3740 http cache proxy-from-env@https://registry.npmjs.org/proxy-from-env/-/proxy-from-env-2.1.0.tgz 0ms (cache hit)
3741 http cache base-x@https://registry.npmjs.org/base-x/-/base-x-5.0.1.tgz 0ms (cache hit)
3742 http cache form-data@https://registry.npmjs.org/form-data/-/form-data-4.0.6.tgz 0ms (cache hit)
3743 http cache query-string@https://registry.npmjs.org/query-string/-/query-string-7.1.3.tgz 0ms (cache hit)
3744 http cache uint8arrays@https://registry.npmjs.org/uint8arrays/-/uint8arrays-3.1.0.tgz 0ms (cache hit)
3745 http cache follow-redirects@https://registry.npmjs.org/follow-redirects/-/follow-redirects-1.16.0.tgz 0ms (cache hit)
3746 http cache es-toolkit@https://registry.npmjs.org/es-toolkit/-/es-toolkit-1.33.0.tgz 0ms (cache hit)
3747 http cache @walletconnect/window-metadata@https://registry.npmjs.org/@walletconnect/window-metadata/-/window-metadata-1.0.1.tgz 0ms (cache hit)
3748 http cache @walletconnect/relay-auth@https://registry.npmjs.org/@walletconnect/relay-auth/-/relay-auth-1.1.0.tgz 0ms (cache hit)
3749 http cache @walletconnect/window-getters@https://registry.npmjs.org/@walletconnect/window-getters/-/window-getters-1.0.1.tgz 0ms (cache hit)
3750 http cache @walletconnect/relay-api@https://registry.npmjs.org/@walletconnect/relay-api/-/relay-api-1.0.11.tgz 0ms (cache hit)
3751 http cache @walletconnect/time@https://registry.npmjs.org/@walletconnect/time/-/time-1.0.2.tgz 0ms (cache hit)
3752 http cache @walletconnect/core@https://registry.npmjs.org/@walletconnect/core/-/core-2.21.1.tgz 0ms (cache hit)
3753 http cache @walletconnect/heartbeat@https://registry.npmjs.org/@walletconnect/heartbeat/-/heartbeat-1.2.2.tgz 0ms (cache hit)
3754 http cache @walletconnect/environment@https://registry.npmjs.org/@walletconnect/environment/-/environment-1.0.1.tgz 0ms (cache hit)
3755 http cache @walletconnect/events@https://registry.npmjs.org/@walletconnect/events/-/events-1.0.1.tgz 0ms (cache hit)
3756 http cache pino@https://registry.npmjs.org/pino/-/pino-7.11.0.tgz 0ms (cache hit)
3757 http cache unstorage@https://registry.npmjs.org/unstorage/-/unstorage-1.17.5.tgz 0ms (cache hit)
3758 http cache @walletconnect/safe-json@https://registry.npmjs.org/@walletconnect/safe-json/-/safe-json-1.0.2.tgz 0ms (cache hit)
3759 http cache @walletconnect/logger@https://registry.npmjs.org/@walletconnect/logger/-/logger-2.1.2.tgz 0ms (cache hit)
3760 http cache keyvaluestorage-interface@https://registry.npmjs.org/keyvaluestorage-interface/-/keyvaluestorage-interface-1.0.0.tgz 0ms (cache hit)
3761 http cache qrcode@https://registry.npmjs.org/qrcode/-/qrcode-1.5.3.tgz 0ms (cache hit)
3762 http cache @walletconnect/jsonrpc-ws-connection@https://registry.npmjs.org/@walletconnect/jsonrpc-ws-connection/-/jsonrpc-ws-connection-1.0.16.tgz 0ms (cache hit)
3763 http cache buffer@https://registry.npmjs.org/buffer/-/buffer-6.0.3.tgz 0ms (cache hit)
3764 http cache dayjs@https://registry.npmjs.org/dayjs/-/dayjs-1.11.13.tgz 0ms (cache hit)
3765 http cache big.js@https://registry.npmjs.org/big.js/-/big.js-6.2.2.tgz 0ms (cache hit)
3766 http cache lit@https://registry.npmjs.org/lit/-/lit-3.3.0.tgz 0ms (cache hit)
3767 http cache @reown/appkit-wallet@https://registry.npmjs.org/@reown/appkit-wallet/-/appkit-wallet-1.7.8.tgz 0ms (cache hit)
3768 http cache valtio@https://registry.npmjs.org/valtio/-/valtio-1.13.2.tgz 0ms (cache hit)
3769 http cache @reown/appkit-ui@https://registry.npmjs.org/@reown/appkit-ui/-/appkit-ui-1.7.8.tgz 0ms (cache hit)
3770 http cache @reown/appkit-utils@https://registry.npmjs.org/@reown/appkit-utils/-/appkit-utils-1.7.8.tgz 0ms (cache hit)
3771 http cache @reown/appkit-scaffold-ui@https://registry.npmjs.org/@reown/appkit-scaffold-ui/-/appkit-scaffold-ui-1.7.8.tgz 0ms (cache hit)
3772 http cache @reown/appkit-polyfills@https://registry.npmjs.org/@reown/appkit-polyfills/-/appkit-polyfills-1.7.8.tgz 0ms (cache hit)
3773 http cache @reown/appkit-pay@https://registry.npmjs.org/@reown/appkit-pay/-/appkit-pay-1.7.8.tgz 0ms (cache hit)
3774 http cache @reown/appkit-common@https://registry.npmjs.org/@reown/appkit-common/-/appkit-common-1.7.8.tgz 0ms (cache hit)
3775 http cache @reown/appkit-controllers@https://registry.npmjs.org/@reown/appkit-controllers/-/appkit-controllers-1.7.8.tgz 0ms (cache hit)
3776 http cache @walletconnect/universal-provider@https://registry.npmjs.org/@walletconnect/universal-provider/-/universal-provider-2.21.1.tgz 0ms (cache hit)
3777 http cache @walletconnect/utils@https://registry.npmjs.org/@walletconnect/utils/-/utils-2.21.1.tgz 0ms (cache hit)
3778 http cache @walletconnect/types@https://registry.npmjs.org/@walletconnect/types/-/types-2.21.1.tgz 0ms (cache hit)
3779 http cache @walletconnect/keyvaluestorage@https://registry.npmjs.org/@walletconnect/keyvaluestorage/-/keyvaluestorage-1.1.1.tgz 0ms (cache hit)
3780 http cache @walletconnect/sign-client@https://registry.npmjs.org/@walletconnect/sign-client/-/sign-client-2.21.1.tgz 0ms (cache hit)
3781 http cache mipd@https://registry.npmjs.org/mipd/-/mipd-0.0.7.tgz 0ms (cache hit)
3782 http cache @reown/appkit@https://registry.npmjs.org/@reown/appkit/-/appkit-1.7.8.tgz 0ms (cache hit)
3783 http cache @walletconnect/jsonrpc-utils@https://registry.npmjs.org/@walletconnect/jsonrpc-utils/-/jsonrpc-utils-1.0.8.tgz 0ms (cache hit)
3784 http cache @walletconnect/jsonrpc-http-connection@https://registry.npmjs.org/@walletconnect/jsonrpc-http-connection/-/jsonrpc-http-connection-1.0.8.tgz 0ms (cache hit)
3785 http cache @walletconnect/jsonrpc-provider@https://registry.npmjs.org/@walletconnect/jsonrpc-provider/-/jsonrpc-provider-1.0.14.tgz 0ms (cache hit)
3786 http cache @walletconnect/jsonrpc-types@https://registry.npmjs.org/@walletconnect/jsonrpc-types/-/jsonrpc-types-1.0.4.tgz 0ms (cache hit)
3787 http cache @types/ms@https://registry.npmjs.org/@types/ms/-/ms-2.1.0.tgz 0ms (cache hit)
3788 http cache @solana/subscribable@https://registry.npmjs.org/@solana/subscribable/-/subscribable-5.5.1.tgz 0ms (cache hit)
3789 http cache @solana/rpc-subscriptions-channel-websocket@https://registry.npmjs.org/@solana/rpc-subscriptions-channel-websocket/-/rpc-subscriptions-channel-websocket-5.5.1.tgz 1ms (cache hit)
3790 http cache @solana/rpc-subscriptions-spec@https://registry.npmjs.org/@solana/rpc-subscriptions-spec/-/rpc-subscriptions-spec-5.5.1.tgz 0ms (cache hit)
3791 http cache @solana/rpc-subscriptions-api@https://registry.npmjs.org/@solana/rpc-subscriptions-api/-/rpc-subscriptions-api-5.5.1.tgz 0ms (cache hit)
3792 http cache @solana/rpc-transport-http@https://registry.npmjs.org/@solana/rpc-transport-http/-/rpc-transport-http-5.5.1.tgz 0ms (cache hit)
3793 http cache @solana/rpc-transformers@https://registry.npmjs.org/@solana/rpc-transformers/-/rpc-transformers-5.5.1.tgz 0ms (cache hit)
3794 http cache @solana/fast-stable-stringify@https://registry.npmjs.org/@solana/fast-stable-stringify/-/fast-stable-stringify-5.5.1.tgz 0ms (cache hit)
3795 http cache @solana/promises@https://registry.npmjs.org/@solana/promises/-/promises-5.5.1.tgz 0ms (cache hit)
3796 http cache @solana/options@https://registry.npmjs.org/@solana/options/-/options-5.5.1.tgz 0ms (cache hit)
3797 http cache chalk@https://registry.npmjs.org/chalk/-/chalk-5.6.2.tgz 0ms (cache hit)
3798 http cache @solana/rpc-spec@https://registry.npmjs.org/@solana/rpc-spec/-/rpc-spec-5.5.1.tgz 0ms (cache hit)
3799 http cache @solana/codecs-numbers@https://registry.npmjs.org/@solana/codecs-numbers/-/codecs-numbers-5.5.1.tgz 0ms (cache hit)
3800 http cache @solana/codecs-data-structures@https://registry.npmjs.org/@solana/codecs-data-structures/-/codecs-data-structures-5.5.1.tgz 0ms (cache hit)
3801 http cache @solana/assertions@https://registry.npmjs.org/@solana/assertions/-/assertions-5.5.1.tgz 0ms (cache hit)
3802 http cache @solana/nominal-types@https://registry.npmjs.org/@solana/nominal-types/-/nominal-types-5.5.1.tgz 0ms (cache hit)
3803 http cache @solana/codecs-strings@https://registry.npmjs.org/@solana/codecs-strings/-/codecs-strings-5.5.1.tgz 0ms (cache hit)
3804 http cache @solana/transactions@https://registry.npmjs.org/@solana/transactions/-/transactions-5.5.1.tgz 0ms (cache hit)
3805 http cache @solana/codecs-core@https://registry.npmjs.org/@solana/codecs-core/-/codecs-core-5.5.1.tgz 0ms (cache hit)
3806 http cache @solana/transaction-messages@https://registry.npmjs.org/@solana/transaction-messages/-/transaction-messages-5.5.1.tgz 0ms (cache hit)
3807 http cache @solana/signers@https://registry.npmjs.org/@solana/signers/-/signers-5.5.1.tgz 0ms (cache hit)
3808 http cache @solana/transaction-confirmation@https://registry.npmjs.org/@solana/transaction-confirmation/-/transaction-confirmation-5.5.1.tgz 0ms (cache hit)
3809 http cache @solana/rpc-types@https://registry.npmjs.org/@solana/rpc-types/-/rpc-types-5.5.1.tgz 0ms (cache hit)
3810 http cache @solana/rpc-parsed-types@https://registry.npmjs.org/@solana/rpc-parsed-types/-/rpc-parsed-types-5.5.1.tgz 0ms (cache hit)
3811 http cache @solana/sysvars@https://registry.npmjs.org/@solana/sysvars/-/sysvars-5.5.1.tgz 0ms (cache hit)
3812 http cache @solana/rpc-api@https://registry.npmjs.org/@solana/rpc-api/-/rpc-api-5.5.1.tgz 0ms (cache hit)
3813 http cache @solana/rpc-subscriptions@https://registry.npmjs.org/@solana/rpc-subscriptions/-/rpc-subscriptions-5.5.1.tgz 0ms (cache hit)
3814 http cache @solana/rpc-spec-types@https://registry.npmjs.org/@solana/rpc-spec-types/-/rpc-spec-types-5.5.1.tgz 0ms (cache hit)
3815 http cache @solana/rpc@https://registry.npmjs.org/@solana/rpc/-/rpc-5.5.1.tgz 0ms (cache hit)
3816 http cache @solana/offchain-messages@https://registry.npmjs.org/@solana/offchain-messages/-/offchain-messages-5.5.1.tgz 0ms (cache hit)
3817 http cache @solana/plugin-core@https://registry.npmjs.org/@solana/plugin-core/-/plugin-core-5.5.1.tgz 0ms (cache hit)
3818 http cache @solana/keys@https://registry.npmjs.org/@solana/keys/-/keys-5.5.1.tgz 0ms (cache hit)
3819 http cache @solana/programs@https://registry.npmjs.org/@solana/programs/-/programs-5.5.1.tgz 0ms (cache hit)
3820 http cache @solana/instruction-plans@https://registry.npmjs.org/@solana/instruction-plans/-/instruction-plans-5.5.1.tgz 0ms (cache hit)
3821 http cache @solana/errors@https://registry.npmjs.org/@solana/errors/-/errors-5.5.1.tgz 0ms (cache hit)
3822 http cache @solana/instructions@https://registry.npmjs.org/@solana/instructions/-/instructions-5.5.1.tgz 0ms (cache hit)
3823 http cache @solana/codecs@https://registry.npmjs.org/@solana/codecs/-/codecs-5.5.1.tgz 0ms (cache hit)
3824 http cache @solana/addresses@https://registry.npmjs.org/@solana/addresses/-/addresses-5.5.1.tgz 0ms (cache hit)
3825 http cache @solana/functional@https://registry.npmjs.org/@solana/functional/-/functional-5.5.1.tgz 0ms (cache hit)
3826 http cache @solana/accounts@https://registry.npmjs.org/@solana/accounts/-/accounts-5.5.1.tgz 0ms (cache hit)
3827 http cache micro-ftch@https://registry.npmjs.org/micro-ftch/-/micro-ftch-0.3.1.tgz 0ms (cache hit)
3828 http cache ethereum-cryptography@https://registry.npmjs.org/ethereum-cryptography/-/ethereum-cryptography-2.2.1.tgz 0ms (cache hit)
3829 http cache @safe-global/safe-gateway-typescript-sdk@https://registry.npmjs.org/@safe-global/safe-gateway-typescript-sdk/-/safe-gateway-typescript-sdk-3.23.1.tgz 0ms (cache hit)
3830 http cache events@https://registry.npmjs.org/events/-/events-3.3.0.tgz 0ms (cache hit)
3831 http cache @ethereumjs/util@https://registry.npmjs.org/@ethereumjs/util/-/util-8.1.0.tgz 0ms (cache hit)
3832 http cache @ethereumjs/rlp@https://registry.npmjs.org/@ethereumjs/rlp/-/rlp-4.0.1.tgz 0ms (cache hit)
3833 http cache @ethereumjs/common@https://registry.npmjs.org/@ethereumjs/common/-/common-3.2.0.tgz 0ms (cache hit)
3834 http cache crc-32@https://registry.npmjs.org/crc-32/-/crc-32-1.2.2.tgz 0ms (cache hit)
3835 http cache pony-cause@https://registry.npmjs.org/pony-cause/-/pony-cause-2.1.11.tgz 0ms (cache hit)
3836 http cache @types/debug@https://registry.npmjs.org/@types/debug/-/debug-4.1.13.tgz 0ms (cache hit)
3837 http cache @types/lodash@https://registry.npmjs.org/@types/lodash/-/lodash-4.17.25.tgz 0ms (cache hit)
3838 http cache @metamask/superstruct@https://registry.npmjs.org/@metamask/superstruct/-/superstruct-3.4.1.tgz 0ms (cache hit)
3839 http cache @ethereumjs/tx@https://registry.npmjs.org/@ethereumjs/tx/-/tx-4.2.0.tgz 0ms (cache hit)
3840 http cache utf-8-validate@https://registry.npmjs.org/utf-8-validate/-/utf-8-validate-5.0.10.tgz 0ms (cache hit)
3841 http cache date-fns@https://registry.npmjs.org/date-fns/-/date-fns-2.30.0.tgz 0ms (cache hit)
3842 http cache openapi-fetch@https://registry.npmjs.org/openapi-fetch/-/openapi-fetch-0.13.8.tgz 0ms (cache hit)
3843 http cache bufferutil@https://registry.npmjs.org/bufferutil/-/bufferutil-4.1.0.tgz 0ms (cache hit)
3844 http cache webextension-polyfill@https://registry.npmjs.org/webextension-polyfill/-/webextension-polyfill-0.10.0.tgz 0ms (cache hit)
3845 http cache once@https://registry.npmjs.org/once/-/once-1.4.0.tgz 0ms (cache hit)
3846 http cache fast-deep-equal@https://registry.npmjs.org/fast-deep-equal/-/fast-deep-equal-3.1.3.tgz 0ms (cache hit)
3847 http cache extension-port-stream@https://registry.npmjs.org/extension-port-stream/-/extension-port-stream-3.0.0.tgz 0ms (cache hit)
3848 http cache detect-browser@https://registry.npmjs.org/detect-browser/-/detect-browser-5.3.0.tgz 0ms (cache hit)
3849 http cache is-stream@https://registry.npmjs.org/is-stream/-/is-stream-2.0.1.tgz 0ms (cache hit)
3850 http cache @metamask/object-multiplex@https://registry.npmjs.org/@metamask/object-multiplex/-/object-multiplex-2.1.0.tgz 0ms (cache hit)
3851 http cache @metamask/json-rpc-middleware-stream@https://registry.npmjs.org/@metamask/json-rpc-middleware-stream/-/json-rpc-middleware-stream-7.0.2.tgz 0ms (cache hit)
3852 http cache util@https://registry.npmjs.org/util/-/util-0.12.5.tgz 0ms (cache hit)
3853 http cache @metamask/json-rpc-engine@https://registry.npmjs.org/@metamask/json-rpc-engine/-/json-rpc-engine-8.0.2.tgz 0ms (cache hit)
3854 http cache @metamask/safe-event-emitter@https://registry.npmjs.org/@metamask/safe-event-emitter/-/safe-event-emitter-3.1.3.tgz 0ms (cache hit)
3855 http cache uuid@https://registry.npmjs.org/uuid/-/uuid-8.3.2.tgz 0ms (cache hit)
3856 http cache pump@https://registry.npmjs.org/pump/-/pump-3.0.4.tgz 0ms (cache hit)
3857 http cache @metamask/sdk-install-modal-web@https://registry.npmjs.org/@metamask/sdk-install-modal-web/-/sdk-install-modal-web-0.32.1.tgz 0ms (cache hit)
3858 http cache eth-rpc-errors@https://registry.npmjs.org/eth-rpc-errors/-/eth-rpc-errors-4.0.3.tgz 0ms (cache hit)
3859 http cache debug@https://registry.npmjs.org/debug/-/debug-4.3.4.tgz 0ms (cache hit)
3860 http cache @paulmillr/qr@https://registry.npmjs.org/@paulmillr/qr/-/qr-0.2.1.tgz 0ms (cache hit)
3861 http cache bowser@https://registry.npmjs.org/bowser/-/bowser-2.14.1.tgz 0ms (cache hit)
3862 http cache socket.io-client@https://registry.npmjs.org/socket.io-client/-/socket.io-client-4.8.3.tgz 0ms (cache hit)
3863 http cache obj-multiplex@https://registry.npmjs.org/obj-multiplex/-/obj-multiplex-1.0.0.tgz 0ms (cache hit)
3864 http cache readable-stream@https://registry.npmjs.org/readable-stream/-/readable-stream-3.6.2.tgz 0ms (cache hit)
3865 http cache @metamask/sdk-analytics@https://registry.npmjs.org/@metamask/sdk-analytics/-/sdk-analytics-0.0.5.tgz 0ms (cache hit)
3866 http cache eciesjs@https://registry.npmjs.org/eciesjs/-/eciesjs-0.4.18.tgz 0ms (cache hit)
3867 http cache eventemitter2@https://registry.npmjs.org/eventemitter2/-/eventemitter2-6.4.9.tgz 0ms (cache hit)
3868 http cache cross-fetch@https://registry.npmjs.org/cross-fetch/-/cross-fetch-4.1.0.tgz 0ms (cache hit)
3869 http cache @metamask/sdk-communication-layer@https://registry.npmjs.org/@metamask/sdk-communication-layer/-/sdk-communication-layer-0.33.1.tgz 0ms (cache hit)
3870 http cache fast-safe-stringify@https://registry.npmjs.org/fast-safe-stringify/-/fast-safe-stringify-2.1.1.tgz 0ms (cache hit)
3871 http cache zod@https://registry.npmjs.org/zod/-/zod-3.25.76.tgz 0ms (cache hit)
3872 http cache @metamask/onboarding@https://registry.npmjs.org/@metamask/onboarding/-/onboarding-1.0.1.tgz 0ms (cache hit)
3873 http cache @metamask/providers@https://registry.npmjs.org/@metamask/providers/-/providers-16.1.0.tgz 0ms (cache hit)
3874 http cache uncrypto@https://registry.npmjs.org/uncrypto/-/uncrypto-0.1.3.tgz 0ms (cache hit)
3875 http cache @metamask/utils@https://registry.npmjs.org/@metamask/utils/-/utils-11.11.0.tgz 0ms (cache hit)
3876 http cache @metamask/rpc-errors@https://registry.npmjs.org/@metamask/rpc-errors/-/rpc-errors-7.0.2.tgz 0ms (cache hit)
3877 http cache md5@https://registry.npmjs.org/md5/-/md5-2.3.0.tgz 0ms (cache hit)
3878 http cache jose@https://registry.npmjs.org/jose/-/jose-6.2.10.tgz 0ms (cache hit)
3879 http cache bs58@https://registry.npmjs.org/bs58/-/bs58-6.0.0.tgz 0ms (cache hit)
3880 http cache axios@https://registry.npmjs.org/axios/-/axios-1.16.0.tgz 0ms (cache hit)
3881 http cache @solana/kit@https://registry.npmjs.org/@solana/kit/-/kit-5.5.1.tgz 0ms (cache hit)
3882 http cache zustand@https://registry.npmjs.org/zustand/-/zustand-5.0.3.tgz 0ms (cache hit)
3883 http cache axios-retry@https://registry.npmjs.org/axios-retry/-/axios-retry-4.5.0.tgz 0ms (cache hit)
3884 http cache @solana-program/system@https://registry.npmjs.org/@solana-program/system/-/system-0.10.0.tgz 0ms (cache hit)
3885 http cache preact@https://registry.npmjs.org/preact/-/preact-10.24.2.tgz 0ms (cache hit)
3886 http cache @solana-program/token@https://registry.npmjs.org/@solana-program/token/-/token-0.9.0.tgz 0ms (cache hit)
3887 http cache @walletconnect/ethereum-provider@https://registry.npmjs.org/@walletconnect/ethereum-provider/-/ethereum-provider-2.21.1.tgz 0ms (cache hit)
3888 http cache @safe-global/safe-apps-sdk@https://registry.npmjs.org/@safe-global/safe-apps-sdk/-/safe-apps-sdk-9.1.0.tgz 0ms (cache hit)
3889 http cache @coinbase/cdp-sdk@https://registry.npmjs.org/@coinbase/cdp-sdk/-/cdp-sdk-1.55.0.tgz 0ms (cache hit)
3890 http cache idb-keyval@https://registry.npmjs.org/idb-keyval/-/idb-keyval-6.2.1.tgz 0ms (cache hit)
3891 http cache cbw-sdk@https://registry.npmjs.org/@coinbase/wallet-sdk/-/wallet-sdk-3.9.3.tgz 0ms (cache hit)
3892 http cache @safe-global/safe-apps-provider@https://registry.npmjs.org/@safe-global/safe-apps-provider/-/safe-apps-provider-0.18.6.tgz 0ms (cache hit)
3893 http cache @metamask/sdk@https://registry.npmjs.org/@metamask/sdk/-/sdk-0.33.1.tgz 0ms (cache hit)
3894 http cache porto@https://registry.npmjs.org/porto/-/porto-0.2.35.tgz 0ms (cache hit)
3895 http cache @coinbase/wallet-sdk@https://registry.npmjs.org/@coinbase/wallet-sdk/-/wallet-sdk-4.3.6.tgz 0ms (cache hit)
3896 http cache use-sync-external-store@https://registry.npmjs.org/use-sync-external-store/-/use-sync-external-store-1.4.0.tgz 0ms (cache hit)
3897 http cache @base-org/account@https://registry.npmjs.org/@base-org/account/-/account-2.4.0.tgz 0ms (cache hit)
3898 http cache @wagmi/connectors@https://registry.npmjs.org/@wagmi/connectors/-/connectors-6.2.0.tgz 0ms (cache hit)
3899 http cache @wagmi/core@https://registry.npmjs.org/@wagmi/core/-/core-2.22.1.tgz 0ms (cache hit)
3900 http cache @noble/ciphers@https://registry.npmjs.org/@noble/ciphers/-/ciphers-1.3.0.tgz 0ms (cache hit)
3901 http cache ox@https://registry.npmjs.org/ox/-/ox-0.14.34.tgz 0ms (cache hit)
3902 http cache @scure/base@https://registry.npmjs.org/@scure/base/-/base-1.2.6.tgz 0ms (cache hit)
3903 http cache @gemini-wallet/core@https://registry.npmjs.org/@gemini-wallet/core/-/core-0.3.2.tgz 0ms (cache hit)
3904 http cache @scure/bip32@https://registry.npmjs.org/@scure/bip32/-/bip32-1.7.0.tgz 0ms (cache hit)
3905 http cache @adraffy/ens-normalize@https://registry.npmjs.org/@adraffy/ens-normalize/-/ens-normalize-1.11.1.tgz 0ms (cache hit)
3906 http cache @noble/hashes@https://registry.npmjs.org/@noble/hashes/-/hashes-1.8.0.tgz 0ms (cache hit)
3907 http cache @scure/bip39@https://registry.npmjs.org/@scure/bip39/-/bip39-1.6.0.tgz 0ms (cache hit)
3908 http cache isows@https://registry.npmjs.org/isows/-/isows-1.0.7.tgz 0ms (cache hit)
3909 http cache ws@https://registry.npmjs.org/ws/-/ws-8.21.0.tgz 0ms (cache hit)
3910 http cache @noble/curves@https://registry.npmjs.org/@noble/curves/-/curves-1.9.1.tgz 0ms (cache hit)
3911 http cache d3-path@https://registry.npmjs.org/d3-path/-/d3-path-3.1.0.tgz 0ms (cache hit)
3912 http cache abitype@https://registry.npmjs.org/abitype/-/abitype-1.2.3.tgz 0ms (cache hit)
3913 http cache internmap@https://registry.npmjs.org/internmap/-/internmap-2.0.3.tgz 0ms (cache hit)
3914 http cache d3-time-format@https://registry.npmjs.org/d3-time-format/-/d3-time-format-4.1.0.tgz 0ms (cache hit)
3915 http cache d3-color@https://registry.npmjs.org/d3-color/-/d3-color-3.1.0.tgz 0ms (cache hit)
3916 http cache @types/d3-path@https://registry.npmjs.org/@types/d3-path/-/d3-path-3.1.1.tgz 0ms (cache hit)
3917 http cache d3-timer@https://registry.npmjs.org/d3-timer/-/d3-timer-3.0.1.tgz 0ms (cache hit)
3918 http cache @types/d3-color@https://registry.npmjs.org/@types/d3-color/-/d3-color-3.1.3.tgz 0ms (cache hit)
3919 http cache d3-time@https://registry.npmjs.org/d3-time/-/d3-time-3.1.0.tgz 0ms (cache hit)
3920 http cache d3-shape@https://registry.npmjs.org/d3-shape/-/d3-shape-3.2.0.tgz 0ms (cache hit)
3921 http cache d3-format@https://registry.npmjs.org/d3-format/-/d3-format-3.1.2.tgz 0ms (cache hit)
3922 http cache d3-scale@https://registry.npmjs.org/d3-scale/-/d3-scale-4.0.2.tgz 0ms (cache hit)
3923 http cache d3-interpolate@https://registry.npmjs.org/d3-interpolate/-/d3-interpolate-3.0.1.tgz 0ms (cache hit)
3924 http cache d3-ease@https://registry.npmjs.org/d3-ease/-/d3-ease-3.0.1.tgz 0ms (cache hit)
3925 http cache d3-array@https://registry.npmjs.org/d3-array/-/d3-array-3.2.4.tgz 0ms (cache hit)
3926 http cache @types/d3-time@https://registry.npmjs.org/@types/d3-time/-/d3-time-3.0.4.tgz 0ms (cache hit)
3927 http cache @types/d3-timer@https://registry.npmjs.org/@types/d3-timer/-/d3-timer-3.0.2.tgz 0ms (cache hit)
3928 http cache @types/d3-shape@https://registry.npmjs.org/@types/d3-shape/-/d3-shape-3.2.0.tgz 0ms (cache hit)
3929 http cache @types/d3-scale@https://registry.npmjs.org/@types/d3-scale/-/d3-scale-4.0.9.tgz 0ms (cache hit)
3930 http cache detect-node-es@https://registry.npmjs.org/detect-node-es/-/detect-node-es-1.1.0.tgz 0ms (cache hit)
3931 http cache @types/d3-interpolate@https://registry.npmjs.org/@types/d3-interpolate/-/d3-interpolate-3.0.4.tgz 0ms (cache hit)
3932 http cache @types/d3-ease@https://registry.npmjs.org/@types/d3-ease/-/d3-ease-3.0.2.tgz 0ms (cache hit)
3933 http cache @types/d3-array@https://registry.npmjs.org/@types/d3-array/-/d3-array-3.2.2.tgz 0ms (cache hit)
3934 http cache escalade@https://registry.npmjs.org/escalade/-/escalade-3.2.0.tgz 0ms (cache hit)
3935 http cache ua-is-frozen@https://registry.npmjs.org/ua-is-frozen/-/ua-is-frozen-0.1.2.tgz 0ms (cache hit)
3936 http cache is-number@https://registry.npmjs.org/is-number/-/is-number-7.0.0.tgz 0ms (cache hit)
3937 http cache detect-europe-js@https://registry.npmjs.org/detect-europe-js/-/detect-europe-js-0.1.2.tgz 0ms (cache hit)
3938 http cache thenify-all@https://registry.npmjs.org/thenify-all/-/thenify-all-1.6.0.tgz 0ms (cache hit)
3939 http cache thenify@https://registry.npmjs.org/thenify/-/thenify-3.3.1.tgz 0ms (cache hit)
3940 http cache @jridgewell/resolve-uri@https://registry.npmjs.org/@jridgewell/resolve-uri/-/resolve-uri-3.1.2.tgz 0ms (cache hit)
3941 http cache any-promise@https://registry.npmjs.org/any-promise/-/any-promise-1.3.0.tgz 0ms (cache hit)
3942 http cache is-standalone-pwa@https://registry.npmjs.org/is-standalone-pwa/-/is-standalone-pwa-0.1.1.tgz 0ms (cache hit)
3943 http cache @jridgewell/trace-mapping@https://registry.npmjs.org/@jridgewell/trace-mapping/-/trace-mapping-0.3.31.tgz 0ms (cache hit)
3944 http cache ts-interface-checker@https://registry.npmjs.org/ts-interface-checker/-/ts-interface-checker-0.1.13.tgz 0ms (cache hit)
3945 http cache tinyglobby@https://registry.npmjs.org/tinyglobby/-/tinyglobby-0.2.17.tgz 0ms (cache hit)
3946 http cache lines-and-columns@https://registry.npmjs.org/lines-and-columns/-/lines-and-columns-1.2.4.tgz 0ms (cache hit)
3947 http cache pirates@https://registry.npmjs.org/pirates/-/pirates-4.0.7.tgz 0ms (cache hit)
3948 http cache @jridgewell/sourcemap-codec@https://registry.npmjs.org/@jridgewell/sourcemap-codec/-/sourcemap-codec-1.6.0.tgz 0ms (cache hit)
3949 http cache mz@https://registry.npmjs.org/mz/-/mz-2.7.0.tgz 0ms (cache hit)
3950 http cache @jridgewell/gen-mapping@https://registry.npmjs.org/@jridgewell/gen-mapping/-/gen-mapping-0.3.13.tgz 0ms (cache hit)
3951 http cache commander@https://registry.npmjs.org/commander/-/commander-4.1.1.tgz 0ms (cache hit)
3952 http cache hasown@https://registry.npmjs.org/hasown/-/hasown-2.0.4.tgz 0ms (cache hit)
3953 http cache function-bind@https://registry.npmjs.org/function-bind/-/function-bind-1.1.2.tgz 0ms (cache hit)
3954 http cache queue-microtask@https://registry.npmjs.org/queue-microtask/-/queue-microtask-1.2.3.tgz 0ms (cache hit)
3955 http cache supports-preserve-symlinks-flag@https://registry.npmjs.org/supports-preserve-symlinks-flag/-/supports-preserve-symlinks-flag-1.0.0.tgz 0ms (cache hit)
3956 http cache path-parse@https://registry.npmjs.org/path-parse/-/path-parse-1.0.7.tgz 0ms (cache hit)
3957 http cache is-core-module@https://registry.npmjs.org/is-core-module/-/is-core-module-2.16.2.tgz 0ms (cache hit)
3958 http cache es-errors@https://registry.npmjs.org/es-errors/-/es-errors-1.3.0.tgz 0ms (cache hit)
3959 http cache util-deprecate@https://registry.npmjs.org/util-deprecate/-/util-deprecate-1.0.2.tgz 0ms (cache hit)
3960 http cache cssesc@https://registry.npmjs.org/cssesc/-/cssesc-3.0.0.tgz 0ms (cache hit)
3961 http cache camelcase-css@https://registry.npmjs.org/camelcase-css/-/camelcase-css-2.0.1.tgz 0ms (cache hit)
3962 http cache binary-extensions@https://registry.npmjs.org/binary-extensions/-/binary-extensions-2.3.0.tgz 0ms (cache hit)
3963 http cache read-cache@https://registry.npmjs.org/read-cache/-/read-cache-1.0.2.tgz 0ms (cache hit)
3964 http cache is-extglob@https://registry.npmjs.org/is-extglob/-/is-extglob-2.1.1.tgz 0ms (cache hit)
3965 http cache to-regex-range@https://registry.npmjs.org/to-regex-range/-/to-regex-range-5.0.1.tgz 0ms (cache hit)
3966 http cache reusify@https://registry.npmjs.org/reusify/-/reusify-1.1.0.tgz 0ms (cache hit)
3967 http cache run-parallel@https://registry.npmjs.org/run-parallel/-/run-parallel-1.2.0.tgz 0ms (cache hit)
3968 http cache @nodelib/fs.scandir@https://registry.npmjs.org/@nodelib/fs.scandir/-/fs.scandir-2.1.5.tgz 0ms (cache hit)
3969 http cache @nodelib/fs.walk@https://registry.npmjs.org/@nodelib/fs.walk/-/fs.walk-1.2.8.tgz 0ms (cache hit)
3970 http cache fastq@https://registry.npmjs.org/fastq/-/fastq-1.20.3.tgz 0ms (cache hit)
3971 http cache is-binary-path@https://registry.npmjs.org/is-binary-path/-/is-binary-path-2.1.0.tgz 0ms (cache hit)
3972 http cache fill-range@https://registry.npmjs.org/fill-range/-/fill-range-7.1.1.tgz 0ms (cache hit)
3973 http cache @nodelib/fs.stat@https://registry.npmjs.org/@nodelib/fs.stat/-/fs.stat-2.0.5.tgz 0ms (cache hit)
3974 http cache picomatch@https://registry.npmjs.org/picomatch/-/picomatch-2.3.2.tgz 0ms (cache hit)
3975 http cache readdirp@https://registry.npmjs.org/readdirp/-/readdirp-3.6.0.tgz 0ms (cache hit)
3976 http cache merge2@https://registry.npmjs.org/merge2/-/merge2-1.4.1.tgz 0ms (cache hit)
3977 http cache braces@https://registry.npmjs.org/braces/-/braces-3.0.3.tgz 0ms (cache hit)
3978 http cache resolve@https://registry.npmjs.org/resolve/-/resolve-1.22.12.tgz 0ms (cache hit)
3979 http cache anymatch@https://registry.npmjs.org/anymatch/-/anymatch-3.1.3.tgz 0ms (cache hit)
3980 http cache postcss-js@https://registry.npmjs.org/postcss-js/-/postcss-js-4.1.0.tgz 0ms (cache hit)
3981 http cache sucrase@https://registry.npmjs.org/sucrase/-/sucrase-3.35.1.tgz 0ms (cache hit)
3982 http cache postcss-selector-parser@https://registry.npmjs.org/postcss-selector-parser/-/postcss-selector-parser-6.1.4.tgz 0ms (cache hit)
3983 http cache postcss-load-config@https://registry.npmjs.org/postcss-load-config/-/postcss-load-config-6.0.1.tgz 0ms (cache hit)
3984 http cache postcss-nested@https://registry.npmjs.org/postcss-nested/-/postcss-nested-6.2.0.tgz 0ms (cache hit)
3985 http cache postcss-import@https://registry.npmjs.org/postcss-import/-/postcss-import-15.1.0.tgz 0ms (cache hit)
3986 http cache micromatch@https://registry.npmjs.org/micromatch/-/micromatch-4.0.8.tgz 0ms (cache hit)
3987 http cache normalize-path@https://registry.npmjs.org/normalize-path/-/normalize-path-3.0.0.tgz 0ms (cache hit)
3988 http cache object-hash@https://registry.npmjs.org/object-hash/-/object-hash-3.0.0.tgz 0ms (cache hit)
3989 http cache lilconfig@https://registry.npmjs.org/lilconfig/-/lilconfig-3.1.3.tgz 0ms (cache hit)
3990 http cache is-glob@https://registry.npmjs.org/is-glob/-/is-glob-4.0.3.tgz 0ms (cache hit)
3991 http cache jiti@https://registry.npmjs.org/jiti/-/jiti-1.21.7.tgz 0ms (cache hit)
3992 http cache glob-parent@https://registry.npmjs.org/glob-parent/-/glob-parent-6.0.2.tgz 0ms (cache hit)
3993 http cache fast-glob@https://registry.npmjs.org/fast-glob/-/fast-glob-3.3.3.tgz 1ms (cache hit)
3994 http cache @alloc/quick-lru@https://registry.npmjs.org/@alloc/quick-lru/-/quick-lru-5.2.0.tgz 0ms (cache hit)
3995 http cache didyoumean@https://registry.npmjs.org/didyoumean/-/didyoumean-1.2.2.tgz 0ms (cache hit)
3996 http cache dlv@https://registry.npmjs.org/dlv/-/dlv-1.1.3.tgz 0ms (cache hit)
3997 http cache chokidar@https://registry.npmjs.org/chokidar/-/chokidar-3.6.0.tgz 0ms (cache hit)
3998 http cache arg@https://registry.npmjs.org/arg/-/arg-5.0.2.tgz 0ms (cache hit)
3999 http cache @img/colour@https://registry.npmjs.org/@img/colour/-/colour-1.1.0.tgz 0ms (cache hit)
4000 http cache detect-libc@https://registry.npmjs.org/detect-libc/-/detect-libc-2.1.2.tgz 0ms (cache hit)
4001 http cache @img/sharp-win32-x64@https://registry.npmjs.org/@img/sharp-win32-x64/-/sharp-win32-x64-0.35.4.tgz 0ms (cache hit)
4002 http cache client-only@https://registry.npmjs.org/client-only/-/client-only-0.0.1.tgz 0ms (cache hit)
4003 http cache semver@https://registry.npmjs.org/semver/-/semver-7.8.5.tgz 0ms (cache hit)
4004 http cache js-tokens@https://registry.npmjs.org/js-tokens/-/js-tokens-4.0.0.tgz 0ms (cache hit)
4005 http cache decimal.js-light@https://registry.npmjs.org/decimal.js-light/-/decimal.js-light-2.5.1.tgz 0ms (cache hit)
4006 http cache dom-helpers@https://registry.npmjs.org/dom-helpers/-/dom-helpers-5.2.1.tgz 0ms (cache hit)
4007 http cache loose-envify@https://registry.npmjs.org/loose-envify/-/loose-envify-1.4.0.tgz 0ms (cache hit)
4008 http cache object-assign@https://registry.npmjs.org/object-assign/-/object-assign-4.1.1.tgz 0ms (cache hit)
4009 http cache fast-equals@https://registry.npmjs.org/fast-equals/-/fast-equals-5.4.1.tgz 0ms (cache hit)
4010 http cache prop-types@https://registry.npmjs.org/prop-types/-/prop-types-15.8.1.tgz 0ms (cache hit)
4011 http cache victory-vendor@https://registry.npmjs.org/victory-vendor/-/victory-vendor-36.9.2.tgz 0ms (cache hit)
4012 http cache react-transition-group@https://registry.npmjs.org/react-transition-group/-/react-transition-group-4.4.5.tgz 0ms (cache hit)
4013 http cache tiny-invariant@https://registry.npmjs.org/tiny-invariant/-/tiny-invariant-1.3.3.tgz 0ms (cache hit)
4014 http cache recharts-scale@https://registry.npmjs.org/recharts-scale/-/recharts-scale-0.4.5.tgz 0ms (cache hit)
4015 http cache react-smooth@https://registry.npmjs.org/react-smooth/-/react-smooth-4.0.4.tgz 0ms (cache hit)
4016 http cache react-is@https://registry.npmjs.org/react-is/-/react-is-18.3.1.tgz 0ms (cache hit)
4017 http cache eventemitter3@https://registry.npmjs.org/eventemitter3/-/eventemitter3-4.0.7.tgz 0ms (cache hit)
4018 http cache lodash@https://registry.npmjs.org/lodash/-/lodash-4.18.1.tgz 0ms (cache hit)
4019 http cache react-style-singleton@https://registry.npmjs.org/react-style-singleton/-/react-style-singleton-2.2.3.tgz 0ms (cache hit)
4020 http cache use-sidecar@https://registry.npmjs.org/use-sidecar/-/use-sidecar-1.1.3.tgz 0ms (cache hit)
4021 http cache get-nonce@https://registry.npmjs.org/get-nonce/-/get-nonce-1.0.1.tgz 0ms (cache hit)
4022 http cache use-callback-ref@https://registry.npmjs.org/use-callback-ref/-/use-callback-ref-1.3.3.tgz 0ms (cache hit)
4023 http cache react-remove-scroll-bar@https://registry.npmjs.org/react-remove-scroll-bar/-/react-remove-scroll-bar-2.3.8.tgz 0ms (cache hit)
4024 http cache scheduler@https://registry.npmjs.org/scheduler/-/scheduler-0.27.0.tgz 0ms (cache hit)
4025 http cache source-map-js@https://registry.npmjs.org/source-map-js/-/source-map-js-1.2.1.tgz 0ms (cache hit)
4026 http cache nanoid@https://registry.npmjs.org/nanoid/-/nanoid-3.3.18.tgz 0ms (cache hit)
4027 http cache @swc/helpers@https://registry.npmjs.org/@swc/helpers/-/helpers-0.5.15.tgz 0ms (cache hit)
4028 http cache tslib@https://registry.npmjs.org/tslib/-/tslib-2.8.1.tgz 0ms (cache hit)
4029 http cache sharp@https://registry.npmjs.org/sharp/-/sharp-0.35.4.tgz 0ms (cache hit)
4030 http cache styled-jsx@https://registry.npmjs.org/styled-jsx/-/styled-jsx-5.1.6.tgz 0ms (cache hit)
4031 http cache @next/swc-win32-x64-msvc@https://registry.npmjs.org/@next/swc-win32-x64-msvc/-/swc-win32-x64-msvc-15.5.24.tgz 0ms (cache hit)
4032 http cache @babel/runtime@https://registry.npmjs.org/@babel/runtime/-/runtime-7.29.7.tgz 0ms (cache hit)
4033 http cache electron-to-chromium@https://registry.npmjs.org/electron-to-chromium/-/electron-to-chromium-1.5.417.tgz 0ms (cache hit)
4034 http cache @next/env@https://registry.npmjs.org/@next/env/-/env-15.5.24.tgz 0ms (cache hit)
4035 http cache update-browserslist-db@https://registry.npmjs.org/update-browserslist-db/-/update-browserslist-db-1.3.2.tgz 0ms (cache hit)
4036 http cache qr@https://registry.npmjs.org/qr/-/qr-0.7.0.tgz 0ms (cache hit)
4037 http cache node-releases@https://registry.npmjs.org/node-releases/-/node-releases-2.0.54.tgz 0ms (cache hit)
4038 http cache baseline-browser-mapping@https://registry.npmjs.org/baseline-browser-mapping/-/baseline-browser-mapping-2.11.20.tgz 0ms (cache hit)
4039 http cache postcss-value-parser@https://registry.npmjs.org/postcss-value-parser/-/postcss-value-parser-4.2.0.tgz 0ms (cache hit)
4040 http cache fraction.js@https://registry.npmjs.org/fraction.js/-/fraction.js-5.3.4.tgz 0ms (cache hit)
4041 http cache picocolors@https://registry.npmjs.org/picocolors/-/picocolors-1.1.1.tgz 0ms (cache hit)
4042 http cache caniuse-lite@https://registry.npmjs.org/caniuse-lite/-/caniuse-lite-1.0.30001810.tgz 0ms (cache hit)
4043 http cache browserslist@https://registry.npmjs.org/browserslist/-/browserslist-4.28.8.tgz 0ms (cache hit)
4044 http cache lru-cache@https://registry.npmjs.org/lru-cache/-/lru-cache-10.4.3.tgz 0ms (cache hit)
4045 http cache media-query-parser@https://registry.npmjs.org/media-query-parser/-/media-query-parser-2.0.2.tgz 0ms (cache hit)
4046 http cache deep-object-diff@https://registry.npmjs.org/deep-object-diff/-/deep-object-diff-1.1.9.tgz 0ms (cache hit)
4047 http cache deepmerge@https://registry.npmjs.org/deepmerge/-/deepmerge-4.3.1.tgz 0ms (cache hit)
4048 http cache modern-ahocorasick@https://registry.npmjs.org/modern-ahocorasick/-/modern-ahocorasick-1.1.0.tgz 0ms (cache hit)
4049 http cache @vanilla-extract/private@https://registry.npmjs.org/@vanilla-extract/private/-/private-1.0.9.tgz 0ms (cache hit)
4050 http cache dedent@https://registry.npmjs.org/dedent/-/dedent-1.7.2.tgz 0ms (cache hit)
4051 http cache @emotion/hash@https://registry.npmjs.org/@emotion/hash/-/hash-0.9.2.tgz 0ms (cache hit)
4052 http cache undici-types@https://registry.npmjs.org/undici-types/-/undici-types-6.21.0.tgz 0ms (cache hit)
4053 http cache @tanstack/query-core@https://registry.npmjs.org/@tanstack/query-core/-/query-core-5.102.8.tgz 0ms (cache hit)
4054 http cache csstype@https://registry.npmjs.org/csstype/-/csstype-3.2.3.tgz 0ms (cache hit)
4055 http cache css-what@https://registry.npmjs.org/css-what/-/css-what-6.2.2.tgz 0ms (cache hit)
4056 http cache @vanilla-extract/sprinkles@https://registry.npmjs.org/@vanilla-extract/sprinkles/-/sprinkles-1.6.5.tgz 0ms (cache hit)
4057 http cache ua-parser-js@https://registry.npmjs.org/ua-parser-js/-/ua-parser-js-2.0.10.tgz 0ms (cache hit)
4058 http cache cuer@https://registry.npmjs.org/cuer/-/cuer-0.0.3.tgz 0ms (cache hit)
4059 http cache clsx@https://registry.npmjs.org/clsx/-/clsx-2.1.1.tgz 0ms (cache hit)
4060 http cache react-remove-scroll@https://registry.npmjs.org/react-remove-scroll/-/react-remove-scroll-2.7.2.tgz 0ms (cache hit)
4061 http cache @vanilla-extract/dynamic@https://registry.npmjs.org/@vanilla-extract/dynamic/-/dynamic-2.1.5.tgz 0ms (cache hit)
4062 http cache typescript@https://registry.npmjs.org/typescript/-/typescript-5.9.3.tgz 0ms (cache hit)
4063 http cache tailwindcss@https://registry.npmjs.org/tailwindcss/-/tailwindcss-3.4.19.tgz 0ms (cache hit)
4064 http cache recharts@https://registry.npmjs.org/recharts/-/recharts-2.15.4.tgz 0ms (cache hit)
4065 http cache lucide-react@https://registry.npmjs.org/lucide-react/-/lucide-react-0.468.0.tgz 0ms (cache hit)
4066 http cache next@https://registry.npmjs.org/next/-/next-15.5.24.tgz 0ms (cache hit)
4067 http cache postcss@https://registry.npmjs.org/postcss/-/postcss-8.5.26.tgz 0ms (cache hit)
4068 http cache autoprefixer@https://registry.npmjs.org/autoprefixer/-/autoprefixer-10.5.4.tgz 0ms (cache hit)
4069 http cache @vanilla-extract/css@https://registry.npmjs.org/@vanilla-extract/css/-/css-1.20.1.tgz 0ms (cache hit)
4070 http cache @types/react-dom@https://registry.npmjs.org/@types/react-dom/-/react-dom-19.2.5.tgz 0ms (cache hit)
4071 http cache @tanstack/react-query@https://registry.npmjs.org/@tanstack/react-query/-/react-query-5.102.8.tgz 0ms (cache hit)
4072 http cache @types/node@https://registry.npmjs.org/@types/node/-/node-22.20.1.tgz 0ms (cache hit)
4073 http cache wagmi@https://registry.npmjs.org/wagmi/-/wagmi-2.19.5.tgz 0ms (cache hit)
4074 http cache @types/react@https://registry.npmjs.org/@types/react/-/react-19.2.18.tgz 0ms (cache hit)
4075 http cache react@https://registry.npmjs.org/react/-/react-19.2.8.tgz 0ms (cache hit)
4076 http cache react-dom@https://registry.npmjs.org/react-dom/-/react-dom-19.2.8.tgz 0ms (cache hit)
4077 http cache debug@https://registry.npmjs.org/debug/-/debug-4.4.3.tgz 0ms (cache hit)
4078 http cache @metamask/safe-event-emitter@https://registry.npmjs.org/@metamask/safe-event-emitter/-/safe-event-emitter-2.0.0.tgz 0ms (cache hit)
4079 http cache @rainbow-me/rainbowkit@https://registry.npmjs.org/@rainbow-me/rainbowkit/-/rainbowkit-2.2.11.tgz 0ms (cache hit)
4080 http cache ms@https://registry.npmjs.org/ms/-/ms-2.1.3.tgz 0ms (cache hit)
4081 http cache viem@https://registry.npmjs.org/viem/-/viem-2.56.1.tgz 0ms (cache hit)
4082 http cache ms@https://registry.npmjs.org/ms/-/ms-2.1.3.tgz 0ms (cache hit)
4083 http cache uuid@https://registry.npmjs.org/uuid/-/uuid-9.0.1.tgz 0ms (cache hit)
4084 http cache @metamask/rpc-errors@https://registry.npmjs.org/@metamask/rpc-errors/-/rpc-errors-6.4.0.tgz 0ms (cache hit)
4085 http cache pify@https://registry.npmjs.org/pify/-/pify-5.0.0.tgz 0ms (cache hit)
4086 http cache debug@https://registry.npmjs.org/debug/-/debug-4.4.3.tgz 0ms (cache hit)
4087 http cache @metamask/utils@https://registry.npmjs.org/@metamask/utils/-/utils-9.3.0.tgz 0ms (cache hit)
4088 http cache @metamask/json-rpc-engine@https://registry.npmjs.org/@metamask/json-rpc-engine/-/json-rpc-engine-7.3.3.tgz 0ms (cache hit)
4089 http cache @metamask/utils@https://registry.npmjs.org/@metamask/utils/-/utils-5.0.2.tgz 0ms (cache hit)
4090 http cache tslib@https://registry.npmjs.org/tslib/-/tslib-1.14.1.tgz 0ms (cache hit)
4091 http cache @metamask/utils@https://registry.npmjs.org/@metamask/utils/-/utils-8.5.0.tgz 0ms (cache hit)
4092 http cache @metamask/utils@https://registry.npmjs.org/@metamask/utils/-/utils-5.0.2.tgz 0ms (cache hit)
4093 http cache ws@https://registry.npmjs.org/ws/-/ws-7.5.13.tgz 0ms (cache hit)
4094 http cache @noble/curves@https://registry.npmjs.org/@noble/curves/-/curves-1.8.0.tgz 0ms (cache hit)
4095 http cache @noble/hashes@https://registry.npmjs.org/@noble/hashes/-/hashes-1.7.0.tgz 0ms (cache hit)
4096 http cache tslib@https://registry.npmjs.org/tslib/-/tslib-1.14.1.tgz 0ms (cache hit)
4097 http cache tslib@https://registry.npmjs.org/tslib/-/tslib-1.14.1.tgz 0ms (cache hit)
4098 http cache tslib@https://registry.npmjs.org/tslib/-/tslib-1.14.1.tgz 0ms (cache hit)
4099 http cache readdirp@https://registry.npmjs.org/readdirp/-/readdirp-5.1.1.tgz 0ms (cache hit)
4100 http cache chokidar@https://registry.npmjs.org/chokidar/-/chokidar-5.0.0.tgz 0ms (cache hit)
4101 http cache tslib@https://registry.npmjs.org/tslib/-/tslib-1.14.1.tgz 0ms (cache hit)
4102 http cache lru-cache@https://registry.npmjs.org/lru-cache/-/lru-cache-11.5.2.tgz 0ms (cache hit)
4103 http cache use-sync-external-store@https://registry.npmjs.org/use-sync-external-store/-/use-sync-external-store-1.2.0.tgz 0ms (cache hit)
4104 http cache tslib@https://registry.npmjs.org/tslib/-/tslib-1.14.1.tgz 0ms (cache hit)
4105 http cache zod@https://registry.npmjs.org/zod/-/zod-3.22.4.tgz 0ms (cache hit)
4106 http cache eventemitter3@https://registry.npmjs.org/eventemitter3/-/eventemitter3-5.0.1.tgz 0ms (cache hit)
4107 http cache @scure/bip39@https://registry.npmjs.org/@scure/bip39/-/bip39-1.5.4.tgz 0ms (cache hit)
4108 http cache ws@https://registry.npmjs.org/ws/-/ws-8.18.0.tgz 0ms (cache hit)
4109 http cache @scure/bip32@https://registry.npmjs.org/@scure/bip32/-/bip32-1.6.2.tgz 0ms (cache hit)
4110 http cache abitype@https://registry.npmjs.org/abitype/-/abitype-1.0.8.tgz 0ms (cache hit)
4111 http cache ox@https://registry.npmjs.org/ox/-/ox-0.6.7.tgz 0ms (cache hit)
4112 http cache isows@https://registry.npmjs.org/isows/-/isows-1.0.6.tgz 0ms (cache hit)
4113 http cache @noble/hashes@https://registry.npmjs.org/@noble/hashes/-/hashes-1.7.1.tgz 0ms (cache hit)
4114 http cache @noble/ciphers@https://registry.npmjs.org/@noble/ciphers/-/ciphers-1.2.1.tgz 0ms (cache hit)
4115 http cache @noble/curves@https://registry.npmjs.org/@noble/curves/-/curves-1.8.1.tgz 0ms (cache hit)
4116 http cache @walletconnect/core@https://registry.npmjs.org/@walletconnect/core/-/core-2.21.0.tgz 0ms (cache hit)
4117 http cache viem@https://registry.npmjs.org/viem/-/viem-2.23.2.tgz 0ms (cache hit)
4118 http cache @walletconnect/utils@https://registry.npmjs.org/@walletconnect/utils/-/utils-2.21.0.tgz 0ms (cache hit)
4119 http cache ws@https://registry.npmjs.org/ws/-/ws-8.18.0.tgz 0ms (cache hit)
4120 http cache isows@https://registry.npmjs.org/isows/-/isows-1.0.6.tgz 0ms (cache hit)
4121 http cache eventemitter3@https://registry.npmjs.org/eventemitter3/-/eventemitter3-5.0.1.tgz 0ms (cache hit)
4122 http cache @walletconnect/universal-provider@https://registry.npmjs.org/@walletconnect/universal-provider/-/universal-provider-2.21.0.tgz 0ms (cache hit)
4123 http cache ox@https://registry.npmjs.org/ox/-/ox-0.6.7.tgz 0ms (cache hit)
4124 http cache abitype@https://registry.npmjs.org/abitype/-/abitype-1.0.8.tgz 0ms (cache hit)
4125 http cache @walletconnect/types@https://registry.npmjs.org/@walletconnect/types/-/types-2.21.0.tgz 0ms (cache hit)
4126 http cache @scure/bip32@https://registry.npmjs.org/@scure/bip32/-/bip32-1.6.2.tgz 0ms (cache hit)
4127 http cache @scure/bip39@https://registry.npmjs.org/@scure/bip39/-/bip39-1.5.4.tgz 0ms (cache hit)
4128 http cache @walletconnect/sign-client@https://registry.npmjs.org/@walletconnect/sign-client/-/sign-client-2.21.0.tgz 0ms (cache hit)
4129 http cache @noble/curves@https://registry.npmjs.org/@noble/curves/-/curves-1.8.1.tgz 0ms (cache hit)
4130 http cache @noble/hashes@https://registry.npmjs.org/@noble/hashes/-/hashes-1.7.1.tgz 0ms (cache hit)
4131 http cache viem@https://registry.npmjs.org/viem/-/viem-2.23.2.tgz 0ms (cache hit)
4132 http cache @walletconnect/core@https://registry.npmjs.org/@walletconnect/core/-/core-2.21.0.tgz 0ms (cache hit)
4133 http cache @walletconnect/utils@https://registry.npmjs.org/@walletconnect/utils/-/utils-2.21.0.tgz 0ms (cache hit)
4134 http cache @noble/ciphers@https://registry.npmjs.org/@noble/ciphers/-/ciphers-1.2.1.tgz 0ms (cache hit)
4135 http cache @walletconnect/sign-client@https://registry.npmjs.org/@walletconnect/sign-client/-/sign-client-2.21.0.tgz 0ms (cache hit)
4136 http cache @walletconnect/types@https://registry.npmjs.org/@walletconnect/types/-/types-2.21.0.tgz 0ms (cache hit)
4137 http cache @walletconnect/universal-provider@https://registry.npmjs.org/@walletconnect/universal-provider/-/universal-provider-2.21.0.tgz 0ms (cache hit)
4138 http cache isows@https://registry.npmjs.org/isows/-/isows-1.0.6.tgz 0ms (cache hit)
4139 http cache ws@https://registry.npmjs.org/ws/-/ws-8.18.0.tgz 0ms (cache hit)
4140 http cache eventemitter3@https://registry.npmjs.org/eventemitter3/-/eventemitter3-5.0.1.tgz 0ms (cache hit)
4141 http cache ox@https://registry.npmjs.org/ox/-/ox-0.6.7.tgz 0ms (cache hit)
4142 http cache @scure/bip39@https://registry.npmjs.org/@scure/bip39/-/bip39-1.5.4.tgz 0ms (cache hit)
4143 http cache @scure/bip32@https://registry.npmjs.org/@scure/bip32/-/bip32-1.6.2.tgz 0ms (cache hit)
4144 http cache viem@https://registry.npmjs.org/viem/-/viem-2.23.2.tgz 0ms (cache hit)
4145 http cache abitype@https://registry.npmjs.org/abitype/-/abitype-1.0.8.tgz 0ms (cache hit)
4146 http cache @noble/curves@https://registry.npmjs.org/@noble/curves/-/curves-1.8.1.tgz 0ms (cache hit)
4147 http cache tslib@https://registry.npmjs.org/tslib/-/tslib-1.14.1.tgz 0ms (cache hit)
4148 http cache cross-fetch@https://registry.npmjs.org/cross-fetch/-/cross-fetch-3.2.0.tgz 0ms (cache hit)
4149 http cache @noble/hashes@https://registry.npmjs.org/@noble/hashes/-/hashes-1.7.1.tgz 0ms (cache hit)
4150 http cache ws@https://registry.npmjs.org/ws/-/ws-8.18.0.tgz 0ms (cache hit)
4151 http cache @noble/ciphers@https://registry.npmjs.org/@noble/ciphers/-/ciphers-1.2.1.tgz 0ms (cache hit)
4152 http cache eventemitter3@https://registry.npmjs.org/eventemitter3/-/eventemitter3-5.0.1.tgz 0ms (cache hit)
4153 http cache isows@https://registry.npmjs.org/isows/-/isows-1.0.6.tgz 0ms (cache hit)
4154 http cache ox@https://registry.npmjs.org/ox/-/ox-0.6.7.tgz 0ms (cache hit)
4155 http cache @scure/bip32@https://registry.npmjs.org/@scure/bip32/-/bip32-1.6.2.tgz 0ms (cache hit)
4156 http cache @walletconnect/core@https://registry.npmjs.org/@walletconnect/core/-/core-2.21.0.tgz 0ms (cache hit)
4157 http cache @scure/bip39@https://registry.npmjs.org/@scure/bip39/-/bip39-1.5.4.tgz 0ms (cache hit)
4158 http cache @noble/ciphers@https://registry.npmjs.org/@noble/ciphers/-/ciphers-1.2.1.tgz 0ms (cache hit)
4159 http cache @walletconnect/utils@https://registry.npmjs.org/@walletconnect/utils/-/utils-2.21.0.tgz 0ms (cache hit)
4160 http cache abitype@https://registry.npmjs.org/abitype/-/abitype-1.0.8.tgz 0ms (cache hit)
4161 http cache @noble/hashes@https://registry.npmjs.org/@noble/hashes/-/hashes-1.7.1.tgz 0ms (cache hit)
4162 http cache viem@https://registry.npmjs.org/viem/-/viem-2.23.2.tgz 0ms (cache hit)
4163 http cache @noble/curves@https://registry.npmjs.org/@noble/curves/-/curves-1.8.1.tgz 0ms (cache hit)
4164 http cache @walletconnect/sign-client@https://registry.npmjs.org/@walletconnect/sign-client/-/sign-client-2.21.0.tgz 0ms (cache hit)
4165 http cache @scure/bip39@https://registry.npmjs.org/@scure/bip39/-/bip39-1.3.0.tgz 0ms (cache hit)
4166 http cache @walletconnect/types@https://registry.npmjs.org/@walletconnect/types/-/types-2.21.0.tgz 0ms (cache hit)
4167 http cache @scure/base@https://registry.npmjs.org/@scure/base/-/base-1.1.9.tgz 0ms (cache hit)
4168 http cache @walletconnect/universal-provider@https://registry.npmjs.org/@walletconnect/universal-provider/-/universal-provider-2.21.0.tgz 0ms (cache hit)
4169 http cache undici-types@https://registry.npmjs.org/undici-types/-/undici-types-7.29.0.tgz 0ms (cache hit)
4170 http cache @scure/bip32@https://registry.npmjs.org/@scure/bip32/-/bip32-1.4.0.tgz 0ms (cache hit)
4171 http cache @metamask/utils@https://registry.npmjs.org/@metamask/utils/-/utils-8.5.0.tgz 0ms (cache hit)
4172 http cache commander@https://registry.npmjs.org/commander/-/commander-14.0.2.tgz 0ms (cache hit)
4173 http cache @metamask/rpc-errors@https://registry.npmjs.org/@metamask/rpc-errors/-/rpc-errors-6.4.0.tgz 0ms (cache hit)
4174 http cache @noble/hashes@https://registry.npmjs.org/@noble/hashes/-/hashes-1.4.0.tgz 0ms (cache hit)
4175 http cache @noble/curves@https://registry.npmjs.org/@noble/curves/-/curves-1.4.2.tgz 0ms (cache hit)
4176 http cache @metamask/utils@https://registry.npmjs.org/@metamask/utils/-/utils-8.5.0.tgz 0ms (cache hit)
4177 http cache uuid@https://registry.npmjs.org/uuid/-/uuid-9.0.1.tgz 0ms (cache hit)
4178 http cache uuid@https://registry.npmjs.org/uuid/-/uuid-9.0.1.tgz 0ms (cache hit)
4179 http cache safe-buffer@https://registry.npmjs.org/safe-buffer/-/safe-buffer-5.1.2.tgz 0ms (cache hit)
4180 http cache string_decoder@https://registry.npmjs.org/string_decoder/-/string_decoder-1.1.1.tgz 0ms (cache hit)
4181 http cache @noble/curves@https://registry.npmjs.org/@noble/curves/-/curves-1.9.7.tgz 0ms (cache hit)
4182 http cache @metamask/utils@https://registry.npmjs.org/@metamask/utils/-/utils-9.3.0.tgz 0ms (cache hit)
4183 http cache isarray@https://registry.npmjs.org/isarray/-/isarray-1.0.0.tgz 0ms (cache hit)
4184 http cache @metamask/utils@https://registry.npmjs.org/@metamask/utils/-/utils-8.5.0.tgz 0ms (cache hit)
4185 http cache debug@https://registry.npmjs.org/debug/-/debug-4.4.3.tgz 0ms (cache hit)
4186 http cache ms@https://registry.npmjs.org/ms/-/ms-2.1.3.tgz 0ms (cache hit)
4187 http cache uuid@https://registry.npmjs.org/uuid/-/uuid-9.0.1.tgz 0ms (cache hit)
4188 http cache abitype@https://registry.npmjs.org/abitype/-/abitype-1.0.6.tgz 0ms (cache hit)
4189 http cache @metamask/rpc-errors@https://registry.npmjs.org/@metamask/rpc-errors/-/rpc-errors-6.4.0.tgz 0ms (cache hit)
4190 http cache eventemitter3@https://registry.npmjs.org/eventemitter3/-/eventemitter3-5.0.1.tgz 0ms (cache hit)
4191 http cache uuid@https://registry.npmjs.org/uuid/-/uuid-9.0.1.tgz 0ms (cache hit)
4192 http cache zod@https://registry.npmjs.org/zod/-/zod-4.5.4.tgz 0ms (cache hit)
4193 http cache readable-stream@https://registry.npmjs.org/readable-stream/-/readable-stream-2.3.8.tgz 0ms (cache hit)
4194 http cache @metamask/utils@https://registry.npmjs.org/@metamask/utils/-/utils-9.3.0.tgz 0ms (cache hit)
4195 http cache ox@https://registry.npmjs.org/ox/-/ox-0.6.9.tgz 0ms (cache hit)
4196 http cache @noble/hashes@https://registry.npmjs.org/@noble/hashes/-/hashes-1.8.0.tgz 0ms (cache hit)
4197 http cache eventemitter3@https://registry.npmjs.org/eventemitter3/-/eventemitter3-5.0.4.tgz 0ms (cache hit)
4198 http cache ox@https://registry.npmjs.org/ox/-/ox-0.9.17.tgz 0ms (cache hit)
4199 http cache eventemitter3@https://registry.npmjs.org/eventemitter3/-/eventemitter3-5.0.1.tgz 0ms (cache hit)
4200 http cache clsx@https://registry.npmjs.org/clsx/-/clsx-1.2.1.tgz 0ms (cache hit)
4201 http cache eventemitter3@https://registry.npmjs.org/eventemitter3/-/eventemitter3-5.0.1.tgz 0ms (cache hit)
4202 http cache @noble/hashes@https://registry.npmjs.org/@noble/hashes/-/hashes-1.4.0.tgz 0ms (cache hit)
4203 http cache clsx@https://registry.npmjs.org/clsx/-/clsx-1.2.1.tgz 0ms (cache hit)
4204 http cache @noble/hashes@https://registry.npmjs.org/@noble/hashes/-/hashes-1.8.0.tgz 0ms (cache hit)
4205 http cache ox@https://registry.npmjs.org/ox/-/ox-0.6.9.tgz 0ms (cache hit)
4206 http cache @noble/hashes@https://registry.npmjs.org/@noble/hashes/-/hashes-1.4.0.tgz 0ms (cache hit)
4207 http cache eventemitter3@https://registry.npmjs.org/eventemitter3/-/eventemitter3-5.0.1.tgz 0ms (cache hit)
4208 http cache zustand@https://registry.npmjs.org/zustand/-/zustand-5.0.0.tgz 0ms (cache hit)
4209 http cache clsx@https://registry.npmjs.org/clsx/-/clsx-1.2.1.tgz 0ms (cache hit)
4210 http cache eventemitter3@https://registry.npmjs.org/eventemitter3/-/eventemitter3-5.0.1.tgz 0ms (cache hit)
4211 http cache glob-parent@https://registry.npmjs.org/glob-parent/-/glob-parent-5.1.2.tgz 0ms (cache hit)
4212 http cache fdir@https://registry.npmjs.org/fdir/-/fdir-6.5.0.tgz 0ms (cache hit)
4213 http cache eventemitter3@https://registry.npmjs.org/eventemitter3/-/eventemitter3-5.0.1.tgz 0ms (cache hit)
4214 http cache glob-parent@https://registry.npmjs.org/glob-parent/-/glob-parent-5.1.2.tgz 0ms (cache hit)
4215 http cache postcss@https://registry.npmjs.org/postcss/-/postcss-8.4.31.tgz 0ms (cache hit)
4216 http cache picomatch@https://registry.npmjs.org/picomatch/-/picomatch-4.0.7.tgz 0ms (cache hit)
4217 silly tarball no local data for core-util-is@https://registry.npmjs.org/core-util-is/-/core-util-is-1.0.3.tgz. Extracting by manifest.
4218 silly tarball no local data for process-nextick-args@https://registry.npmjs.org/process-nextick-args/-/process-nextick-args-2.0.1.tgz. Extracting by manifest.
4219 http cache react-is@https://registry.npmjs.org/react-is/-/react-is-16.13.1.tgz 0ms (cache hit)
4220 silly tarball no local data for superstruct@https://registry.npmjs.org/superstruct/-/superstruct-1.0.4.tgz. Extracting by manifest.
4221 silly tarball no local data for color-name@https://registry.npmjs.org/color-name/-/color-name-1.1.4.tgz. Extracting by manifest.
4222 silly tarball no local data for camelcase@https://registry.npmjs.org/camelcase/-/camelcase-5.3.1.tgz. Extracting by manifest.
4223 silly tarball no local data for ansi-styles@https://registry.npmjs.org/ansi-styles/-/ansi-styles-4.3.0.tgz. Extracting by manifest.
4224 silly tarball no local data for color-convert@https://registry.npmjs.org/color-convert/-/color-convert-2.0.1.tgz. Extracting by manifest.
4225 silly tarball no local data for emoji-regex@https://registry.npmjs.org/emoji-regex/-/emoji-regex-8.0.0.tgz. Extracting by manifest.
4226 silly tarball no local data for ansi-regex@https://registry.npmjs.org/ansi-regex/-/ansi-regex-5.0.1.tgz. Extracting by manifest.
4227 silly tarball no local data for p-try@https://registry.npmjs.org/p-try/-/p-try-2.2.0.tgz. Extracting by manifest.
4228 silly tarball no local data for is-fullwidth-code-point@https://registry.npmjs.org/is-fullwidth-code-point/-/is-fullwidth-code-point-3.0.0.tgz. Extracting by manifest.
4229 silly tarball no local data for p-limit@https://registry.npmjs.org/p-limit/-/p-limit-2.3.0.tgz. Extracting by manifest.
4230 silly tarball no local data for path-exists@https://registry.npmjs.org/path-exists/-/path-exists-4.0.0.tgz. Extracting by manifest.
4231 silly tarball no local data for locate-path@https://registry.npmjs.org/locate-path/-/locate-path-5.0.0.tgz. Extracting by manifest.
4232 silly tarball no local data for p-locate@https://registry.npmjs.org/p-locate/-/p-locate-4.1.0.tgz. Extracting by manifest.
4233 silly tarball no local data for strip-ansi@https://registry.npmjs.org/strip-ansi/-/strip-ansi-6.0.1.tgz. Extracting by manifest.
4234 silly tarball no local data for yargs-parser@https://registry.npmjs.org/yargs-parser/-/yargs-parser-18.1.3.tgz. Extracting by manifest.
4235 silly tarball no local data for wrap-ansi@https://registry.npmjs.org/wrap-ansi/-/wrap-ansi-6.2.0.tgz. Extracting by manifest.
4236 silly tarball no local data for y18n@https://registry.npmjs.org/y18n/-/y18n-4.0.3.tgz. Extracting by manifest.
4237 silly tarball no local data for string-width@https://registry.npmjs.org/string-width/-/string-width-4.2.3.tgz. Extracting by manifest.
4238 silly tarball no local data for which-module@https://registry.npmjs.org/which-module/-/which-module-2.0.1.tgz. Extracting by manifest.
4239 silly tarball no local data for require-main-filename@https://registry.npmjs.org/require-main-filename/-/require-main-filename-2.0.0.tgz. Extracting by manifest.
4240 silly tarball no local data for require-directory@https://registry.npmjs.org/require-directory/-/require-directory-2.1.1.tgz. Extracting by manifest.
4241 silly tarball no local data for set-blocking@https://registry.npmjs.org/set-blocking/-/set-blocking-2.0.0.tgz. Extracting by manifest.
4242 silly tarball no local data for get-caller-file@https://registry.npmjs.org/get-caller-file/-/get-caller-file-2.0.5.tgz. Extracting by manifest.
4243 silly tarball no local data for find-up@https://registry.npmjs.org/find-up/-/find-up-4.1.0.tgz. Extracting by manifest.
4244 silly tarball no local data for decamelize@https://registry.npmjs.org/decamelize/-/decamelize-1.2.0.tgz. Extracting by manifest.
4245 silly tarball no local data for has-property-descriptors@https://registry.npmjs.org/has-property-descriptors/-/has-property-descriptors-1.0.2.tgz. Extracting by manifest.
4246 silly tarball no local data for cliui@https://registry.npmjs.org/cliui/-/cliui-6.0.0.tgz. Extracting by manifest.
4247 silly tarball no local data for set-function-length@https://registry.npmjs.org/set-function-length/-/set-function-length-1.2.2.tgz. Extracting by manifest.
4248 silly tarball no local data for define-data-property@https://registry.npmjs.org/define-data-property/-/define-data-property-1.1.4.tgz. Extracting by manifest.
4249 silly tarball no local data for is-callable@https://registry.npmjs.org/is-callable/-/is-callable-1.2.7.tgz. Extracting by manifest.
4250 silly tarball no local data for for-each@https://registry.npmjs.org/for-each/-/for-each-0.3.5.tgz. Extracting by manifest.
4251 silly tarball no local data for possible-typed-array-names@https://registry.npmjs.org/possible-typed-array-names/-/possible-typed-array-names-1.1.0.tgz. Extracting by manifest.
4252 silly tarball no local data for tr46@https://registry.npmjs.org/tr46/-/tr46-0.0.3.tgz. Extracting by manifest.
4253 silly tarball no local data for webidl-conversions@https://registry.npmjs.org/webidl-conversions/-/webidl-conversions-3.0.1.tgz. Extracting by manifest.
4254 silly tarball no local data for call-bind@https://registry.npmjs.org/call-bind/-/call-bind-1.0.9.tgz. Extracting by manifest.
4255 silly tarball no local data for available-typed-arrays@https://registry.npmjs.org/available-typed-arrays/-/available-typed-arrays-1.0.7.tgz. Extracting by manifest.
4256 silly tarball no local data for proxy-compare@https://registry.npmjs.org/proxy-compare/-/proxy-compare-2.6.0.tgz. Extracting by manifest.
4257 silly tarball no local data for derive-valtio@https://registry.npmjs.org/derive-valtio/-/derive-valtio-0.1.0.tgz. Extracting by manifest.
4258 silly tarball no local data for is-regex@https://registry.npmjs.org/is-regex/-/is-regex-1.2.1.tgz. Extracting by manifest.
4259 silly tarball no local data for safe-regex-test@https://registry.npmjs.org/safe-regex-test/-/safe-regex-test-1.1.0.tgz. Extracting by manifest.
4260 silly tarball no local data for generator-function@https://registry.npmjs.org/generator-function/-/generator-function-2.0.1.tgz. Extracting by manifest.
4261 silly tarball no local data for radix3@https://registry.npmjs.org/radix3/-/radix3-1.1.2.tgz. Extracting by manifest.
4262 silly tarball no local data for is-arguments@https://registry.npmjs.org/is-arguments/-/is-arguments-1.2.0.tgz. Extracting by manifest.
4263 silly tarball no local data for is-generator-function@https://registry.npmjs.org/is-generator-function/-/is-generator-function-1.1.2.tgz. Extracting by manifest.
4264 silly tarball no local data for node-mock-http@https://registry.npmjs.org/node-mock-http/-/node-mock-http-1.0.5.tgz. Extracting by manifest.
4265 silly tarball no local data for iron-webcrypto@https://registry.npmjs.org/iron-webcrypto/-/iron-webcrypto-1.2.1.tgz. Extracting by manifest.
4266 silly tarball no local data for defu@https://registry.npmjs.org/defu/-/defu-6.1.7.tgz. Extracting by manifest.
4267 silly tarball no local data for crossws@https://registry.npmjs.org/crossws/-/crossws-0.3.5.tgz. Extracting by manifest.
4268 silly tarball no local data for ofetch@https://registry.npmjs.org/ofetch/-/ofetch-1.5.1.tgz. Extracting by manifest.
4269 silly tarball no local data for ufo@https://registry.npmjs.org/ufo/-/ufo-1.6.4.tgz. Extracting by manifest.
4270 silly tarball no local data for cookie-es@https://registry.npmjs.org/cookie-es/-/cookie-es-1.2.3.tgz. Extracting by manifest.
4271 silly tarball no local data for node-fetch-native@https://registry.npmjs.org/node-fetch-native/-/node-fetch-native-1.6.7.tgz. Extracting by manifest.
4272 silly tarball no local data for h3@https://registry.npmjs.org/h3/-/h3-1.15.11.tgz. Extracting by manifest.
4273 silly tarball no local data for destr@https://registry.npmjs.org/destr/-/destr-2.0.5.tgz. Extracting by manifest.
4274 silly tarball no local data for multiformats@https://registry.npmjs.org/multiformats/-/multiformats-9.9.0.tgz. Extracting by manifest.
4275 silly tarball no local data for is-typed-array@https://registry.npmjs.org/is-typed-array/-/is-typed-array-1.1.15.tgz. Extracting by manifest.
4276 silly tarball no local data for which-typed-array@https://registry.npmjs.org/which-typed-array/-/which-typed-array-1.1.22.tgz. Extracting by manifest.
4277 silly tarball no local data for call-bound@https://registry.npmjs.org/call-bound/-/call-bound-1.0.4.tgz. Extracting by manifest.
4278 silly tarball no local data for typed-array-buffer@https://registry.npmjs.org/typed-array-buffer/-/typed-array-buffer-1.0.3.tgz. Extracting by manifest.
4279 silly tarball no local data for engine.io-parser@https://registry.npmjs.org/engine.io-parser/-/engine.io-parser-5.2.3.tgz. Extracting by manifest.
4280 silly tarball no local data for xmlhttprequest-ssl@https://registry.npmjs.org/xmlhttprequest-ssl/-/xmlhttprequest-ssl-2.1.2.tgz. Extracting by manifest.
4281 silly tarball no local data for socket.io-parser@https://registry.npmjs.org/socket.io-parser/-/socket.io-parser-4.2.7.tgz. Extracting by manifest.
4282 silly tarball no local data for @socket.io/component-emitter@https://registry.npmjs.org/@socket.io/component-emitter/-/component-emitter-3.1.2.tgz. Extracting by manifest.
4283 silly tarball no local data for isarray@https://registry.npmjs.org/isarray/-/isarray-2.0.5.tgz. Extracting by manifest.
4284 silly tarball no local data for engine.io-client@https://registry.npmjs.org/engine.io-client/-/engine.io-client-6.6.6.tgz. Extracting by manifest.
4285 silly tarball no local data for to-buffer@https://registry.npmjs.org/to-buffer/-/to-buffer-1.2.2.tgz. Extracting by manifest.
4286 silly tarball no local data for string_decoder@https://registry.npmjs.org/string_decoder/-/string_decoder-1.3.0.tgz. Extracting by manifest.
4287 silly tarball no local data for safe-buffer@https://registry.npmjs.org/safe-buffer/-/safe-buffer-5.2.1.tgz. Extracting by manifest.
4288 silly tarball no local data for strict-uri-encode@https://registry.npmjs.org/strict-uri-encode/-/strict-uri-encode-2.0.0.tgz. Extracting by manifest.
4289 silly tarball no local data for filter-obj@https://registry.npmjs.org/filter-obj/-/filter-obj-1.1.0.tgz. Extracting by manifest.
4290 silly tarball no local data for split-on-first@https://registry.npmjs.org/split-on-first/-/split-on-first-1.1.0.tgz. Extracting by manifest.
4291 silly tarball no local data for decode-uri-component@https://registry.npmjs.org/decode-uri-component/-/decode-uri-component-0.2.2.tgz. Extracting by manifest.
4292 silly tarball no local data for yargs@https://registry.npmjs.org/yargs/-/yargs-15.4.1.tgz. Extracting by manifest.
4293 silly tarball no local data for dijkstrajs@https://registry.npmjs.org/dijkstrajs/-/dijkstrajs-1.0.3.tgz. Extracting by manifest.
4294 silly tarball no local data for encode-utf8@https://registry.npmjs.org/encode-utf8/-/encode-utf8-1.0.3.tgz. Extracting by manifest.
4295 silly tarball no local data for pngjs@https://registry.npmjs.org/pngjs/-/pngjs-5.0.0.tgz. Extracting by manifest.
4296 silly tarball no local data for hono@https://registry.npmjs.org/hono/-/hono-4.13.5.tgz. Extracting by manifest.
4297 silly tarball no local data for inherits@https://registry.npmjs.org/inherits/-/inherits-2.0.4.tgz. Extracting by manifest.
4298 silly tarball no local data for stream-shift@https://registry.npmjs.org/stream-shift/-/stream-shift-1.0.3.tgz. Extracting by manifest.
4299 silly tarball no local data for split2@https://registry.npmjs.org/split2/-/split2-4.2.0.tgz. Extracting by manifest.
4300 silly tarball no local data for duplexify@https://registry.npmjs.org/duplexify/-/duplexify-4.1.3.tgz. Extracting by manifest.
4301 silly tarball no local data for real-require@https://registry.npmjs.org/real-require/-/real-require-0.1.0.tgz. Extracting by manifest.
4302 silly tarball no local data for thread-stream@https://registry.npmjs.org/thread-stream/-/thread-stream-0.15.2.tgz. Extracting by manifest.
4303 silly tarball no local data for sonic-boom@https://registry.npmjs.org/sonic-boom/-/sonic-boom-2.8.0.tgz. Extracting by manifest.
4304 silly tarball no local data for quick-format-unescaped@https://registry.npmjs.org/quick-format-unescaped/-/quick-format-unescaped-4.0.4.tgz. Extracting by manifest.
4305 silly tarball no local data for process-warning@https://registry.npmjs.org/process-warning/-/process-warning-1.0.0.tgz. Extracting by manifest.
4306 silly tarball no local data for safe-stable-stringify@https://registry.npmjs.org/safe-stable-stringify/-/safe-stable-stringify-2.5.0.tgz. Extracting by manifest.
4307 silly tarball no local data for pino-std-serializers@https://registry.npmjs.org/pino-std-serializers/-/pino-std-serializers-4.0.0.tgz. Extracting by manifest.
4308 silly tarball no local data for pino-abstract-transport@https://registry.npmjs.org/pino-abstract-transport/-/pino-abstract-transport-0.5.0.tgz. Extracting by manifest.
4309 silly tarball no local data for on-exit-leak-free@https://registry.npmjs.org/on-exit-leak-free/-/on-exit-leak-free-0.2.0.tgz. Extracting by manifest.
4310 silly tarball no local data for fast-redact@https://registry.npmjs.org/fast-redact/-/fast-redact-3.5.0.tgz. Extracting by manifest.
4311 silly tarball no local data for atomic-sleep@https://registry.npmjs.org/atomic-sleep/-/atomic-sleep-1.0.0.tgz. Extracting by manifest.
4312 silly tarball no local data for whatwg-url@https://registry.npmjs.org/whatwg-url/-/whatwg-url-5.0.0.tgz. Extracting by manifest.
4313 silly tarball no local data for wrappy@https://registry.npmjs.org/wrappy/-/wrappy-1.0.2.tgz. Extracting by manifest.
4314 silly tarball no local data for mime-db@https://registry.npmjs.org/mime-db/-/mime-db-1.52.0.tgz. Extracting by manifest.
4315 silly tarball no local data for end-of-stream@https://registry.npmjs.org/end-of-stream/-/end-of-stream-1.4.5.tgz. Extracting by manifest.
4316 silly tarball no local data for @types/trusted-types@https://registry.npmjs.org/@types/trusted-types/-/trusted-types-2.0.7.tgz. Extracting by manifest.
4317 silly tarball no local data for is-buffer@https://registry.npmjs.org/is-buffer/-/is-buffer-1.1.6.tgz. Extracting by manifest.
4318 silly tarball no local data for openapi-typescript-helpers@https://registry.npmjs.org/openapi-typescript-helpers/-/openapi-typescript-helpers-0.0.15.tgz. Extracting by manifest.
4319 silly tarball no local data for @lit-labs/ssr-dom-shim@https://registry.npmjs.org/@lit-labs/ssr-dom-shim/-/ssr-dom-shim-1.6.0.tgz. Extracting by manifest.
4320 silly tarball no local data for charenc@https://registry.npmjs.org/charenc/-/charenc-0.0.2.tgz. Extracting by manifest.
4321 silly tarball no local data for crypt@https://registry.npmjs.org/crypt/-/crypt-0.0.2.tgz. Extracting by manifest.
4322 silly tarball no local data for lit-html@https://registry.npmjs.org/lit-html/-/lit-html-3.3.3.tgz. Extracting by manifest.
4323 silly tarball no local data for @lit/reactive-element@https://registry.npmjs.org/@lit/reactive-element/-/reactive-element-2.1.2.tgz. Extracting by manifest.
4324 silly tarball no local data for lit-element@https://registry.npmjs.org/lit-element/-/lit-element-4.2.2.tgz. Extracting by manifest.
4325 silly tarball no local data for dunder-proto@https://registry.npmjs.org/dunder-proto/-/dunder-proto-1.0.1.tgz. Extracting by manifest.
4326 silly tarball no local data for node-addon-api@https://registry.npmjs.org/node-addon-api/-/node-addon-api-2.0.2.tgz. Extracting by manifest.
4327 silly tarball no local data for has-symbols@https://registry.npmjs.org/has-symbols/-/has-symbols-1.1.0.tgz. Extracting by manifest.
4328 silly tarball no local data for math-intrinsics@https://registry.npmjs.org/math-intrinsics/-/math-intrinsics-1.1.0.tgz. Extracting by manifest.
4329 silly tarball no local data for get-proto@https://registry.npmjs.org/get-proto/-/get-proto-1.0.1.tgz. Extracting by manifest.
4330 silly tarball no local data for gopd@https://registry.npmjs.org/gopd/-/gopd-1.2.0.tgz. Extracting by manifest.
4331 silly tarball no local data for es-object-atoms@https://registry.npmjs.org/es-object-atoms/-/es-object-atoms-1.1.2.tgz. Extracting by manifest.
4332 silly tarball no local data for call-bind-apply-helpers@https://registry.npmjs.org/call-bind-apply-helpers/-/call-bind-apply-helpers-1.0.2.tgz. Extracting by manifest.
4333 silly tarball no local data for get-intrinsic@https://registry.npmjs.org/get-intrinsic/-/get-intrinsic-1.3.0.tgz. Extracting by manifest.
4334 silly tarball no local data for mime-types@https://registry.npmjs.org/mime-types/-/mime-types-2.1.35.tgz. Extracting by manifest.
4335 silly tarball no local data for es-define-property@https://registry.npmjs.org/es-define-property/-/es-define-property-1.0.1.tgz. Extracting by manifest.
4336 silly tarball no local data for has-tostringtag@https://registry.npmjs.org/has-tostringtag/-/has-tostringtag-1.0.2.tgz. Extracting by manifest.
4337 silly tarball no local data for combined-stream@https://registry.npmjs.org/combined-stream/-/combined-stream-1.0.8.tgz. Extracting by manifest.
4338 silly tarball no local data for es-set-tostringtag@https://registry.npmjs.org/es-set-tostringtag/-/es-set-tostringtag-2.1.0.tgz. Extracting by manifest.
4339 silly tarball no local data for asynckit@https://registry.npmjs.org/asynckit/-/asynckit-0.4.0.tgz. Extracting by manifest.
4340 silly tarball no local data for xtend@https://registry.npmjs.org/xtend/-/xtend-4.0.2.tgz. Extracting by manifest.
4341 silly tarball no local data for delayed-stream@https://registry.npmjs.org/delayed-stream/-/delayed-stream-1.0.0.tgz. Extracting by manifest.
4342 silly tarball no local data for json-rpc-engine@https://registry.npmjs.org/json-rpc-engine/-/json-rpc-engine-6.1.0.tgz. Extracting by manifest.
4343 silly tarball no local data for @metamask/eth-json-rpc-provider@https://registry.npmjs.org/@metamask/eth-json-rpc-provider/-/eth-json-rpc-provider-1.0.1.tgz. Extracting by manifest.
4344 silly tarball no local data for pify@https://registry.npmjs.org/pify/-/pify-3.0.0.tgz. Extracting by manifest.
4345 silly tarball no local data for eth-query@https://registry.npmjs.org/eth-query/-/eth-query-2.1.2.tgz. Extracting by manifest.
4346 silly tarball no local data for @ecies/ciphers@https://registry.npmjs.org/@ecies/ciphers/-/ciphers-0.2.6.tgz. Extracting by manifest.
4347 silly tarball no local data for async-mutex@https://registry.npmjs.org/async-mutex/-/async-mutex-0.2.6.tgz. Extracting by manifest.
4348 silly tarball no local data for json-rpc-random-id@https://registry.npmjs.org/json-rpc-random-id/-/json-rpc-random-id-1.0.1.tgz. Extracting by manifest.
4349 silly tarball no local data for node-fetch@https://registry.npmjs.org/node-fetch/-/node-fetch-2.7.0.tgz. Extracting by manifest.
4350 silly tarball no local data for sha.js@https://registry.npmjs.org/sha.js/-/sha.js-2.4.12.tgz. Extracting by manifest.
4351 silly tarball no local data for ms@https://registry.npmjs.org/ms/-/ms-2.1.2.tgz. Extracting by manifest.
4352 silly tarball no local data for eth-json-rpc-filters@https://registry.npmjs.org/eth-json-rpc-filters/-/eth-json-rpc-filters-6.0.1.tgz. Extracting by manifest.
4353 silly tarball no local data for keccak@https://registry.npmjs.org/keccak/-/keccak-3.0.4.tgz. Extracting by manifest.
4354 silly tarball no local data for bn.js@https://registry.npmjs.org/bn.js/-/bn.js-5.2.5.tgz. Extracting by manifest.
4355 silly tarball no local data for node-gyp-build@https://registry.npmjs.org/node-gyp-build/-/node-gyp-build-4.8.4.tgz. Extracting by manifest.
4356 silly tarball no local data for eth-block-tracker@https://registry.npmjs.org/eth-block-tracker/-/eth-block-tracker-7.1.0.tgz. Extracting by manifest.
4357 silly tarball no local data for ieee754@https://registry.npmjs.org/ieee754/-/ieee754-1.2.1.tgz. Extracting by manifest.
4358 silly tarball no local data for is-retry-allowed@https://registry.npmjs.org/is-retry-allowed/-/is-retry-allowed-2.2.0.tgz. Extracting by manifest.
4359 silly tarball no local data for base64-js@https://registry.npmjs.org/base64-js/-/base64-js-1.5.1.tgz. Extracting by manifest.
4360 silly tarball no local data for proxy-from-env@https://registry.npmjs.org/proxy-from-env/-/proxy-from-env-2.1.0.tgz. Extracting by manifest.
4361 silly tarball no local data for base-x@https://registry.npmjs.org/base-x/-/base-x-5.0.1.tgz. Extracting by manifest.
4362 silly tarball no local data for form-data@https://registry.npmjs.org/form-data/-/form-data-4.0.6.tgz. Extracting by manifest.
4363 silly tarball no local data for query-string@https://registry.npmjs.org/query-string/-/query-string-7.1.3.tgz. Extracting by manifest.
4364 silly tarball no local data for uint8arrays@https://registry.npmjs.org/uint8arrays/-/uint8arrays-3.1.0.tgz. Extracting by manifest.
4365 silly tarball no local data for follow-redirects@https://registry.npmjs.org/follow-redirects/-/follow-redirects-1.16.0.tgz. Extracting by manifest.
4366 silly tarball no local data for es-toolkit@https://registry.npmjs.org/es-toolkit/-/es-toolkit-1.33.0.tgz. Extracting by manifest.
4367 silly tarball no local data for @walletconnect/window-metadata@https://registry.npmjs.org/@walletconnect/window-metadata/-/window-metadata-1.0.1.tgz. Extracting by manifest.
4368 silly tarball no local data for @walletconnect/relay-auth@https://registry.npmjs.org/@walletconnect/relay-auth/-/relay-auth-1.1.0.tgz. Extracting by manifest.
4369 silly tarball no local data for @walletconnect/window-getters@https://registry.npmjs.org/@walletconnect/window-getters/-/window-getters-1.0.1.tgz. Extracting by manifest.
4370 silly tarball no local data for @walletconnect/relay-api@https://registry.npmjs.org/@walletconnect/relay-api/-/relay-api-1.0.11.tgz. Extracting by manifest.
4371 silly tarball no local data for @walletconnect/time@https://registry.npmjs.org/@walletconnect/time/-/time-1.0.2.tgz. Extracting by manifest.
4372 silly tarball no local data for @walletconnect/core@https://registry.npmjs.org/@walletconnect/core/-/core-2.21.1.tgz. Extracting by manifest.
4373 silly tarball no local data for @walletconnect/heartbeat@https://registry.npmjs.org/@walletconnect/heartbeat/-/heartbeat-1.2.2.tgz. Extracting by manifest.
4374 silly tarball no local data for @walletconnect/environment@https://registry.npmjs.org/@walletconnect/environment/-/environment-1.0.1.tgz. Extracting by manifest.
4375 silly tarball no local data for @walletconnect/events@https://registry.npmjs.org/@walletconnect/events/-/events-1.0.1.tgz. Extracting by manifest.
4376 silly tarball no local data for pino@https://registry.npmjs.org/pino/-/pino-7.11.0.tgz. Extracting by manifest.
4377 silly tarball no local data for unstorage@https://registry.npmjs.org/unstorage/-/unstorage-1.17.5.tgz. Extracting by manifest.
4378 silly tarball no local data for @walletconnect/safe-json@https://registry.npmjs.org/@walletconnect/safe-json/-/safe-json-1.0.2.tgz. Extracting by manifest.
4379 silly tarball no local data for @walletconnect/logger@https://registry.npmjs.org/@walletconnect/logger/-/logger-2.1.2.tgz. Extracting by manifest.
4380 silly tarball no local data for keyvaluestorage-interface@https://registry.npmjs.org/keyvaluestorage-interface/-/keyvaluestorage-interface-1.0.0.tgz. Extracting by manifest.
4381 silly tarball no local data for qrcode@https://registry.npmjs.org/qrcode/-/qrcode-1.5.3.tgz. Extracting by manifest.
4382 silly tarball no local data for @walletconnect/jsonrpc-ws-connection@https://registry.npmjs.org/@walletconnect/jsonrpc-ws-connection/-/jsonrpc-ws-connection-1.0.16.tgz. Extracting by manifest.
4383 silly tarball no local data for buffer@https://registry.npmjs.org/buffer/-/buffer-6.0.3.tgz. Extracting by manifest.
4384 silly tarball no local data for dayjs@https://registry.npmjs.org/dayjs/-/dayjs-1.11.13.tgz. Extracting by manifest.
4385 silly tarball no local data for big.js@https://registry.npmjs.org/big.js/-/big.js-6.2.2.tgz. Extracting by manifest.
4386 silly tarball no local data for lit@https://registry.npmjs.org/lit/-/lit-3.3.0.tgz. Extracting by manifest.
4387 silly tarball no local data for @reown/appkit-wallet@https://registry.npmjs.org/@reown/appkit-wallet/-/appkit-wallet-1.7.8.tgz. Extracting by manifest.
4388 silly tarball no local data for valtio@https://registry.npmjs.org/valtio/-/valtio-1.13.2.tgz. Extracting by manifest.
4389 silly tarball no local data for @reown/appkit-ui@https://registry.npmjs.org/@reown/appkit-ui/-/appkit-ui-1.7.8.tgz. Extracting by manifest.
4390 silly tarball no local data for @reown/appkit-utils@https://registry.npmjs.org/@reown/appkit-utils/-/appkit-utils-1.7.8.tgz. Extracting by manifest.
4391 silly tarball no local data for @reown/appkit-scaffold-ui@https://registry.npmjs.org/@reown/appkit-scaffold-ui/-/appkit-scaffold-ui-1.7.8.tgz. Extracting by manifest.
4392 silly tarball no local data for @reown/appkit-polyfills@https://registry.npmjs.org/@reown/appkit-polyfills/-/appkit-polyfills-1.7.8.tgz. Extracting by manifest.
4393 silly tarball no local data for @reown/appkit-pay@https://registry.npmjs.org/@reown/appkit-pay/-/appkit-pay-1.7.8.tgz. Extracting by manifest.
4394 silly tarball no local data for @reown/appkit-common@https://registry.npmjs.org/@reown/appkit-common/-/appkit-common-1.7.8.tgz. Extracting by manifest.
4395 silly tarball no local data for @reown/appkit-controllers@https://registry.npmjs.org/@reown/appkit-controllers/-/appkit-controllers-1.7.8.tgz. Extracting by manifest.
4396 silly tarball no local data for @walletconnect/universal-provider@https://registry.npmjs.org/@walletconnect/universal-provider/-/universal-provider-2.21.1.tgz. Extracting by manifest.
4397 silly tarball no local data for @walletconnect/utils@https://registry.npmjs.org/@walletconnect/utils/-/utils-2.21.1.tgz. Extracting by manifest.
4398 silly tarball no local data for @walletconnect/types@https://registry.npmjs.org/@walletconnect/types/-/types-2.21.1.tgz. Extracting by manifest.
4399 silly tarball no local data for @walletconnect/keyvaluestorage@https://registry.npmjs.org/@walletconnect/keyvaluestorage/-/keyvaluestorage-1.1.1.tgz. Extracting by manifest.
4400 silly tarball no local data for @walletconnect/sign-client@https://registry.npmjs.org/@walletconnect/sign-client/-/sign-client-2.21.1.tgz. Extracting by manifest.
4401 silly tarball no local data for mipd@https://registry.npmjs.org/mipd/-/mipd-0.0.7.tgz. Extracting by manifest.
4402 silly tarball no local data for @reown/appkit@https://registry.npmjs.org/@reown/appkit/-/appkit-1.7.8.tgz. Extracting by manifest.
4403 silly tarball no local data for @walletconnect/jsonrpc-utils@https://registry.npmjs.org/@walletconnect/jsonrpc-utils/-/jsonrpc-utils-1.0.8.tgz. Extracting by manifest.
4404 silly tarball no local data for @walletconnect/jsonrpc-http-connection@https://registry.npmjs.org/@walletconnect/jsonrpc-http-connection/-/jsonrpc-http-connection-1.0.8.tgz. Extracting by manifest.
4405 silly tarball no local data for @walletconnect/jsonrpc-provider@https://registry.npmjs.org/@walletconnect/jsonrpc-provider/-/jsonrpc-provider-1.0.14.tgz. Extracting by manifest.
4406 silly tarball no local data for @walletconnect/jsonrpc-types@https://registry.npmjs.org/@walletconnect/jsonrpc-types/-/jsonrpc-types-1.0.4.tgz. Extracting by manifest.
4407 silly tarball no local data for @types/ms@https://registry.npmjs.org/@types/ms/-/ms-2.1.0.tgz. Extracting by manifest.
4408 silly tarball no local data for @solana/subscribable@https://registry.npmjs.org/@solana/subscribable/-/subscribable-5.5.1.tgz. Extracting by manifest.
4409 silly tarball no local data for @solana/rpc-subscriptions-channel-websocket@https://registry.npmjs.org/@solana/rpc-subscriptions-channel-websocket/-/rpc-subscriptions-channel-websocket-5.5.1.tgz. Extracting by manifest.
4410 silly tarball no local data for @solana/rpc-subscriptions-spec@https://registry.npmjs.org/@solana/rpc-subscriptions-spec/-/rpc-subscriptions-spec-5.5.1.tgz. Extracting by manifest.
4411 silly tarball no local data for @solana/rpc-subscriptions-api@https://registry.npmjs.org/@solana/rpc-subscriptions-api/-/rpc-subscriptions-api-5.5.1.tgz. Extracting by manifest.
4412 silly tarball no local data for @solana/rpc-transport-http@https://registry.npmjs.org/@solana/rpc-transport-http/-/rpc-transport-http-5.5.1.tgz. Extracting by manifest.
4413 silly tarball no local data for @solana/rpc-transformers@https://registry.npmjs.org/@solana/rpc-transformers/-/rpc-transformers-5.5.1.tgz. Extracting by manifest.
4414 silly tarball no local data for @solana/fast-stable-stringify@https://registry.npmjs.org/@solana/fast-stable-stringify/-/fast-stable-stringify-5.5.1.tgz. Extracting by manifest.
4415 silly tarball no local data for @solana/promises@https://registry.npmjs.org/@solana/promises/-/promises-5.5.1.tgz. Extracting by manifest.
4416 silly tarball no local data for @solana/options@https://registry.npmjs.org/@solana/options/-/options-5.5.1.tgz. Extracting by manifest.
4417 silly tarball no local data for chalk@https://registry.npmjs.org/chalk/-/chalk-5.6.2.tgz. Extracting by manifest.
4418 silly tarball no local data for @solana/rpc-spec@https://registry.npmjs.org/@solana/rpc-spec/-/rpc-spec-5.5.1.tgz. Extracting by manifest.
4419 silly tarball no local data for @solana/codecs-numbers@https://registry.npmjs.org/@solana/codecs-numbers/-/codecs-numbers-5.5.1.tgz. Extracting by manifest.
4420 silly tarball no local data for @solana/codecs-data-structures@https://registry.npmjs.org/@solana/codecs-data-structures/-/codecs-data-structures-5.5.1.tgz. Extracting by manifest.
4421 silly tarball no local data for @solana/assertions@https://registry.npmjs.org/@solana/assertions/-/assertions-5.5.1.tgz. Extracting by manifest.
4422 silly tarball no local data for @solana/nominal-types@https://registry.npmjs.org/@solana/nominal-types/-/nominal-types-5.5.1.tgz. Extracting by manifest.
4423 silly tarball no local data for @solana/codecs-strings@https://registry.npmjs.org/@solana/codecs-strings/-/codecs-strings-5.5.1.tgz. Extracting by manifest.
4424 silly tarball no local data for @solana/transactions@https://registry.npmjs.org/@solana/transactions/-/transactions-5.5.1.tgz. Extracting by manifest.
4425 silly tarball no local data for @solana/codecs-core@https://registry.npmjs.org/@solana/codecs-core/-/codecs-core-5.5.1.tgz. Extracting by manifest.
4426 silly tarball no local data for @solana/transaction-messages@https://registry.npmjs.org/@solana/transaction-messages/-/transaction-messages-5.5.1.tgz. Extracting by manifest.
4427 silly tarball no local data for @solana/signers@https://registry.npmjs.org/@solana/signers/-/signers-5.5.1.tgz. Extracting by manifest.
4428 silly tarball no local data for @solana/transaction-confirmation@https://registry.npmjs.org/@solana/transaction-confirmation/-/transaction-confirmation-5.5.1.tgz. Extracting by manifest.
4429 silly tarball no local data for @solana/rpc-types@https://registry.npmjs.org/@solana/rpc-types/-/rpc-types-5.5.1.tgz. Extracting by manifest.
4430 silly tarball no local data for @solana/rpc-parsed-types@https://registry.npmjs.org/@solana/rpc-parsed-types/-/rpc-parsed-types-5.5.1.tgz. Extracting by manifest.
4431 silly tarball no local data for @solana/sysvars@https://registry.npmjs.org/@solana/sysvars/-/sysvars-5.5.1.tgz. Extracting by manifest.
4432 silly tarball no local data for @solana/rpc-api@https://registry.npmjs.org/@solana/rpc-api/-/rpc-api-5.5.1.tgz. Extracting by manifest.
4433 silly tarball no local data for @solana/rpc-subscriptions@https://registry.npmjs.org/@solana/rpc-subscriptions/-/rpc-subscriptions-5.5.1.tgz. Extracting by manifest.
4434 silly tarball no local data for @solana/rpc-spec-types@https://registry.npmjs.org/@solana/rpc-spec-types/-/rpc-spec-types-5.5.1.tgz. Extracting by manifest.
4435 silly tarball no local data for @solana/rpc@https://registry.npmjs.org/@solana/rpc/-/rpc-5.5.1.tgz. Extracting by manifest.
4436 silly tarball no local data for @solana/offchain-messages@https://registry.npmjs.org/@solana/offchain-messages/-/offchain-messages-5.5.1.tgz. Extracting by manifest.
4437 silly tarball no local data for @solana/plugin-core@https://registry.npmjs.org/@solana/plugin-core/-/plugin-core-5.5.1.tgz. Extracting by manifest.
4438 silly tarball no local data for @solana/keys@https://registry.npmjs.org/@solana/keys/-/keys-5.5.1.tgz. Extracting by manifest.
4439 silly tarball no local data for @solana/programs@https://registry.npmjs.org/@solana/programs/-/programs-5.5.1.tgz. Extracting by manifest.
4440 silly tarball no local data for @solana/instruction-plans@https://registry.npmjs.org/@solana/instruction-plans/-/instruction-plans-5.5.1.tgz. Extracting by manifest.
4441 silly tarball no local data for @solana/errors@https://registry.npmjs.org/@solana/errors/-/errors-5.5.1.tgz. Extracting by manifest.
4442 silly tarball no local data for @solana/instructions@https://registry.npmjs.org/@solana/instructions/-/instructions-5.5.1.tgz. Extracting by manifest.
4443 silly tarball no local data for @solana/codecs@https://registry.npmjs.org/@solana/codecs/-/codecs-5.5.1.tgz. Extracting by manifest.
4444 silly tarball no local data for @solana/addresses@https://registry.npmjs.org/@solana/addresses/-/addresses-5.5.1.tgz. Extracting by manifest.
4445 silly tarball no local data for @solana/functional@https://registry.npmjs.org/@solana/functional/-/functional-5.5.1.tgz. Extracting by manifest.
4446 silly tarball no local data for @solana/accounts@https://registry.npmjs.org/@solana/accounts/-/accounts-5.5.1.tgz. Extracting by manifest.
4447 silly tarball no local data for micro-ftch@https://registry.npmjs.org/micro-ftch/-/micro-ftch-0.3.1.tgz. Extracting by manifest.
4448 silly tarball no local data for ethereum-cryptography@https://registry.npmjs.org/ethereum-cryptography/-/ethereum-cryptography-2.2.1.tgz. Extracting by manifest.
4449 silly tarball no local data for @safe-global/safe-gateway-typescript-sdk@https://registry.npmjs.org/@safe-global/safe-gateway-typescript-sdk/-/safe-gateway-typescript-sdk-3.23.1.tgz. Extracting by manifest.
4450 silly tarball no local data for events@https://registry.npmjs.org/events/-/events-3.3.0.tgz. Extracting by manifest.
4451 silly tarball no local data for @ethereumjs/util@https://registry.npmjs.org/@ethereumjs/util/-/util-8.1.0.tgz. Extracting by manifest.
4452 silly tarball no local data for @ethereumjs/rlp@https://registry.npmjs.org/@ethereumjs/rlp/-/rlp-4.0.1.tgz. Extracting by manifest.
4453 silly tarball no local data for @ethereumjs/common@https://registry.npmjs.org/@ethereumjs/common/-/common-3.2.0.tgz. Extracting by manifest.
4454 silly tarball no local data for crc-32@https://registry.npmjs.org/crc-32/-/crc-32-1.2.2.tgz. Extracting by manifest.
4455 silly tarball no local data for pony-cause@https://registry.npmjs.org/pony-cause/-/pony-cause-2.1.11.tgz. Extracting by manifest.
4456 silly tarball no local data for @types/debug@https://registry.npmjs.org/@types/debug/-/debug-4.1.13.tgz. Extracting by manifest.
4457 silly tarball no local data for @types/lodash@https://registry.npmjs.org/@types/lodash/-/lodash-4.17.25.tgz. Extracting by manifest.
4458 silly tarball no local data for @metamask/superstruct@https://registry.npmjs.org/@metamask/superstruct/-/superstruct-3.4.1.tgz. Extracting by manifest.
4459 silly tarball no local data for @ethereumjs/tx@https://registry.npmjs.org/@ethereumjs/tx/-/tx-4.2.0.tgz. Extracting by manifest.
4460 silly tarball no local data for utf-8-validate@https://registry.npmjs.org/utf-8-validate/-/utf-8-validate-5.0.10.tgz. Extracting by manifest.
4461 silly tarball no local data for date-fns@https://registry.npmjs.org/date-fns/-/date-fns-2.30.0.tgz. Extracting by manifest.
4462 silly tarball no local data for openapi-fetch@https://registry.npmjs.org/openapi-fetch/-/openapi-fetch-0.13.8.tgz. Extracting by manifest.
4463 silly tarball no local data for bufferutil@https://registry.npmjs.org/bufferutil/-/bufferutil-4.1.0.tgz. Extracting by manifest.
4464 silly tarball no local data for webextension-polyfill@https://registry.npmjs.org/webextension-polyfill/-/webextension-polyfill-0.10.0.tgz. Extracting by manifest.
4465 silly tarball no local data for once@https://registry.npmjs.org/once/-/once-1.4.0.tgz. Extracting by manifest.
4466 silly tarball no local data for fast-deep-equal@https://registry.npmjs.org/fast-deep-equal/-/fast-deep-equal-3.1.3.tgz. Extracting by manifest.
4467 silly tarball no local data for extension-port-stream@https://registry.npmjs.org/extension-port-stream/-/extension-port-stream-3.0.0.tgz. Extracting by manifest.
4468 silly tarball no local data for detect-browser@https://registry.npmjs.org/detect-browser/-/detect-browser-5.3.0.tgz. Extracting by manifest.
4469 silly tarball no local data for is-stream@https://registry.npmjs.org/is-stream/-/is-stream-2.0.1.tgz. Extracting by manifest.
4470 silly tarball no local data for @metamask/object-multiplex@https://registry.npmjs.org/@metamask/object-multiplex/-/object-multiplex-2.1.0.tgz. Extracting by manifest.
4471 silly tarball no local data for @metamask/json-rpc-middleware-stream@https://registry.npmjs.org/@metamask/json-rpc-middleware-stream/-/json-rpc-middleware-stream-7.0.2.tgz. Extracting by manifest.
4472 silly tarball no local data for util@https://registry.npmjs.org/util/-/util-0.12.5.tgz. Extracting by manifest.
4473 silly tarball no local data for @metamask/json-rpc-engine@https://registry.npmjs.org/@metamask/json-rpc-engine/-/json-rpc-engine-8.0.2.tgz. Extracting by manifest.
4474 silly tarball no local data for @metamask/safe-event-emitter@https://registry.npmjs.org/@metamask/safe-event-emitter/-/safe-event-emitter-3.1.3.tgz. Extracting by manifest.
4475 silly tarball no local data for pump@https://registry.npmjs.org/pump/-/pump-3.0.4.tgz. Extracting by manifest.
4476 silly tarball no local data for uuid@https://registry.npmjs.org/uuid/-/uuid-8.3.2.tgz. Extracting by manifest.
4477 silly tarball no local data for @metamask/sdk-install-modal-web@https://registry.npmjs.org/@metamask/sdk-install-modal-web/-/sdk-install-modal-web-0.32.1.tgz. Extracting by manifest.
4478 silly tarball no local data for eth-rpc-errors@https://registry.npmjs.org/eth-rpc-errors/-/eth-rpc-errors-4.0.3.tgz. Extracting by manifest.
4479 silly tarball no local data for debug@https://registry.npmjs.org/debug/-/debug-4.3.4.tgz. Extracting by manifest.
4480 silly tarball no local data for @paulmillr/qr@https://registry.npmjs.org/@paulmillr/qr/-/qr-0.2.1.tgz. Extracting by manifest.
4481 silly tarball no local data for bowser@https://registry.npmjs.org/bowser/-/bowser-2.14.1.tgz. Extracting by manifest.
4482 silly tarball no local data for socket.io-client@https://registry.npmjs.org/socket.io-client/-/socket.io-client-4.8.3.tgz. Extracting by manifest.
4483 silly tarball no local data for obj-multiplex@https://registry.npmjs.org/obj-multiplex/-/obj-multiplex-1.0.0.tgz. Extracting by manifest.
4484 silly tarball no local data for readable-stream@https://registry.npmjs.org/readable-stream/-/readable-stream-3.6.2.tgz. Extracting by manifest.
4485 silly tarball no local data for @metamask/sdk-analytics@https://registry.npmjs.org/@metamask/sdk-analytics/-/sdk-analytics-0.0.5.tgz. Extracting by manifest.
4486 silly tarball no local data for eciesjs@https://registry.npmjs.org/eciesjs/-/eciesjs-0.4.18.tgz. Extracting by manifest.
4487 silly tarball no local data for eventemitter2@https://registry.npmjs.org/eventemitter2/-/eventemitter2-6.4.9.tgz. Extracting by manifest.
4488 silly tarball no local data for cross-fetch@https://registry.npmjs.org/cross-fetch/-/cross-fetch-4.1.0.tgz. Extracting by manifest.
4489 silly tarball no local data for @metamask/sdk-communication-layer@https://registry.npmjs.org/@metamask/sdk-communication-layer/-/sdk-communication-layer-0.33.1.tgz. Extracting by manifest.
4490 silly tarball no local data for fast-safe-stringify@https://registry.npmjs.org/fast-safe-stringify/-/fast-safe-stringify-2.1.1.tgz. Extracting by manifest.
4491 silly tarball no local data for zod@https://registry.npmjs.org/zod/-/zod-3.25.76.tgz. Extracting by manifest.
4492 silly tarball no local data for @metamask/onboarding@https://registry.npmjs.org/@metamask/onboarding/-/onboarding-1.0.1.tgz. Extracting by manifest.
4493 silly tarball no local data for @metamask/providers@https://registry.npmjs.org/@metamask/providers/-/providers-16.1.0.tgz. Extracting by manifest.
4494 silly tarball no local data for uncrypto@https://registry.npmjs.org/uncrypto/-/uncrypto-0.1.3.tgz. Extracting by manifest.
4495 silly tarball no local data for @metamask/utils@https://registry.npmjs.org/@metamask/utils/-/utils-11.11.0.tgz. Extracting by manifest.
4496 silly tarball no local data for @metamask/rpc-errors@https://registry.npmjs.org/@metamask/rpc-errors/-/rpc-errors-7.0.2.tgz. Extracting by manifest.
4497 silly tarball no local data for md5@https://registry.npmjs.org/md5/-/md5-2.3.0.tgz. Extracting by manifest.
4498 silly tarball no local data for jose@https://registry.npmjs.org/jose/-/jose-6.2.10.tgz. Extracting by manifest.
4499 silly tarball no local data for bs58@https://registry.npmjs.org/bs58/-/bs58-6.0.0.tgz. Extracting by manifest.
4500 silly tarball no local data for axios@https://registry.npmjs.org/axios/-/axios-1.16.0.tgz. Extracting by manifest.
4501 silly tarball no local data for @solana/kit@https://registry.npmjs.org/@solana/kit/-/kit-5.5.1.tgz. Extracting by manifest.
4502 silly tarball no local data for zustand@https://registry.npmjs.org/zustand/-/zustand-5.0.3.tgz. Extracting by manifest.
4503 silly tarball no local data for axios-retry@https://registry.npmjs.org/axios-retry/-/axios-retry-4.5.0.tgz. Extracting by manifest.
4504 silly tarball no local data for @solana-program/system@https://registry.npmjs.org/@solana-program/system/-/system-0.10.0.tgz. Extracting by manifest.
4505 silly tarball no local data for preact@https://registry.npmjs.org/preact/-/preact-10.24.2.tgz. Extracting by manifest.
4506 silly tarball no local data for @solana-program/token@https://registry.npmjs.org/@solana-program/token/-/token-0.9.0.tgz. Extracting by manifest.
4507 silly tarball no local data for @walletconnect/ethereum-provider@https://registry.npmjs.org/@walletconnect/ethereum-provider/-/ethereum-provider-2.21.1.tgz. Extracting by manifest.
4508 silly tarball no local data for @safe-global/safe-apps-sdk@https://registry.npmjs.org/@safe-global/safe-apps-sdk/-/safe-apps-sdk-9.1.0.tgz. Extracting by manifest.
4509 silly tarball no local data for @coinbase/cdp-sdk@https://registry.npmjs.org/@coinbase/cdp-sdk/-/cdp-sdk-1.55.0.tgz. Extracting by manifest.
4510 silly tarball no local data for idb-keyval@https://registry.npmjs.org/idb-keyval/-/idb-keyval-6.2.1.tgz. Extracting by manifest.
4511 silly tarball no local data for cbw-sdk@https://registry.npmjs.org/@coinbase/wallet-sdk/-/wallet-sdk-3.9.3.tgz. Extracting by manifest.
4512 silly tarball no local data for @safe-global/safe-apps-provider@https://registry.npmjs.org/@safe-global/safe-apps-provider/-/safe-apps-provider-0.18.6.tgz. Extracting by manifest.
4513 silly tarball no local data for @metamask/sdk@https://registry.npmjs.org/@metamask/sdk/-/sdk-0.33.1.tgz. Extracting by manifest.
4514 silly tarball no local data for porto@https://registry.npmjs.org/porto/-/porto-0.2.35.tgz. Extracting by manifest.
4515 silly tarball no local data for @coinbase/wallet-sdk@https://registry.npmjs.org/@coinbase/wallet-sdk/-/wallet-sdk-4.3.6.tgz. Extracting by manifest.
4516 silly tarball no local data for use-sync-external-store@https://registry.npmjs.org/use-sync-external-store/-/use-sync-external-store-1.4.0.tgz. Extracting by manifest.
4517 silly tarball no local data for @base-org/account@https://registry.npmjs.org/@base-org/account/-/account-2.4.0.tgz. Extracting by manifest.
4518 silly tarball no local data for @wagmi/connectors@https://registry.npmjs.org/@wagmi/connectors/-/connectors-6.2.0.tgz. Extracting by manifest.
4519 silly tarball no local data for @wagmi/core@https://registry.npmjs.org/@wagmi/core/-/core-2.22.1.tgz. Extracting by manifest.
4520 silly tarball no local data for @noble/ciphers@https://registry.npmjs.org/@noble/ciphers/-/ciphers-1.3.0.tgz. Extracting by manifest.
4521 silly tarball no local data for ox@https://registry.npmjs.org/ox/-/ox-0.14.34.tgz. Extracting by manifest.
4522 silly tarball no local data for @scure/base@https://registry.npmjs.org/@scure/base/-/base-1.2.6.tgz. Extracting by manifest.
4523 silly tarball no local data for @gemini-wallet/core@https://registry.npmjs.org/@gemini-wallet/core/-/core-0.3.2.tgz. Extracting by manifest.
4524 silly tarball no local data for @scure/bip32@https://registry.npmjs.org/@scure/bip32/-/bip32-1.7.0.tgz. Extracting by manifest.
4525 silly tarball no local data for @adraffy/ens-normalize@https://registry.npmjs.org/@adraffy/ens-normalize/-/ens-normalize-1.11.1.tgz. Extracting by manifest.
4526 silly tarball no local data for @noble/hashes@https://registry.npmjs.org/@noble/hashes/-/hashes-1.8.0.tgz. Extracting by manifest.
4527 silly tarball no local data for @scure/bip39@https://registry.npmjs.org/@scure/bip39/-/bip39-1.6.0.tgz. Extracting by manifest.
4528 silly tarball no local data for isows@https://registry.npmjs.org/isows/-/isows-1.0.7.tgz. Extracting by manifest.
4529 silly tarball no local data for ws@https://registry.npmjs.org/ws/-/ws-8.21.0.tgz. Extracting by manifest.
4530 silly tarball no local data for @noble/curves@https://registry.npmjs.org/@noble/curves/-/curves-1.9.1.tgz. Extracting by manifest.
4531 silly tarball no local data for d3-path@https://registry.npmjs.org/d3-path/-/d3-path-3.1.0.tgz. Extracting by manifest.
4532 silly tarball no local data for abitype@https://registry.npmjs.org/abitype/-/abitype-1.2.3.tgz. Extracting by manifest.
4533 silly tarball no local data for internmap@https://registry.npmjs.org/internmap/-/internmap-2.0.3.tgz. Extracting by manifest.
4534 silly tarball no local data for d3-time-format@https://registry.npmjs.org/d3-time-format/-/d3-time-format-4.1.0.tgz. Extracting by manifest.
4535 silly tarball no local data for d3-color@https://registry.npmjs.org/d3-color/-/d3-color-3.1.0.tgz. Extracting by manifest.
4536 silly tarball no local data for @types/d3-path@https://registry.npmjs.org/@types/d3-path/-/d3-path-3.1.1.tgz. Extracting by manifest.
4537 silly tarball no local data for d3-timer@https://registry.npmjs.org/d3-timer/-/d3-timer-3.0.1.tgz. Extracting by manifest.
4538 silly tarball no local data for @types/d3-color@https://registry.npmjs.org/@types/d3-color/-/d3-color-3.1.3.tgz. Extracting by manifest.
4539 silly tarball no local data for d3-time@https://registry.npmjs.org/d3-time/-/d3-time-3.1.0.tgz. Extracting by manifest.
4540 silly tarball no local data for d3-shape@https://registry.npmjs.org/d3-shape/-/d3-shape-3.2.0.tgz. Extracting by manifest.
4541 silly tarball no local data for d3-format@https://registry.npmjs.org/d3-format/-/d3-format-3.1.2.tgz. Extracting by manifest.
4542 silly tarball no local data for d3-scale@https://registry.npmjs.org/d3-scale/-/d3-scale-4.0.2.tgz. Extracting by manifest.
4543 silly tarball no local data for d3-interpolate@https://registry.npmjs.org/d3-interpolate/-/d3-interpolate-3.0.1.tgz. Extracting by manifest.
4544 silly tarball no local data for d3-ease@https://registry.npmjs.org/d3-ease/-/d3-ease-3.0.1.tgz. Extracting by manifest.
4545 silly tarball no local data for d3-array@https://registry.npmjs.org/d3-array/-/d3-array-3.2.4.tgz. Extracting by manifest.
4546 silly tarball no local data for @types/d3-time@https://registry.npmjs.org/@types/d3-time/-/d3-time-3.0.4.tgz. Extracting by manifest.
4547 silly tarball no local data for @types/d3-timer@https://registry.npmjs.org/@types/d3-timer/-/d3-timer-3.0.2.tgz. Extracting by manifest.
4548 silly tarball no local data for @types/d3-shape@https://registry.npmjs.org/@types/d3-shape/-/d3-shape-3.2.0.tgz. Extracting by manifest.
4549 silly tarball no local data for @types/d3-scale@https://registry.npmjs.org/@types/d3-scale/-/d3-scale-4.0.9.tgz. Extracting by manifest.
4550 silly tarball no local data for detect-node-es@https://registry.npmjs.org/detect-node-es/-/detect-node-es-1.1.0.tgz. Extracting by manifest.
4551 silly tarball no local data for @types/d3-interpolate@https://registry.npmjs.org/@types/d3-interpolate/-/d3-interpolate-3.0.4.tgz. Extracting by manifest.
4552 silly tarball no local data for @types/d3-ease@https://registry.npmjs.org/@types/d3-ease/-/d3-ease-3.0.2.tgz. Extracting by manifest.
4553 silly tarball no local data for @types/d3-array@https://registry.npmjs.org/@types/d3-array/-/d3-array-3.2.2.tgz. Extracting by manifest.
4554 silly tarball no local data for escalade@https://registry.npmjs.org/escalade/-/escalade-3.2.0.tgz. Extracting by manifest.
4555 silly tarball no local data for ua-is-frozen@https://registry.npmjs.org/ua-is-frozen/-/ua-is-frozen-0.1.2.tgz. Extracting by manifest.
4556 silly tarball no local data for is-number@https://registry.npmjs.org/is-number/-/is-number-7.0.0.tgz. Extracting by manifest.
4557 silly tarball no local data for detect-europe-js@https://registry.npmjs.org/detect-europe-js/-/detect-europe-js-0.1.2.tgz. Extracting by manifest.
4558 silly tarball no local data for thenify-all@https://registry.npmjs.org/thenify-all/-/thenify-all-1.6.0.tgz. Extracting by manifest.
4559 silly tarball no local data for thenify@https://registry.npmjs.org/thenify/-/thenify-3.3.1.tgz. Extracting by manifest.
4560 silly tarball no local data for @jridgewell/resolve-uri@https://registry.npmjs.org/@jridgewell/resolve-uri/-/resolve-uri-3.1.2.tgz. Extracting by manifest.
4561 silly tarball no local data for any-promise@https://registry.npmjs.org/any-promise/-/any-promise-1.3.0.tgz. Extracting by manifest.
4562 silly tarball no local data for is-standalone-pwa@https://registry.npmjs.org/is-standalone-pwa/-/is-standalone-pwa-0.1.1.tgz. Extracting by manifest.
4563 silly tarball no local data for @jridgewell/trace-mapping@https://registry.npmjs.org/@jridgewell/trace-mapping/-/trace-mapping-0.3.31.tgz. Extracting by manifest.
4564 silly tarball no local data for ts-interface-checker@https://registry.npmjs.org/ts-interface-checker/-/ts-interface-checker-0.1.13.tgz. Extracting by manifest.
4565 silly tarball no local data for tinyglobby@https://registry.npmjs.org/tinyglobby/-/tinyglobby-0.2.17.tgz. Extracting by manifest.
4566 silly tarball no local data for lines-and-columns@https://registry.npmjs.org/lines-and-columns/-/lines-and-columns-1.2.4.tgz. Extracting by manifest.
4567 silly tarball no local data for pirates@https://registry.npmjs.org/pirates/-/pirates-4.0.7.tgz. Extracting by manifest.
4568 silly tarball no local data for @jridgewell/sourcemap-codec@https://registry.npmjs.org/@jridgewell/sourcemap-codec/-/sourcemap-codec-1.6.0.tgz. Extracting by manifest.
4569 silly tarball no local data for mz@https://registry.npmjs.org/mz/-/mz-2.7.0.tgz. Extracting by manifest.
4570 silly tarball no local data for @jridgewell/gen-mapping@https://registry.npmjs.org/@jridgewell/gen-mapping/-/gen-mapping-0.3.13.tgz. Extracting by manifest.
4571 silly tarball no local data for commander@https://registry.npmjs.org/commander/-/commander-4.1.1.tgz. Extracting by manifest.
4572 silly tarball no local data for hasown@https://registry.npmjs.org/hasown/-/hasown-2.0.4.tgz. Extracting by manifest.
4573 silly tarball no local data for function-bind@https://registry.npmjs.org/function-bind/-/function-bind-1.1.2.tgz. Extracting by manifest.
4574 silly tarball no local data for queue-microtask@https://registry.npmjs.org/queue-microtask/-/queue-microtask-1.2.3.tgz. Extracting by manifest.
4575 silly tarball no local data for supports-preserve-symlinks-flag@https://registry.npmjs.org/supports-preserve-symlinks-flag/-/supports-preserve-symlinks-flag-1.0.0.tgz. Extracting by manifest.
4576 silly tarball no local data for path-parse@https://registry.npmjs.org/path-parse/-/path-parse-1.0.7.tgz. Extracting by manifest.
4577 silly tarball no local data for is-core-module@https://registry.npmjs.org/is-core-module/-/is-core-module-2.16.2.tgz. Extracting by manifest.
4578 silly tarball no local data for es-errors@https://registry.npmjs.org/es-errors/-/es-errors-1.3.0.tgz. Extracting by manifest.
4579 silly tarball no local data for util-deprecate@https://registry.npmjs.org/util-deprecate/-/util-deprecate-1.0.2.tgz. Extracting by manifest.
4580 silly tarball no local data for cssesc@https://registry.npmjs.org/cssesc/-/cssesc-3.0.0.tgz. Extracting by manifest.
4581 silly tarball no local data for camelcase-css@https://registry.npmjs.org/camelcase-css/-/camelcase-css-2.0.1.tgz. Extracting by manifest.
4582 silly tarball no local data for binary-extensions@https://registry.npmjs.org/binary-extensions/-/binary-extensions-2.3.0.tgz. Extracting by manifest.
4583 silly tarball no local data for read-cache@https://registry.npmjs.org/read-cache/-/read-cache-1.0.2.tgz. Extracting by manifest.
4584 silly tarball no local data for is-extglob@https://registry.npmjs.org/is-extglob/-/is-extglob-2.1.1.tgz. Extracting by manifest.
4585 silly tarball no local data for to-regex-range@https://registry.npmjs.org/to-regex-range/-/to-regex-range-5.0.1.tgz. Extracting by manifest.
4586 silly tarball no local data for reusify@https://registry.npmjs.org/reusify/-/reusify-1.1.0.tgz. Extracting by manifest.
4587 silly tarball no local data for run-parallel@https://registry.npmjs.org/run-parallel/-/run-parallel-1.2.0.tgz. Extracting by manifest.
4588 silly tarball no local data for @nodelib/fs.scandir@https://registry.npmjs.org/@nodelib/fs.scandir/-/fs.scandir-2.1.5.tgz. Extracting by manifest.
4589 silly tarball no local data for @nodelib/fs.walk@https://registry.npmjs.org/@nodelib/fs.walk/-/fs.walk-1.2.8.tgz. Extracting by manifest.
4590 silly tarball no local data for fastq@https://registry.npmjs.org/fastq/-/fastq-1.20.3.tgz. Extracting by manifest.
4591 silly tarball no local data for is-binary-path@https://registry.npmjs.org/is-binary-path/-/is-binary-path-2.1.0.tgz. Extracting by manifest.
4592 silly tarball no local data for fill-range@https://registry.npmjs.org/fill-range/-/fill-range-7.1.1.tgz. Extracting by manifest.
4593 silly tarball no local data for @nodelib/fs.stat@https://registry.npmjs.org/@nodelib/fs.stat/-/fs.stat-2.0.5.tgz. Extracting by manifest.
4594 silly tarball no local data for picomatch@https://registry.npmjs.org/picomatch/-/picomatch-2.3.2.tgz. Extracting by manifest.
4595 silly tarball no local data for readdirp@https://registry.npmjs.org/readdirp/-/readdirp-3.6.0.tgz. Extracting by manifest.
4596 silly tarball no local data for merge2@https://registry.npmjs.org/merge2/-/merge2-1.4.1.tgz. Extracting by manifest.
4597 silly tarball no local data for braces@https://registry.npmjs.org/braces/-/braces-3.0.3.tgz. Extracting by manifest.
4598 silly tarball no local data for resolve@https://registry.npmjs.org/resolve/-/resolve-1.22.12.tgz. Extracting by manifest.
4599 silly tarball no local data for anymatch@https://registry.npmjs.org/anymatch/-/anymatch-3.1.3.tgz. Extracting by manifest.
4600 silly tarball no local data for postcss-js@https://registry.npmjs.org/postcss-js/-/postcss-js-4.1.0.tgz. Extracting by manifest.
4601 silly tarball no local data for sucrase@https://registry.npmjs.org/sucrase/-/sucrase-3.35.1.tgz. Extracting by manifest.
4602 silly tarball no local data for postcss-selector-parser@https://registry.npmjs.org/postcss-selector-parser/-/postcss-selector-parser-6.1.4.tgz. Extracting by manifest.
4603 silly tarball no local data for postcss-load-config@https://registry.npmjs.org/postcss-load-config/-/postcss-load-config-6.0.1.tgz. Extracting by manifest.
4604 silly tarball no local data for postcss-nested@https://registry.npmjs.org/postcss-nested/-/postcss-nested-6.2.0.tgz. Extracting by manifest.
4605 silly tarball no local data for postcss-import@https://registry.npmjs.org/postcss-import/-/postcss-import-15.1.0.tgz. Extracting by manifest.
4606 silly tarball no local data for micromatch@https://registry.npmjs.org/micromatch/-/micromatch-4.0.8.tgz. Extracting by manifest.
4607 silly tarball no local data for normalize-path@https://registry.npmjs.org/normalize-path/-/normalize-path-3.0.0.tgz. Extracting by manifest.
4608 silly tarball no local data for object-hash@https://registry.npmjs.org/object-hash/-/object-hash-3.0.0.tgz. Extracting by manifest.
4609 silly tarball no local data for lilconfig@https://registry.npmjs.org/lilconfig/-/lilconfig-3.1.3.tgz. Extracting by manifest.
4610 silly tarball no local data for is-glob@https://registry.npmjs.org/is-glob/-/is-glob-4.0.3.tgz. Extracting by manifest.
4611 silly tarball no local data for jiti@https://registry.npmjs.org/jiti/-/jiti-1.21.7.tgz. Extracting by manifest.
4612 silly tarball no local data for glob-parent@https://registry.npmjs.org/glob-parent/-/glob-parent-6.0.2.tgz. Extracting by manifest.
4613 silly tarball no local data for fast-glob@https://registry.npmjs.org/fast-glob/-/fast-glob-3.3.3.tgz. Extracting by manifest.
4614 silly tarball no local data for @alloc/quick-lru@https://registry.npmjs.org/@alloc/quick-lru/-/quick-lru-5.2.0.tgz. Extracting by manifest.
4615 silly tarball no local data for didyoumean@https://registry.npmjs.org/didyoumean/-/didyoumean-1.2.2.tgz. Extracting by manifest.
4616 silly tarball no local data for dlv@https://registry.npmjs.org/dlv/-/dlv-1.1.3.tgz. Extracting by manifest.
4617 silly tarball no local data for chokidar@https://registry.npmjs.org/chokidar/-/chokidar-3.6.0.tgz. Extracting by manifest.
4618 silly tarball no local data for arg@https://registry.npmjs.org/arg/-/arg-5.0.2.tgz. Extracting by manifest.
4619 silly tarball no local data for @img/colour@https://registry.npmjs.org/@img/colour/-/colour-1.1.0.tgz. Extracting by manifest.
4620 silly tarball no local data for detect-libc@https://registry.npmjs.org/detect-libc/-/detect-libc-2.1.2.tgz. Extracting by manifest.
4621 silly tarball no local data for @img/sharp-win32-x64@https://registry.npmjs.org/@img/sharp-win32-x64/-/sharp-win32-x64-0.35.4.tgz. Extracting by manifest.
4622 silly tarball no local data for client-only@https://registry.npmjs.org/client-only/-/client-only-0.0.1.tgz. Extracting by manifest.
4623 silly tarball no local data for semver@https://registry.npmjs.org/semver/-/semver-7.8.5.tgz. Extracting by manifest.
4624 silly tarball no local data for js-tokens@https://registry.npmjs.org/js-tokens/-/js-tokens-4.0.0.tgz. Extracting by manifest.
4625 silly tarball no local data for decimal.js-light@https://registry.npmjs.org/decimal.js-light/-/decimal.js-light-2.5.1.tgz. Extracting by manifest.
4626 silly tarball no local data for dom-helpers@https://registry.npmjs.org/dom-helpers/-/dom-helpers-5.2.1.tgz. Extracting by manifest.
4627 silly tarball no local data for loose-envify@https://registry.npmjs.org/loose-envify/-/loose-envify-1.4.0.tgz. Extracting by manifest.
4628 silly tarball no local data for object-assign@https://registry.npmjs.org/object-assign/-/object-assign-4.1.1.tgz. Extracting by manifest.
4629 silly tarball no local data for fast-equals@https://registry.npmjs.org/fast-equals/-/fast-equals-5.4.1.tgz. Extracting by manifest.
4630 silly tarball no local data for prop-types@https://registry.npmjs.org/prop-types/-/prop-types-15.8.1.tgz. Extracting by manifest.
4631 silly tarball no local data for victory-vendor@https://registry.npmjs.org/victory-vendor/-/victory-vendor-36.9.2.tgz. Extracting by manifest.
4632 silly tarball no local data for react-transition-group@https://registry.npmjs.org/react-transition-group/-/react-transition-group-4.4.5.tgz. Extracting by manifest.
4633 silly tarball no local data for tiny-invariant@https://registry.npmjs.org/tiny-invariant/-/tiny-invariant-1.3.3.tgz. Extracting by manifest.
4634 silly tarball no local data for recharts-scale@https://registry.npmjs.org/recharts-scale/-/recharts-scale-0.4.5.tgz. Extracting by manifest.
4635 silly tarball no local data for react-smooth@https://registry.npmjs.org/react-smooth/-/react-smooth-4.0.4.tgz. Extracting by manifest.
4636 silly tarball no local data for react-is@https://registry.npmjs.org/react-is/-/react-is-18.3.1.tgz. Extracting by manifest.
4637 silly tarball no local data for eventemitter3@https://registry.npmjs.org/eventemitter3/-/eventemitter3-4.0.7.tgz. Extracting by manifest.
4638 silly tarball no local data for lodash@https://registry.npmjs.org/lodash/-/lodash-4.18.1.tgz. Extracting by manifest.
4639 silly tarball no local data for react-style-singleton@https://registry.npmjs.org/react-style-singleton/-/react-style-singleton-2.2.3.tgz. Extracting by manifest.
4640 silly tarball no local data for use-sidecar@https://registry.npmjs.org/use-sidecar/-/use-sidecar-1.1.3.tgz. Extracting by manifest.
4641 silly tarball no local data for get-nonce@https://registry.npmjs.org/get-nonce/-/get-nonce-1.0.1.tgz. Extracting by manifest.
4642 silly tarball no local data for use-callback-ref@https://registry.npmjs.org/use-callback-ref/-/use-callback-ref-1.3.3.tgz. Extracting by manifest.
4643 silly tarball no local data for react-remove-scroll-bar@https://registry.npmjs.org/react-remove-scroll-bar/-/react-remove-scroll-bar-2.3.8.tgz. Extracting by manifest.
4644 silly tarball no local data for scheduler@https://registry.npmjs.org/scheduler/-/scheduler-0.27.0.tgz. Extracting by manifest.
4645 silly tarball no local data for source-map-js@https://registry.npmjs.org/source-map-js/-/source-map-js-1.2.1.tgz. Extracting by manifest.
4646 silly tarball no local data for nanoid@https://registry.npmjs.org/nanoid/-/nanoid-3.3.18.tgz. Extracting by manifest.
4647 silly tarball no local data for @swc/helpers@https://registry.npmjs.org/@swc/helpers/-/helpers-0.5.15.tgz. Extracting by manifest.
4648 silly tarball no local data for tslib@https://registry.npmjs.org/tslib/-/tslib-2.8.1.tgz. Extracting by manifest.
4649 silly tarball no local data for sharp@https://registry.npmjs.org/sharp/-/sharp-0.35.4.tgz. Extracting by manifest.
4650 silly tarball no local data for styled-jsx@https://registry.npmjs.org/styled-jsx/-/styled-jsx-5.1.6.tgz. Extracting by manifest.
4651 silly tarball no local data for @next/swc-win32-x64-msvc@https://registry.npmjs.org/@next/swc-win32-x64-msvc/-/swc-win32-x64-msvc-15.5.24.tgz. Extracting by manifest.
4652 silly tarball no local data for @babel/runtime@https://registry.npmjs.org/@babel/runtime/-/runtime-7.29.7.tgz. Extracting by manifest.
4653 silly tarball no local data for electron-to-chromium@https://registry.npmjs.org/electron-to-chromium/-/electron-to-chromium-1.5.417.tgz. Extracting by manifest.
4654 silly tarball no local data for @next/env@https://registry.npmjs.org/@next/env/-/env-15.5.24.tgz. Extracting by manifest.
4655 silly tarball no local data for update-browserslist-db@https://registry.npmjs.org/update-browserslist-db/-/update-browserslist-db-1.3.2.tgz. Extracting by manifest.
4656 silly tarball no local data for qr@https://registry.npmjs.org/qr/-/qr-0.7.0.tgz. Extracting by manifest.
4657 silly tarball no local data for node-releases@https://registry.npmjs.org/node-releases/-/node-releases-2.0.54.tgz. Extracting by manifest.
4658 silly tarball no local data for baseline-browser-mapping@https://registry.npmjs.org/baseline-browser-mapping/-/baseline-browser-mapping-2.11.20.tgz. Extracting by manifest.
4659 silly tarball no local data for postcss-value-parser@https://registry.npmjs.org/postcss-value-parser/-/postcss-value-parser-4.2.0.tgz. Extracting by manifest.
4660 silly tarball no local data for fraction.js@https://registry.npmjs.org/fraction.js/-/fraction.js-5.3.4.tgz. Extracting by manifest.
4661 silly tarball no local data for picocolors@https://registry.npmjs.org/picocolors/-/picocolors-1.1.1.tgz. Extracting by manifest.
4662 silly tarball no local data for caniuse-lite@https://registry.npmjs.org/caniuse-lite/-/caniuse-lite-1.0.30001810.tgz. Extracting by manifest.
4663 silly tarball no local data for browserslist@https://registry.npmjs.org/browserslist/-/browserslist-4.28.8.tgz. Extracting by manifest.
4664 silly tarball no local data for lru-cache@https://registry.npmjs.org/lru-cache/-/lru-cache-10.4.3.tgz. Extracting by manifest.
4665 silly tarball no local data for media-query-parser@https://registry.npmjs.org/media-query-parser/-/media-query-parser-2.0.2.tgz. Extracting by manifest.
4666 silly tarball no local data for deep-object-diff@https://registry.npmjs.org/deep-object-diff/-/deep-object-diff-1.1.9.tgz. Extracting by manifest.
4667 silly tarball no local data for deepmerge@https://registry.npmjs.org/deepmerge/-/deepmerge-4.3.1.tgz. Extracting by manifest.
4668 silly tarball no local data for modern-ahocorasick@https://registry.npmjs.org/modern-ahocorasick/-/modern-ahocorasick-1.1.0.tgz. Extracting by manifest.
4669 silly tarball no local data for @vanilla-extract/private@https://registry.npmjs.org/@vanilla-extract/private/-/private-1.0.9.tgz. Extracting by manifest.
4670 silly tarball no local data for dedent@https://registry.npmjs.org/dedent/-/dedent-1.7.2.tgz. Extracting by manifest.
4671 silly tarball no local data for @emotion/hash@https://registry.npmjs.org/@emotion/hash/-/hash-0.9.2.tgz. Extracting by manifest.
4672 silly tarball no local data for undici-types@https://registry.npmjs.org/undici-types/-/undici-types-6.21.0.tgz. Extracting by manifest.
4673 silly tarball no local data for @tanstack/query-core@https://registry.npmjs.org/@tanstack/query-core/-/query-core-5.102.8.tgz. Extracting by manifest.
4674 silly tarball no local data for csstype@https://registry.npmjs.org/csstype/-/csstype-3.2.3.tgz. Extracting by manifest.
4675 silly tarball no local data for css-what@https://registry.npmjs.org/css-what/-/css-what-6.2.2.tgz. Extracting by manifest.
4676 silly tarball no local data for @vanilla-extract/sprinkles@https://registry.npmjs.org/@vanilla-extract/sprinkles/-/sprinkles-1.6.5.tgz. Extracting by manifest.
4677 silly tarball no local data for ua-parser-js@https://registry.npmjs.org/ua-parser-js/-/ua-parser-js-2.0.10.tgz. Extracting by manifest.
4678 silly tarball no local data for cuer@https://registry.npmjs.org/cuer/-/cuer-0.0.3.tgz. Extracting by manifest.
4679 silly tarball no local data for clsx@https://registry.npmjs.org/clsx/-/clsx-2.1.1.tgz. Extracting by manifest.
4680 silly tarball no local data for react-remove-scroll@https://registry.npmjs.org/react-remove-scroll/-/react-remove-scroll-2.7.2.tgz. Extracting by manifest.
4681 silly tarball no local data for @vanilla-extract/dynamic@https://registry.npmjs.org/@vanilla-extract/dynamic/-/dynamic-2.1.5.tgz. Extracting by manifest.
4682 silly tarball no local data for typescript@https://registry.npmjs.org/typescript/-/typescript-5.9.3.tgz. Extracting by manifest.
4683 silly tarball no local data for tailwindcss@https://registry.npmjs.org/tailwindcss/-/tailwindcss-3.4.19.tgz. Extracting by manifest.
4684 silly tarball no local data for recharts@https://registry.npmjs.org/recharts/-/recharts-2.15.4.tgz. Extracting by manifest.
4685 silly tarball no local data for lucide-react@https://registry.npmjs.org/lucide-react/-/lucide-react-0.468.0.tgz. Extracting by manifest.
4686 silly tarball no local data for next@https://registry.npmjs.org/next/-/next-15.5.24.tgz. Extracting by manifest.
4687 silly tarball no local data for postcss@https://registry.npmjs.org/postcss/-/postcss-8.5.26.tgz. Extracting by manifest.
4688 silly tarball no local data for autoprefixer@https://registry.npmjs.org/autoprefixer/-/autoprefixer-10.5.4.tgz. Extracting by manifest.
4689 silly tarball no local data for @vanilla-extract/css@https://registry.npmjs.org/@vanilla-extract/css/-/css-1.20.1.tgz. Extracting by manifest.
4690 silly tarball no local data for @types/react-dom@https://registry.npmjs.org/@types/react-dom/-/react-dom-19.2.5.tgz. Extracting by manifest.
4691 silly tarball no local data for @tanstack/react-query@https://registry.npmjs.org/@tanstack/react-query/-/react-query-5.102.8.tgz. Extracting by manifest.
4692 silly tarball no local data for @types/node@https://registry.npmjs.org/@types/node/-/node-22.20.1.tgz. Extracting by manifest.
4693 silly tarball no local data for wagmi@https://registry.npmjs.org/wagmi/-/wagmi-2.19.5.tgz. Extracting by manifest.
4694 silly tarball no local data for @types/react@https://registry.npmjs.org/@types/react/-/react-19.2.18.tgz. Extracting by manifest.
4695 silly tarball no local data for react@https://registry.npmjs.org/react/-/react-19.2.8.tgz. Extracting by manifest.
4696 silly tarball no local data for react-dom@https://registry.npmjs.org/react-dom/-/react-dom-19.2.8.tgz. Extracting by manifest.
4697 silly tarball no local data for debug@https://registry.npmjs.org/debug/-/debug-4.4.3.tgz. Extracting by manifest.
4698 silly tarball no local data for @metamask/safe-event-emitter@https://registry.npmjs.org/@metamask/safe-event-emitter/-/safe-event-emitter-2.0.0.tgz. Extracting by manifest.
4699 silly tarball no local data for @rainbow-me/rainbowkit@https://registry.npmjs.org/@rainbow-me/rainbowkit/-/rainbowkit-2.2.11.tgz. Extracting by manifest.
4700 silly tarball no local data for ms@https://registry.npmjs.org/ms/-/ms-2.1.3.tgz. Extracting by manifest.
4701 silly tarball no local data for viem@https://registry.npmjs.org/viem/-/viem-2.56.1.tgz. Extracting by manifest.
4702 silly tarball no local data for ms@https://registry.npmjs.org/ms/-/ms-2.1.3.tgz. Extracting by manifest.
4703 silly tarball no local data for uuid@https://registry.npmjs.org/uuid/-/uuid-9.0.1.tgz. Extracting by manifest.
4704 silly tarball no local data for @metamask/rpc-errors@https://registry.npmjs.org/@metamask/rpc-errors/-/rpc-errors-6.4.0.tgz. Extracting by manifest.
4705 silly tarball no local data for pify@https://registry.npmjs.org/pify/-/pify-5.0.0.tgz. Extracting by manifest.
4706 silly tarball no local data for debug@https://registry.npmjs.org/debug/-/debug-4.4.3.tgz. Extracting by manifest.
4707 silly tarball no local data for @metamask/utils@https://registry.npmjs.org/@metamask/utils/-/utils-9.3.0.tgz. Extracting by manifest.
4708 silly tarball no local data for @metamask/json-rpc-engine@https://registry.npmjs.org/@metamask/json-rpc-engine/-/json-rpc-engine-7.3.3.tgz. Extracting by manifest.
4709 silly tarball no local data for @metamask/utils@https://registry.npmjs.org/@metamask/utils/-/utils-5.0.2.tgz. Extracting by manifest.
4710 silly tarball no local data for tslib@https://registry.npmjs.org/tslib/-/tslib-1.14.1.tgz. Extracting by manifest.
4711 silly tarball no local data for @metamask/utils@https://registry.npmjs.org/@metamask/utils/-/utils-8.5.0.tgz. Extracting by manifest.
4712 silly tarball no local data for @metamask/utils@https://registry.npmjs.org/@metamask/utils/-/utils-5.0.2.tgz. Extracting by manifest.
4713 silly tarball no local data for ws@https://registry.npmjs.org/ws/-/ws-7.5.13.tgz. Extracting by manifest.
4714 silly tarball no local data for @noble/curves@https://registry.npmjs.org/@noble/curves/-/curves-1.8.0.tgz. Extracting by manifest.
4715 silly tarball no local data for @noble/hashes@https://registry.npmjs.org/@noble/hashes/-/hashes-1.7.0.tgz. Extracting by manifest.
4716 silly tarball no local data for tslib@https://registry.npmjs.org/tslib/-/tslib-1.14.1.tgz. Extracting by manifest.
4717 silly tarball no local data for tslib@https://registry.npmjs.org/tslib/-/tslib-1.14.1.tgz. Extracting by manifest.
4718 silly tarball no local data for tslib@https://registry.npmjs.org/tslib/-/tslib-1.14.1.tgz. Extracting by manifest.
4719 silly tarball no local data for readdirp@https://registry.npmjs.org/readdirp/-/readdirp-5.1.1.tgz. Extracting by manifest.
4720 silly tarball no local data for chokidar@https://registry.npmjs.org/chokidar/-/chokidar-5.0.0.tgz. Extracting by manifest.
4721 silly tarball no local data for tslib@https://registry.npmjs.org/tslib/-/tslib-1.14.1.tgz. Extracting by manifest.
4722 silly tarball no local data for lru-cache@https://registry.npmjs.org/lru-cache/-/lru-cache-11.5.2.tgz. Extracting by manifest.
4723 silly tarball no local data for use-sync-external-store@https://registry.npmjs.org/use-sync-external-store/-/use-sync-external-store-1.2.0.tgz. Extracting by manifest.
4724 silly tarball no local data for tslib@https://registry.npmjs.org/tslib/-/tslib-1.14.1.tgz. Extracting by manifest.
4725 silly tarball no local data for zod@https://registry.npmjs.org/zod/-/zod-3.22.4.tgz. Extracting by manifest.
4726 silly tarball no local data for eventemitter3@https://registry.npmjs.org/eventemitter3/-/eventemitter3-5.0.1.tgz. Extracting by manifest.
4727 silly tarball no local data for @scure/bip39@https://registry.npmjs.org/@scure/bip39/-/bip39-1.5.4.tgz. Extracting by manifest.
4728 silly tarball no local data for ws@https://registry.npmjs.org/ws/-/ws-8.18.0.tgz. Extracting by manifest.
4729 silly tarball no local data for @scure/bip32@https://registry.npmjs.org/@scure/bip32/-/bip32-1.6.2.tgz. Extracting by manifest.
4730 silly tarball no local data for abitype@https://registry.npmjs.org/abitype/-/abitype-1.0.8.tgz. Extracting by manifest.
4731 silly tarball no local data for ox@https://registry.npmjs.org/ox/-/ox-0.6.7.tgz. Extracting by manifest.
4732 silly tarball no local data for isows@https://registry.npmjs.org/isows/-/isows-1.0.6.tgz. Extracting by manifest.
4733 silly tarball no local data for @noble/hashes@https://registry.npmjs.org/@noble/hashes/-/hashes-1.7.1.tgz. Extracting by manifest.
4734 silly tarball no local data for @noble/ciphers@https://registry.npmjs.org/@noble/ciphers/-/ciphers-1.2.1.tgz. Extracting by manifest.
4735 silly tarball no local data for @noble/curves@https://registry.npmjs.org/@noble/curves/-/curves-1.8.1.tgz. Extracting by manifest.
4736 silly tarball no local data for @walletconnect/core@https://registry.npmjs.org/@walletconnect/core/-/core-2.21.0.tgz. Extracting by manifest.
4737 silly tarball no local data for viem@https://registry.npmjs.org/viem/-/viem-2.23.2.tgz. Extracting by manifest.
4738 silly tarball no local data for @walletconnect/utils@https://registry.npmjs.org/@walletconnect/utils/-/utils-2.21.0.tgz. Extracting by manifest.
4739 silly tarball no local data for ws@https://registry.npmjs.org/ws/-/ws-8.18.0.tgz. Extracting by manifest.
4740 silly tarball no local data for isows@https://registry.npmjs.org/isows/-/isows-1.0.6.tgz. Extracting by manifest.
4741 silly tarball no local data for eventemitter3@https://registry.npmjs.org/eventemitter3/-/eventemitter3-5.0.1.tgz. Extracting by manifest.
4742 silly tarball no local data for @walletconnect/universal-provider@https://registry.npmjs.org/@walletconnect/universal-provider/-/universal-provider-2.21.0.tgz. Extracting by manifest.
4743 silly tarball no local data for ox@https://registry.npmjs.org/ox/-/ox-0.6.7.tgz. Extracting by manifest.
4744 silly tarball no local data for abitype@https://registry.npmjs.org/abitype/-/abitype-1.0.8.tgz. Extracting by manifest.
4745 silly tarball no local data for @walletconnect/types@https://registry.npmjs.org/@walletconnect/types/-/types-2.21.0.tgz. Extracting by manifest.
4746 silly tarball no local data for @scure/bip32@https://registry.npmjs.org/@scure/bip32/-/bip32-1.6.2.tgz. Extracting by manifest.
4747 silly tarball no local data for @scure/bip39@https://registry.npmjs.org/@scure/bip39/-/bip39-1.5.4.tgz. Extracting by manifest.
4748 silly tarball no local data for @walletconnect/sign-client@https://registry.npmjs.org/@walletconnect/sign-client/-/sign-client-2.21.0.tgz. Extracting by manifest.
4749 silly tarball no local data for @noble/curves@https://registry.npmjs.org/@noble/curves/-/curves-1.8.1.tgz. Extracting by manifest.
4750 silly tarball no local data for @noble/hashes@https://registry.npmjs.org/@noble/hashes/-/hashes-1.7.1.tgz. Extracting by manifest.
4751 silly tarball no local data for viem@https://registry.npmjs.org/viem/-/viem-2.23.2.tgz. Extracting by manifest.
4752 silly tarball no local data for @walletconnect/core@https://registry.npmjs.org/@walletconnect/core/-/core-2.21.0.tgz. Extracting by manifest.
4753 silly tarball no local data for @walletconnect/utils@https://registry.npmjs.org/@walletconnect/utils/-/utils-2.21.0.tgz. Extracting by manifest.
4754 silly tarball no local data for @noble/ciphers@https://registry.npmjs.org/@noble/ciphers/-/ciphers-1.2.1.tgz. Extracting by manifest.
4755 silly tarball no local data for @walletconnect/sign-client@https://registry.npmjs.org/@walletconnect/sign-client/-/sign-client-2.21.0.tgz. Extracting by manifest.
4756 silly tarball no local data for @walletconnect/types@https://registry.npmjs.org/@walletconnect/types/-/types-2.21.0.tgz. Extracting by manifest.
4757 silly tarball no local data for @walletconnect/universal-provider@https://registry.npmjs.org/@walletconnect/universal-provider/-/universal-provider-2.21.0.tgz. Extracting by manifest.
4758 silly tarball no local data for isows@https://registry.npmjs.org/isows/-/isows-1.0.6.tgz. Extracting by manifest.
4759 silly tarball no local data for ws@https://registry.npmjs.org/ws/-/ws-8.18.0.tgz. Extracting by manifest.
4760 silly tarball no local data for eventemitter3@https://registry.npmjs.org/eventemitter3/-/eventemitter3-5.0.1.tgz. Extracting by manifest.
4761 silly tarball no local data for ox@https://registry.npmjs.org/ox/-/ox-0.6.7.tgz. Extracting by manifest.
4762 silly tarball no local data for @scure/bip39@https://registry.npmjs.org/@scure/bip39/-/bip39-1.5.4.tgz. Extracting by manifest.
4763 silly tarball no local data for @scure/bip32@https://registry.npmjs.org/@scure/bip32/-/bip32-1.6.2.tgz. Extracting by manifest.
4764 silly tarball no local data for viem@https://registry.npmjs.org/viem/-/viem-2.23.2.tgz. Extracting by manifest.
4765 silly tarball no local data for abitype@https://registry.npmjs.org/abitype/-/abitype-1.0.8.tgz. Extracting by manifest.
4766 silly tarball no local data for @noble/curves@https://registry.npmjs.org/@noble/curves/-/curves-1.8.1.tgz. Extracting by manifest.
4767 silly tarball no local data for tslib@https://registry.npmjs.org/tslib/-/tslib-1.14.1.tgz. Extracting by manifest.
4768 silly tarball no local data for cross-fetch@https://registry.npmjs.org/cross-fetch/-/cross-fetch-3.2.0.tgz. Extracting by manifest.
4769 silly tarball no local data for @noble/hashes@https://registry.npmjs.org/@noble/hashes/-/hashes-1.7.1.tgz. Extracting by manifest.
4770 silly tarball no local data for ws@https://registry.npmjs.org/ws/-/ws-8.18.0.tgz. Extracting by manifest.
4771 silly tarball no local data for @noble/ciphers@https://registry.npmjs.org/@noble/ciphers/-/ciphers-1.2.1.tgz. Extracting by manifest.
4772 silly tarball no local data for eventemitter3@https://registry.npmjs.org/eventemitter3/-/eventemitter3-5.0.1.tgz. Extracting by manifest.
4773 silly tarball no local data for isows@https://registry.npmjs.org/isows/-/isows-1.0.6.tgz. Extracting by manifest.
4774 silly tarball no local data for ox@https://registry.npmjs.org/ox/-/ox-0.6.7.tgz. Extracting by manifest.
4775 silly tarball no local data for @scure/bip32@https://registry.npmjs.org/@scure/bip32/-/bip32-1.6.2.tgz. Extracting by manifest.
4776 silly tarball no local data for @walletconnect/core@https://registry.npmjs.org/@walletconnect/core/-/core-2.21.0.tgz. Extracting by manifest.
4777 silly tarball no local data for @scure/bip39@https://registry.npmjs.org/@scure/bip39/-/bip39-1.5.4.tgz. Extracting by manifest.
4778 silly tarball no local data for @noble/ciphers@https://registry.npmjs.org/@noble/ciphers/-/ciphers-1.2.1.tgz. Extracting by manifest.
4779 silly tarball no local data for @walletconnect/utils@https://registry.npmjs.org/@walletconnect/utils/-/utils-2.21.0.tgz. Extracting by manifest.
4780 silly tarball no local data for abitype@https://registry.npmjs.org/abitype/-/abitype-1.0.8.tgz. Extracting by manifest.
4781 silly tarball no local data for @noble/hashes@https://registry.npmjs.org/@noble/hashes/-/hashes-1.7.1.tgz. Extracting by manifest.
4782 silly tarball no local data for viem@https://registry.npmjs.org/viem/-/viem-2.23.2.tgz. Extracting by manifest.
4783 silly tarball no local data for @noble/curves@https://registry.npmjs.org/@noble/curves/-/curves-1.8.1.tgz. Extracting by manifest.
4784 silly tarball no local data for @walletconnect/sign-client@https://registry.npmjs.org/@walletconnect/sign-client/-/sign-client-2.21.0.tgz. Extracting by manifest.
4785 silly tarball no local data for @scure/bip39@https://registry.npmjs.org/@scure/bip39/-/bip39-1.3.0.tgz. Extracting by manifest.
4786 silly tarball no local data for @walletconnect/types@https://registry.npmjs.org/@walletconnect/types/-/types-2.21.0.tgz. Extracting by manifest.
4787 silly tarball no local data for @scure/base@https://registry.npmjs.org/@scure/base/-/base-1.1.9.tgz. Extracting by manifest.
4788 silly tarball no local data for @walletconnect/universal-provider@https://registry.npmjs.org/@walletconnect/universal-provider/-/universal-provider-2.21.0.tgz. Extracting by manifest.
4789 silly tarball no local data for undici-types@https://registry.npmjs.org/undici-types/-/undici-types-7.29.0.tgz. Extracting by manifest.
4790 silly tarball no local data for @scure/bip32@https://registry.npmjs.org/@scure/bip32/-/bip32-1.4.0.tgz. Extracting by manifest.
4791 silly tarball no local data for @metamask/utils@https://registry.npmjs.org/@metamask/utils/-/utils-8.5.0.tgz. Extracting by manifest.
4792 silly tarball no local data for commander@https://registry.npmjs.org/commander/-/commander-14.0.2.tgz. Extracting by manifest.
4793 silly tarball no local data for @metamask/rpc-errors@https://registry.npmjs.org/@metamask/rpc-errors/-/rpc-errors-6.4.0.tgz. Extracting by manifest.
4794 silly tarball no local data for @noble/hashes@https://registry.npmjs.org/@noble/hashes/-/hashes-1.4.0.tgz. Extracting by manifest.
4795 silly tarball no local data for @noble/curves@https://registry.npmjs.org/@noble/curves/-/curves-1.4.2.tgz. Extracting by manifest.
4796 silly tarball no local data for @metamask/utils@https://registry.npmjs.org/@metamask/utils/-/utils-8.5.0.tgz. Extracting by manifest.
4797 silly tarball no local data for uuid@https://registry.npmjs.org/uuid/-/uuid-9.0.1.tgz. Extracting by manifest.
4798 silly tarball no local data for uuid@https://registry.npmjs.org/uuid/-/uuid-9.0.1.tgz. Extracting by manifest.
4799 silly tarball no local data for safe-buffer@https://registry.npmjs.org/safe-buffer/-/safe-buffer-5.1.2.tgz. Extracting by manifest.
4800 silly tarball no local data for string_decoder@https://registry.npmjs.org/string_decoder/-/string_decoder-1.1.1.tgz. Extracting by manifest.
4801 silly tarball no local data for @noble/curves@https://registry.npmjs.org/@noble/curves/-/curves-1.9.7.tgz. Extracting by manifest.
4802 silly tarball no local data for @metamask/utils@https://registry.npmjs.org/@metamask/utils/-/utils-9.3.0.tgz. Extracting by manifest.
4803 silly tarball no local data for isarray@https://registry.npmjs.org/isarray/-/isarray-1.0.0.tgz. Extracting by manifest.
4804 silly tarball no local data for @metamask/utils@https://registry.npmjs.org/@metamask/utils/-/utils-8.5.0.tgz. Extracting by manifest.
4805 silly tarball no local data for debug@https://registry.npmjs.org/debug/-/debug-4.4.3.tgz. Extracting by manifest.
4806 silly tarball no local data for ms@https://registry.npmjs.org/ms/-/ms-2.1.3.tgz. Extracting by manifest.
4807 silly tarball no local data for uuid@https://registry.npmjs.org/uuid/-/uuid-9.0.1.tgz. Extracting by manifest.
4808 silly tarball no local data for abitype@https://registry.npmjs.org/abitype/-/abitype-1.0.6.tgz. Extracting by manifest.
4809 silly tarball no local data for @metamask/rpc-errors@https://registry.npmjs.org/@metamask/rpc-errors/-/rpc-errors-6.4.0.tgz. Extracting by manifest.
4810 silly tarball no local data for eventemitter3@https://registry.npmjs.org/eventemitter3/-/eventemitter3-5.0.1.tgz. Extracting by manifest.
4811 silly tarball no local data for uuid@https://registry.npmjs.org/uuid/-/uuid-9.0.1.tgz. Extracting by manifest.
4812 silly tarball no local data for zod@https://registry.npmjs.org/zod/-/zod-4.5.4.tgz. Extracting by manifest.
4813 silly tarball no local data for readable-stream@https://registry.npmjs.org/readable-stream/-/readable-stream-2.3.8.tgz. Extracting by manifest.
4814 silly tarball no local data for @metamask/utils@https://registry.npmjs.org/@metamask/utils/-/utils-9.3.0.tgz. Extracting by manifest.
4815 silly tarball no local data for ox@https://registry.npmjs.org/ox/-/ox-0.6.9.tgz. Extracting by manifest.
4816 silly tarball no local data for @noble/hashes@https://registry.npmjs.org/@noble/hashes/-/hashes-1.8.0.tgz. Extracting by manifest.
4817 silly tarball no local data for eventemitter3@https://registry.npmjs.org/eventemitter3/-/eventemitter3-5.0.4.tgz. Extracting by manifest.
4818 silly tarball no local data for ox@https://registry.npmjs.org/ox/-/ox-0.9.17.tgz. Extracting by manifest.
4819 silly tarball no local data for eventemitter3@https://registry.npmjs.org/eventemitter3/-/eventemitter3-5.0.1.tgz. Extracting by manifest.
4820 silly tarball no local data for clsx@https://registry.npmjs.org/clsx/-/clsx-1.2.1.tgz. Extracting by manifest.
4821 silly tarball no local data for eventemitter3@https://registry.npmjs.org/eventemitter3/-/eventemitter3-5.0.1.tgz. Extracting by manifest.
4822 silly tarball no local data for @noble/hashes@https://registry.npmjs.org/@noble/hashes/-/hashes-1.4.0.tgz. Extracting by manifest.
4823 silly tarball no local data for clsx@https://registry.npmjs.org/clsx/-/clsx-1.2.1.tgz. Extracting by manifest.
4824 silly tarball no local data for @noble/hashes@https://registry.npmjs.org/@noble/hashes/-/hashes-1.8.0.tgz. Extracting by manifest.
4825 silly tarball no local data for ox@https://registry.npmjs.org/ox/-/ox-0.6.9.tgz. Extracting by manifest.
4826 silly tarball no local data for @noble/hashes@https://registry.npmjs.org/@noble/hashes/-/hashes-1.4.0.tgz. Extracting by manifest.
4827 silly tarball no local data for eventemitter3@https://registry.npmjs.org/eventemitter3/-/eventemitter3-5.0.1.tgz. Extracting by manifest.
4828 silly tarball no local data for zustand@https://registry.npmjs.org/zustand/-/zustand-5.0.0.tgz. Extracting by manifest.
4829 silly tarball no local data for clsx@https://registry.npmjs.org/clsx/-/clsx-1.2.1.tgz. Extracting by manifest.
4830 silly tarball no local data for eventemitter3@https://registry.npmjs.org/eventemitter3/-/eventemitter3-5.0.1.tgz. Extracting by manifest.
4831 silly tarball no local data for glob-parent@https://registry.npmjs.org/glob-parent/-/glob-parent-5.1.2.tgz. Extracting by manifest.
4832 silly tarball no local data for fdir@https://registry.npmjs.org/fdir/-/fdir-6.5.0.tgz. Extracting by manifest.
4833 silly tarball no local data for eventemitter3@https://registry.npmjs.org/eventemitter3/-/eventemitter3-5.0.1.tgz. Extracting by manifest.
4834 silly tarball no local data for glob-parent@https://registry.npmjs.org/glob-parent/-/glob-parent-5.1.2.tgz. Extracting by manifest.
4835 silly tarball no local data for postcss@https://registry.npmjs.org/postcss/-/postcss-8.4.31.tgz. Extracting by manifest.
4836 silly tarball no local data for picomatch@https://registry.npmjs.org/picomatch/-/picomatch-4.0.7.tgz. Extracting by manifest.
4837 silly tarball no local data for react-is@https://registry.npmjs.org/react-is/-/react-is-16.13.1.tgz. Extracting by manifest.
4838 http fetch POST 200 https://registry.npmjs.org/-/npm/v1/security/advisories/bulk 649ms
4839 silly audit report {
4839 silly audit report   postcss: [
4839 silly audit report     {
4839 silly audit report       id: 1130709,
4839 silly audit report       url: 'https://github.com/advisories/GHSA-fxqj-rqcc-2cmp',
4839 silly audit report       title: 'PostCSS: incomplete fix of GHSA-6g55-p6wh-862q — attacker-controlled sourceMappingURL reads arbitrary .map files when `from` is unset',
4839 silly audit report       severity: 'moderate',
4839 silly audit report       vulnerable_versions: '<=8.5.22',
4839 silly audit report       cwe: [Array],
4839 silly audit report       cvss: [Object]
4839 silly audit report     },
4839 silly audit report     {
4839 silly audit report       id: 1117015,
4839 silly audit report       url: 'https://github.com/advisories/GHSA-qx2v-qp2m-jg93',
4839 silly audit report       title: 'PostCSS has XSS via Unescaped </style> in its CSS Stringify Output',
4839 silly audit report       severity: 'moderate',
4839 silly audit report       vulnerable_versions: '<8.5.10',
4839 silly audit report       cwe: [Array],
4839 silly audit report       cvss: [Object]
4839 silly audit report     },
4839 silly audit report     {
4839 silly audit report       id: 1124252,
4839 silly audit report       url: 'https://github.com/advisories/GHSA-6g55-p6wh-862q',
4839 silly audit report       title: 'PostCSS: Arbitrary file read and information disclosure via attacker-controlled sourceMappingURL in CSS comments',
4839 silly audit report       severity: 'high',
4839 silly audit report       vulnerable_versions: '<=8.5.11',
4839 silly audit report       cwe: [Array],
4839 silly audit report       cvss: [Object]
4839 silly audit report     },
4839 silly audit report     {
4839 silly audit report       id: 1139510,
4839 silly audit report       url: 'https://github.com/advisories/GHSA-r28c-9q8g-f849',
4839 silly audit report       title: 'PostCSS: Path Traversal in Previous Source Map Auto-Loading (sourceMappingURL) leads to Arbitrary .map File Disclosure',
4839 silly audit report       severity: 'high',
4839 silly audit report       vulnerable_versions: '<=8.5.17',
4839 silly audit report       cwe: [Array],
4839 silly audit report       cvss: [Object]
4839 silly audit report     }
4839 silly audit report   ],
4839 silly audit report   ws: [
4839 silly audit report     {
4839 silly audit report       id: 1119108,
4839 silly audit report       url: 'https://github.com/advisories/GHSA-58qx-3vcg-4xpx',
4839 silly audit report       title: 'ws: Uninitialized memory disclosure',
4839 silly audit report       severity: 'moderate',
4839 silly audit report       vulnerable_versions: '>=8.0.0 <8.20.1',
4839 silly audit report       cwe: [Array],
4839 silly audit report       cvss: [Object]
4839 silly audit report     },
4839 silly audit report     {
4839 silly audit report       id: 1123259,
4839 silly audit report       url: 'https://github.com/advisories/GHSA-96hv-2xvq-fx4p',
4839 silly audit report       title: 'ws: Memory exhaustion DoS from tiny fragments and data chunks',
4839 silly audit report       severity: 'high',
4839 silly audit report       vulnerable_versions: '>=8.0.0 <8.21.0',
4839 silly audit report       cwe: [Array],
4839 silly audit report       cvss: [Object]
4839 silly audit report     }
4839 silly audit report   ],
4839 silly audit report   axios: [
4839 silly audit report     {
4839 silly audit report       id: 1123882,
4839 silly audit report       url: 'https://github.com/advisories/GHSA-42h9-826w-cgv3',
4839 silly audit report       title: 'Axios: Excessive recursion in formDataToJSON can cause denial of service',
4839 silly audit report       severity: 'moderate',
4839 silly audit report       vulnerable_versions: '>=1.0.0 <1.18.0',
4839 silly audit report       cwe: [Array],
4839 silly audit report       cvss: [Object]
4839 silly audit report     },
4839 silly audit report     {
4839 silly audit report       id: 1123885,
4839 silly audit report       url: 'https://github.com/advisories/GHSA-pmv8-rq9r-6j72',
4839 silly audit report       title: 'Axios: Deep formToJSON Key Recursion Can Cause Denial of Service',
4839 silly audit report       severity: 'moderate',
4839 silly audit report       vulnerable_versions: '>=1.0.0 <1.18.0',
4839 silly audit report       cwe: [Array],
4839 silly audit report       cvss: [Object]
4839 silly audit report     },
4839 silly audit report     {
4839 silly audit report       id: 1123967,
4839 silly audit report       url: 'https://github.com/advisories/GHSA-gcfj-64vw-6mp9',
4839 silly audit report       title: 'Axios Node HTTP adapter can use an inherited proxy after interceptor config cloning',
4839 silly audit report       severity: 'high',
4839 silly audit report       vulnerable_versions: '>=1.15.2 <1.18.0',
4839 silly audit report       cwe: [Array],
4839 silly audit report       cvss: [Object]
4839 silly audit report     },
4839 silly audit report     {
4839 silly audit report       id: 1123969,
4839 silly audit report       url: 'https://github.com/advisories/GHSA-hcpx-6fm6-wx23',
4839 silly audit report       title: 'Axios form serializer maxDepth bypass via {} metatoken',
4839 silly audit report       severity: 'moderate',
4839 silly audit report       vulnerable_versions: '>=1.15.1 <1.18.0',
4839 silly audit report       cwe: [Array],
4839 silly audit report       cvss: [Object]
4839 silly audit report     },
4839 silly audit report     {
4839 silly audit report       id: 1123957,
4839 silly audit report       url: 'https://github.com/advisories/GHSA-jqh4-m9w3-8hp9',
4839 silly audit report       title: 'Axios: Fetch adapter `ReadableStream` uploads bypass `maxBodyLength`',
4839 silly audit report       severity: 'moderate',
4839 silly audit report       vulnerable_versions: '>=1.7.0 <1.18.0',
4839 silly audit report       cwe: [Array],
4839 silly audit report       cvss: [Object]
4839 silly audit report     },
4839 silly audit report     {
4839 silly audit report       id: 1123959,
4839 silly audit report       url: 'https://github.com/advisories/GHSA-mmx7-hfxf-jppx',
4839 silly audit report       title: 'Axios: Prototype pollution gadgets can alter axios request construction',
4839 silly audit report       severity: 'moderate',
4839 silly audit report       vulnerable_versions: '>=1.0.0 <1.18.0',
4839 silly audit report       cwe: [Array],
4839 silly audit report       cvss: [Object]
4839 silly audit report     },
4839 silly audit report     {
4839 silly audit report       id: 1123961,
4839 silly audit report       url: 'https://github.com/advisories/GHSA-f4gw-2p7v-4548',
4839 silly audit report       title: 'Axios: NO_PROXY bypass for 0.0.0.0 local addresses in axios',
4839 silly audit report       severity: 'moderate',
4839 silly audit report       vulnerable_versions: '>=1.15.0 <1.18.0',
4839 silly audit report       cwe: [Array],
4839 silly audit report       cvss: [Object]
4839 silly audit report     },
4839 silly audit report     {
4839 silly audit report       id: 1123971,
4839 silly audit report       url: 'https://github.com/advisories/GHSA-7q8q-rj6j-mhjq',
4839 silly audit report       title: 'Axios: Nested axios option objects can consume polluted prototype values',
4839 silly audit report       severity: 'moderate',
4839 silly audit report       vulnerable_versions: '>=1.0.0 <1.18.0',
4839 silly audit report       cwe: [Array],
4839 silly audit report       cvss: [Object]
4839 silly audit report     },
4839 silly audit report     {
4839 silly audit report       id: 1123973,
4839 silly audit report       url: 'https://github.com/advisories/GHSA-mwf2-3pr3-8698',
4839 silly audit report       title: 'Axios: HTTP/2 streamed uploads bypass `maxBodyLength`',
4839 silly audit report       severity: 'moderate',
4839 silly audit report       vulnerable_versions: '>=1.13.0 <1.18.0',
4839 silly audit report       cwe: [Array],
4839 silly audit report       cvss: [Object]
4839 silly audit report     },
4839 silly audit report     {
4839 silly audit report       id: 1138749,
4839 silly audit report       url: 'https://github.com/advisories/GHSA-xj6q-8x83-jv6g',
4839 silly audit report       title: 'Axios: Prototype pollution auth subfields can inject Basic auth',
4839 silly audit report       severity: 'moderate',
4839 silly audit report       vulnerable_versions: '>=1.15.2 <1.18.0',
4839 silly audit report       cwe: [Array],
4839 silly audit report       cvss: [Object]
4839 silly audit report     }
4839 silly audit report   ],
4839 silly audit report   uuid: [
4839 silly audit report     {
4839 silly audit report       id: 1119441,
4839 silly audit report       url: 'https://github.com/advisories/GHSA-w5hq-g745-h8pq',
4839 silly audit report       title: 'uuid: Missing buffer bounds check in v3/v5/v6 when buf is provided',
4839 silly audit report       severity: 'moderate',
4839 silly audit report       vulnerable_versions: '<11.1.1',
4839 silly audit report       cwe: [Array],
4839 silly audit report       cvss: [Object]
4839 silly audit report     }
4839 silly audit report   ]
4839 silly audit report }
4840 silly packumentCache corgi:https://registry.npmjs.org/postcss cache-miss
4841 silly packumentCache corgi:https://registry.npmjs.org/ws cache-miss
4842 silly packumentCache corgi:https://registry.npmjs.org/axios cache-miss
4843 silly packumentCache corgi:https://registry.npmjs.org/uuid cache-miss
4844 http fetch GET 200 https://registry.npmjs.org/emoji-regex/-/emoji-regex-8.0.0.tgz 401ms (cache miss)
4845 http fetch GET 200 https://registry.npmjs.org/process-nextick-args/-/process-nextick-args-2.0.1.tgz 404ms (cache miss)
4846 http fetch GET 200 https://registry.npmjs.org/path-exists/-/path-exists-4.0.0.tgz 400ms (cache miss)
4847 http fetch GET 200 https://registry.npmjs.org/is-fullwidth-code-point/-/is-fullwidth-code-point-3.0.0.tgz 402ms (cache miss)
4848 http fetch GET 200 https://registry.npmjs.org/camelcase/-/camelcase-5.3.1.tgz 407ms (cache miss)
4849 http fetch GET 200 https://registry.npmjs.org/core-util-is/-/core-util-is-1.0.3.tgz 410ms (cache miss)
4850 http fetch GET 200 https://registry.npmjs.org/ansi-regex/-/ansi-regex-5.0.1.tgz 407ms (cache miss)
4851 http fetch GET 200 https://registry.npmjs.org/locate-path/-/locate-path-5.0.0.tgz 405ms (cache miss)
4852 http fetch GET 200 https://registry.npmjs.org/color-convert/-/color-convert-2.0.1.tgz 408ms (cache miss)
4853 http fetch GET 200 https://registry.npmjs.org/p-limit/-/p-limit-2.3.0.tgz 407ms (cache miss)
4854 http fetch GET 200 https://registry.npmjs.org/color-name/-/color-name-1.1.4.tgz 415ms (cache miss)
4855 http fetch GET 200 https://registry.npmjs.org/p-try/-/p-try-2.2.0.tgz 414ms (cache miss)
4856 http fetch GET 200 https://registry.npmjs.org/ansi-styles/-/ansi-styles-4.3.0.tgz 417ms (cache miss)
4857 http fetch GET 200 https://registry.npmjs.org/strip-ansi/-/strip-ansi-6.0.1.tgz 416ms (cache miss)
4858 http fetch GET 200 https://registry.npmjs.org/wrap-ansi/-/wrap-ansi-6.2.0.tgz 416ms (cache miss)
4859 http fetch GET 200 https://registry.npmjs.org/p-locate/-/p-locate-4.1.0.tgz 418ms (cache miss)
4860 http fetch GET 200 https://registry.npmjs.org/string-width/-/string-width-4.2.3.tgz 422ms (cache miss)
4861 http fetch GET 200 https://registry.npmjs.org/y18n/-/y18n-4.0.3.tgz 425ms (cache miss)
4862 http fetch GET 200 https://registry.npmjs.org/which-module/-/which-module-2.0.1.tgz 439ms (cache miss)
4863 http fetch GET 200 https://registry.npmjs.org/set-blocking/-/set-blocking-2.0.0.tgz 441ms (cache miss)
4864 http fetch GET 200 https://registry.npmjs.org/require-directory/-/require-directory-2.1.1.tgz 442ms (cache miss)
4865 http fetch GET 200 https://registry.npmjs.org/decamelize/-/decamelize-1.2.0.tgz 441ms (cache miss)
4866 http fetch GET 200 https://registry.npmjs.org/find-up/-/find-up-4.1.0.tgz 444ms (cache miss)
4867 http fetch GET 200 https://registry.npmjs.org/cliui/-/cliui-6.0.0.tgz 446ms (cache miss)
4868 http fetch GET 200 https://registry.npmjs.org/define-data-property/-/define-data-property-1.1.4.tgz 446ms (cache miss)
4869 http fetch GET 200 https://registry.npmjs.org/is-callable/-/is-callable-1.2.7.tgz 449ms (cache miss)
4870 http fetch GET 200 https://registry.npmjs.org/get-caller-file/-/get-caller-file-2.0.5.tgz 451ms (cache miss)
4871 http fetch GET 200 https://registry.npmjs.org/require-main-filename/-/require-main-filename-2.0.0.tgz 454ms (cache miss)
4872 http fetch GET 200 https://registry.npmjs.org/yargs-parser/-/yargs-parser-18.1.3.tgz 456ms (cache miss)
4873 http fetch GET 200 https://registry.npmjs.org/possible-typed-array-names/-/possible-typed-array-names-1.1.0.tgz 456ms (cache miss)
4874 http fetch GET 200 https://registry.npmjs.org/has-property-descriptors/-/has-property-descriptors-1.0.2.tgz 462ms (cache miss)
4875 http fetch GET 200 https://registry.npmjs.org/webidl-conversions/-/webidl-conversions-3.0.1.tgz 465ms (cache miss)
4876 http fetch GET 200 https://registry.npmjs.org/available-typed-arrays/-/available-typed-arrays-1.0.7.tgz 465ms (cache miss)
4877 http fetch GET 200 https://registry.npmjs.org/safe-regex-test/-/safe-regex-test-1.1.0.tgz 466ms (cache miss)
4878 http fetch GET 200 https://registry.npmjs.org/derive-valtio/-/derive-valtio-0.1.0.tgz 471ms (cache miss)
4879 http fetch GET 200 https://registry.npmjs.org/is-regex/-/is-regex-1.2.1.tgz 471ms (cache miss)
4880 http fetch GET 200 https://registry.npmjs.org/is-generator-function/-/is-generator-function-1.1.2.tgz 472ms (cache miss)
4881 http fetch GET 200 https://registry.npmjs.org/generator-function/-/generator-function-2.0.1.tgz 474ms (cache miss)
4882 http fetch GET 200 https://registry.npmjs.org/defu/-/defu-6.1.7.tgz 480ms (cache miss)
4883 http fetch GET 200 https://registry.npmjs.org/cookie-es/-/cookie-es-1.2.3.tgz 492ms (cache miss)
4884 http fetch GET 200 https://registry.npmjs.org/radix3/-/radix3-1.1.2.tgz 500ms (cache miss)
4885 http fetch GET 200 https://registry.npmjs.org/destr/-/destr-2.0.5.tgz 497ms (cache miss)
4886 http fetch GET 200 https://registry.npmjs.org/iron-webcrypto/-/iron-webcrypto-1.2.1.tgz 509ms (cache miss)
4887 http fetch GET 200 https://registry.npmjs.org/is-typed-array/-/is-typed-array-1.1.15.tgz 513ms (cache miss)
4888 http fetch GET 200 https://registry.npmjs.org/typed-array-buffer/-/typed-array-buffer-1.0.3.tgz 509ms (cache miss)
4889 http fetch GET 200 https://registry.npmjs.org/xmlhttprequest-ssl/-/xmlhttprequest-ssl-2.1.2.tgz 521ms (cache miss)
4890 http fetch GET 200 https://registry.npmjs.org/call-bound/-/call-bound-1.0.4.tgz 524ms (cache miss)
4891 http fetch GET 200 https://registry.npmjs.org/set-function-length/-/set-function-length-1.2.2.tgz 558ms (cache miss)
4892 http fetch GET 200 https://registry.npmjs.org/socket.io-parser/-/socket.io-parser-4.2.7.tgz 545ms (cache miss)
4893 http fetch GET 200 https://registry.npmjs.org/isarray/-/isarray-2.0.5.tgz 544ms (cache miss)
4894 http fetch GET 200 https://registry.npmjs.org/string_decoder/-/string_decoder-1.3.0.tgz 550ms (cache miss)
4895 http fetch GET 200 https://registry.npmjs.org/to-buffer/-/to-buffer-1.2.2.tgz 552ms (cache miss)
4896 http fetch GET 200 https://registry.npmjs.org/tr46/-/tr46-0.0.3.tgz 571ms (cache miss)
4897 http fetch GET 200 https://registry.npmjs.org/strict-uri-encode/-/strict-uri-encode-2.0.0.tgz 553ms (cache miss)
4898 http fetch GET 200 https://registry.npmjs.org/@socket.io/component-emitter/-/component-emitter-3.1.2.tgz 568ms (cache miss)
4899 http fetch GET 200 https://registry.npmjs.org/filter-obj/-/filter-obj-1.1.0.tgz 565ms (cache miss)
4900 http fetch GET 200 https://registry.npmjs.org/split-on-first/-/split-on-first-1.1.0.tgz 564ms (cache miss)
4901 http fetch GET 200 https://registry.npmjs.org/dijkstrajs/-/dijkstrajs-1.0.3.tgz 564ms (cache miss)
4902 http fetch GET 200 https://registry.npmjs.org/safe-buffer/-/safe-buffer-5.2.1.tgz 568ms (cache miss)
4903 http fetch GET 200 https://registry.npmjs.org/encode-utf8/-/encode-utf8-1.0.3.tgz 571ms (cache miss)
4904 http fetch GET 200 https://registry.npmjs.org/call-bind/-/call-bind-1.0.9.tgz 596ms (cache miss)
4905 http fetch GET 200 https://registry.npmjs.org/stream-shift/-/stream-shift-1.0.3.tgz 572ms (cache miss)
4906 http fetch GET 200 https://registry.npmjs.org/decode-uri-component/-/decode-uri-component-0.2.2.tgz 577ms (cache miss)
4907 http fetch GET 200 https://registry.npmjs.org/for-each/-/for-each-0.3.5.tgz 599ms (cache miss)
4908 http fetch GET 200 https://registry.npmjs.org/duplexify/-/duplexify-4.1.3.tgz 574ms (cache miss)
4909 http fetch GET 200 https://registry.npmjs.org/split2/-/split2-4.2.0.tgz 574ms (cache miss)
4910 http fetch GET 200 https://registry.npmjs.org/real-require/-/real-require-0.1.0.tgz 574ms (cache miss)
4911 http fetch GET 200 https://registry.npmjs.org/inherits/-/inherits-2.0.4.tgz 584ms (cache miss)
4912 http fetch GET 200 https://registry.npmjs.org/is-arguments/-/is-arguments-1.2.0.tgz 611ms (cache miss)
4913 http fetch GET 200 https://registry.npmjs.org/safe-stable-stringify/-/safe-stable-stringify-2.5.0.tgz 591ms (cache miss)
4914 http fetch GET 200 https://registry.npmjs.org/ufo/-/ufo-1.6.4.tgz 619ms (cache miss)
4915 http fetch GET 200 https://registry.npmjs.org/whatwg-url/-/whatwg-url-5.0.0.tgz 635ms (cache miss)
4916 http fetch GET 200 https://registry.npmjs.org/atomic-sleep/-/atomic-sleep-1.0.0.tgz 636ms (cache miss)
4917 http fetch GET 200 https://registry.npmjs.org/pino-std-serializers/-/pino-std-serializers-4.0.0.tgz 638ms (cache miss)
4918 http fetch GET 200 https://registry.npmjs.org/is-buffer/-/is-buffer-1.1.6.tgz 640ms (cache miss)
4919 http fetch GET 200 https://registry.npmjs.org/sonic-boom/-/sonic-boom-2.8.0.tgz 652ms (cache miss)
4920 http fetch GET 200 https://registry.npmjs.org/on-exit-leak-free/-/on-exit-leak-free-0.2.0.tgz 649ms (cache miss)
4921 http fetch GET 200 https://registry.npmjs.org/end-of-stream/-/end-of-stream-1.4.5.tgz 648ms (cache miss)
4922 http fetch GET 200 https://registry.npmjs.org/quick-format-unescaped/-/quick-format-unescaped-4.0.4.tgz 654ms (cache miss)
4923 http fetch GET 200 https://registry.npmjs.org/process-warning/-/process-warning-1.0.0.tgz 656ms (cache miss)
4924 http fetch GET 200 https://registry.npmjs.org/@types/trusted-types/-/trusted-types-2.0.7.tgz 657ms (cache miss)
4925 http fetch GET 200 https://registry.npmjs.org/which-typed-array/-/which-typed-array-1.1.22.tgz 681ms (cache miss)
4926 http fetch GET 200 https://registry.npmjs.org/proxy-compare/-/proxy-compare-2.6.0.tgz 693ms (cache miss)
4927 http fetch GET 200 https://registry.npmjs.org/openapi-typescript-helpers/-/openapi-typescript-helpers-0.0.15.tgz 664ms (cache miss)
4928 http fetch GET 200 https://registry.npmjs.org/charenc/-/charenc-0.0.2.tgz 675ms (cache miss)
4929 http fetch GET 200 https://registry.npmjs.org/pino-abstract-transport/-/pino-abstract-transport-0.5.0.tgz 680ms (cache miss)
4930 http fetch GET 200 https://registry.npmjs.org/crypt/-/crypt-0.0.2.tgz 678ms (cache miss)
4931 http fetch GET 200 https://registry.npmjs.org/wrappy/-/wrappy-1.0.2.tgz 696ms (cache miss)
4932 http fetch GET 200 https://registry.npmjs.org/dunder-proto/-/dunder-proto-1.0.1.tgz 697ms (cache miss)
4933 http fetch GET 200 https://registry.npmjs.org/math-intrinsics/-/math-intrinsics-1.1.0.tgz 697ms (cache miss)
4934 http fetch GET 200 https://registry.npmjs.org/gopd/-/gopd-1.2.0.tgz 697ms (cache miss)
4935 http fetch GET 200 https://registry.npmjs.org/mime-types/-/mime-types-2.1.35.tgz 695ms (cache miss)
4936 http fetch GET 200 https://registry.npmjs.org/es-define-property/-/es-define-property-1.0.1.tgz 696ms (cache miss)
4937 http fetch GET 200 https://registry.npmjs.org/es-object-atoms/-/es-object-atoms-1.1.2.tgz 698ms (cache miss)
4938 http fetch GET 200 https://registry.npmjs.org/combined-stream/-/combined-stream-1.0.8.tgz 695ms (cache miss)
4939 http fetch GET 200 https://registry.npmjs.org/has-tostringtag/-/has-tostringtag-1.0.2.tgz 695ms (cache miss)
4940 http fetch GET 200 https://registry.npmjs.org/es-set-tostringtag/-/es-set-tostringtag-2.1.0.tgz 696ms (cache miss)
4941 http fetch GET 200 https://registry.npmjs.org/delayed-stream/-/delayed-stream-1.0.0.tgz 696ms (cache miss)
4942 http fetch GET 200 https://registry.npmjs.org/call-bind-apply-helpers/-/call-bind-apply-helpers-1.0.2.tgz 702ms (cache miss)
4943 http fetch GET 200 https://registry.npmjs.org/get-proto/-/get-proto-1.0.1.tgz 704ms (cache miss)
4944 http fetch GET 200 https://registry.npmjs.org/xtend/-/xtend-4.0.2.tgz 703ms (cache miss)
4945 http fetch GET 200 https://registry.npmjs.org/eth-query/-/eth-query-2.1.2.tgz 702ms (cache miss)
4946 http fetch GET 200 https://registry.npmjs.org/pify/-/pify-3.0.0.tgz 710ms (cache miss)
4947 http fetch GET 200 https://registry.npmjs.org/ms/-/ms-2.1.2.tgz 721ms (cache miss)
4948 http fetch GET 200 https://registry.npmjs.org/mime-db/-/mime-db-1.52.0.tgz 738ms (cache miss)
4949 http fetch GET 200 https://registry.npmjs.org/eth-json-rpc-filters/-/eth-json-rpc-filters-6.0.1.tgz 728ms (cache miss)
4950 http fetch GET 200 https://registry.npmjs.org/json-rpc-random-id/-/json-rpc-random-id-1.0.1.tgz 736ms (cache miss)
4951 http fetch GET 200 https://registry.npmjs.org/node-gyp-build/-/node-gyp-build-4.8.4.tgz 737ms (cache miss)
4952 http fetch GET 200 https://registry.npmjs.org/ieee754/-/ieee754-1.2.1.tgz 747ms (cache miss)
4953 http fetch GET 200 https://registry.npmjs.org/base64-js/-/base64-js-1.5.1.tgz 747ms (cache miss)
4954 http fetch GET 200 https://registry.npmjs.org/is-retry-allowed/-/is-retry-allowed-2.2.0.tgz 754ms (cache miss)
4955 http fetch GET 200 https://registry.npmjs.org/eth-block-tracker/-/eth-block-tracker-7.1.0.tgz 758ms (cache miss)
4956 http fetch GET 200 https://registry.npmjs.org/base-x/-/base-x-5.0.1.tgz 759ms (cache miss)
4957 http fetch GET 200 https://registry.npmjs.org/@ecies/ciphers/-/ciphers-0.2.6.tgz 765ms (cache miss)
4958 http fetch GET 200 https://registry.npmjs.org/h3/-/h3-1.15.11.tgz 812ms (cache miss)
4959 http fetch GET 200 https://registry.npmjs.org/bn.js/-/bn.js-5.2.5.tgz 772ms (cache miss)
4960 http fetch GET 200 https://registry.npmjs.org/query-string/-/query-string-7.1.3.tgz 799ms (cache miss)
4961 http fetch GET 200 https://registry.npmjs.org/proxy-from-env/-/proxy-from-env-2.1.0.tgz 805ms (cache miss)
4962 http fetch GET 200 https://registry.npmjs.org/follow-redirects/-/follow-redirects-1.16.0.tgz 808ms (cache miss)
4963 http fetch GET 200 https://registry.npmjs.org/get-intrinsic/-/get-intrinsic-1.3.0.tgz 828ms (cache miss)
4964 http fetch GET 200 https://registry.npmjs.org/node-fetch/-/node-fetch-2.7.0.tgz 860ms (cache miss)
4965 http fetch GET 200 https://registry.npmjs.org/keyvaluestorage-interface/-/keyvaluestorage-interface-1.0.0.tgz 855ms (cache miss)
4966 http fetch GET 200 https://registry.npmjs.org/big.js/-/big.js-6.2.2.tgz 875ms (cache miss)
4967 http fetch GET 200 https://registry.npmjs.org/form-data/-/form-data-4.0.6.tgz 883ms (cache miss)
4968 http fetch GET 200 https://registry.npmjs.org/buffer/-/buffer-6.0.3.tgz 885ms (cache miss)
4969 http fetch GET 200 https://registry.npmjs.org/@metamask/eth-json-rpc-provider/-/eth-json-rpc-provider-1.0.1.tgz 901ms (cache miss)
4970 http fetch GET 200 https://registry.npmjs.org/ofetch/-/ofetch-1.5.1.tgz 977ms (cache miss)
4971 http fetch GET 200 https://registry.npmjs.org/has-symbols/-/has-symbols-1.1.0.tgz 947ms (cache miss)
4972 http fetch GET 200 https://registry.npmjs.org/superstruct/-/superstruct-1.0.4.tgz 1005ms (cache miss)
4973 http fetch GET 200 https://registry.npmjs.org/sha.js/-/sha.js-2.4.12.tgz 983ms (cache miss)
4974 http fetch GET 200 https://registry.npmjs.org/asynckit/-/asynckit-0.4.0.tgz 1030ms (cache miss)
4975 http fetch GET 200 https://registry.npmjs.org/fast-redact/-/fast-redact-3.5.0.tgz 1056ms (cache miss)
4976 http fetch GET 200 https://registry.npmjs.org/json-rpc-engine/-/json-rpc-engine-6.1.0.tgz 1062ms (cache miss)
4977 http fetch GET 200 https://registry.npmjs.org/@walletconnect/window-getters/-/window-getters-1.0.1.tgz 1084ms (cache miss)
4978 http fetch GET 200 https://registry.npmjs.org/@walletconnect/window-metadata/-/window-metadata-1.0.1.tgz 1086ms (cache miss)
4979 http fetch GET 200 https://registry.npmjs.org/async-mutex/-/async-mutex-0.2.6.tgz 1094ms (cache miss)
4980 http fetch GET 200 https://registry.npmjs.org/@walletconnect/safe-json/-/safe-json-1.0.2.tgz 1098ms (cache miss)
4981 http fetch GET 200 https://registry.npmjs.org/@walletconnect/jsonrpc-ws-connection/-/jsonrpc-ws-connection-1.0.16.tgz 1105ms (cache miss)
4982 http fetch GET 200 https://registry.npmjs.org/@types/ms/-/ms-2.1.0.tgz 1104ms (cache miss)
4983 http fetch GET 200 https://registry.npmjs.org/@lit-labs/ssr-dom-shim/-/ssr-dom-shim-1.6.0.tgz 1172ms (cache miss)
4984 http fetch GET 200 https://registry.npmjs.org/@walletconnect/relay-api/-/relay-api-1.0.11.tgz 1172ms (cache miss)
4985 http fetch GET 200 https://registry.npmjs.org/node-fetch-native/-/node-fetch-native-1.6.7.tgz 1233ms (cache miss)
4986 http fetch GET 200 https://registry.npmjs.org/@walletconnect/events/-/events-1.0.1.tgz 1191ms (cache miss)
4987 http fetch GET 200 https://registry.npmjs.org/@walletconnect/heartbeat/-/heartbeat-1.2.2.tgz 1197ms (cache miss)
4988 http fetch GET 200 https://registry.npmjs.org/node-mock-http/-/node-mock-http-1.0.5.tgz 1246ms (cache miss)
4989 http fetch GET 200 https://registry.npmjs.org/@walletconnect/logger/-/logger-2.1.2.tgz 1204ms (cache miss)
4990 http fetch GET 200 https://registry.npmjs.org/engine.io-parser/-/engine.io-parser-5.2.3.tgz 1268ms (cache miss)
4991 http fetch GET 200 https://registry.npmjs.org/@walletconnect/relay-auth/-/relay-auth-1.1.0.tgz 1242ms (cache miss)
4992 http fetch GET 200 https://registry.npmjs.org/@reown/appkit-polyfills/-/appkit-polyfills-1.7.8.tgz 1242ms (cache miss)
4993 http fetch GET 200 https://registry.npmjs.org/thread-stream/-/thread-stream-0.15.2.tgz 1274ms (cache miss)
4994 http fetch GET 200 https://registry.npmjs.org/@walletconnect/environment/-/environment-1.0.1.tgz 1284ms (cache miss)
4995 http fetch GET 200 https://registry.npmjs.org/@walletconnect/jsonrpc-provider/-/jsonrpc-provider-1.0.14.tgz 1337ms (cache miss)
4996 http fetch GET 200 https://registry.npmjs.org/crossws/-/crossws-0.3.5.tgz 1419ms (cache miss)
4997 http fetch GET 200 https://registry.npmjs.org/chalk/-/chalk-5.6.2.tgz 1386ms (cache miss)
4998 http fetch GET 200 https://registry.npmjs.org/qrcode/-/qrcode-1.5.3.tgz 1407ms (cache miss)
4999 http fetch GET 200 https://registry.npmjs.org/@solana/rpc-subscriptions-channel-websocket/-/rpc-subscriptions-channel-websocket-5.5.1.tgz 1402ms (cache miss)
5000 http fetch GET 200 https://registry.npmjs.org/keccak/-/keccak-3.0.4.tgz 1429ms (cache miss)
5001 http fetch GET 200 https://registry.npmjs.org/@walletconnect/jsonrpc-types/-/jsonrpc-types-1.0.4.tgz 1416ms (cache miss)
5002 http fetch GET 200 https://registry.npmjs.org/@solana/fast-stable-stringify/-/fast-stable-stringify-5.5.1.tgz 1464ms (cache miss)
5003 http fetch GET 200 https://registry.npmjs.org/uint8arrays/-/uint8arrays-3.1.0.tgz 1496ms (cache miss)
5004 http fetch GET 200 https://registry.npmjs.org/@solana/promises/-/promises-5.5.1.tgz 1484ms (cache miss)
5005 http fetch GET 200 https://registry.npmjs.org/yargs/-/yargs-15.4.1.tgz 1543ms (cache miss)
5006 http fetch GET 200 https://registry.npmjs.org/mipd/-/mipd-0.0.7.tgz 1528ms (cache miss)
5007 http fetch GET 200 https://registry.npmjs.org/@solana/rpc-spec/-/rpc-spec-5.5.1.tgz 1526ms (cache miss)
5008 http fetch GET 200 https://registry.npmjs.org/@walletconnect/keyvaluestorage/-/keyvaluestorage-1.1.1.tgz 1563ms (cache miss)
5009 http fetch GET 200 https://registry.npmjs.org/@walletconnect/jsonrpc-http-connection/-/jsonrpc-http-connection-1.0.8.tgz 1576ms (cache miss)
5010 http fetch GET 200 https://registry.npmjs.org/pngjs/-/pngjs-5.0.0.tgz 1630ms (cache miss)
5011 http fetch GET 200 https://registry.npmjs.org/@solana/nominal-types/-/nominal-types-5.5.1.tgz 1643ms (cache miss)
5012 http fetch GET 200 https://registry.npmjs.org/node-addon-api/-/node-addon-api-2.0.2.tgz 1672ms (cache miss)
5013 http fetch GET 200 https://registry.npmjs.org/@solana/subscribable/-/subscribable-5.5.1.tgz 1662ms (cache miss)
5014 http fetch GET 200 https://registry.npmjs.org/@reown/appkit-wallet/-/appkit-wallet-1.7.8.tgz 1673ms (cache miss)
5015 http fetch GET 200 https://registry.npmjs.org/@solana/rpc-transport-http/-/rpc-transport-http-5.5.1.tgz 1682ms (cache miss)
5016 http fetch GET 200 https://registry.npmjs.org/@solana/rpc-subscriptions-spec/-/rpc-subscriptions-spec-5.5.1.tgz 1714ms (cache miss)
5017 http fetch GET 200 https://registry.npmjs.org/@solana/assertions/-/assertions-5.5.1.tgz 1713ms (cache miss)
5018 http fetch GET 200 https://registry.npmjs.org/@solana/options/-/options-5.5.1.tgz 1735ms (cache miss)
5019 http fetch GET 200 https://registry.npmjs.org/@walletconnect/utils/-/utils-2.21.1.tgz 1745ms (cache miss)
5020 http fetch GET 200 https://registry.npmjs.org/@solana/rpc-subscriptions-api/-/rpc-subscriptions-api-5.5.1.tgz 1782ms (cache miss)
5021 http fetch GET 200 https://registry.npmjs.org/@solana/rpc-parsed-types/-/rpc-parsed-types-5.5.1.tgz 1906ms (cache miss)
5022 http fetch GET 200 https://registry.npmjs.org/@walletconnect/types/-/types-2.21.1.tgz 1922ms (cache miss)
5023 http fetch GET 200 https://registry.npmjs.org/@solana/rpc-transformers/-/rpc-transformers-5.5.1.tgz 1958ms (cache miss)
5024 http fetch GET 200 https://registry.npmjs.org/@solana/programs/-/programs-5.5.1.tgz 1978ms (cache miss)
5025 http fetch GET 200 https://registry.npmjs.org/micro-ftch/-/micro-ftch-0.3.1.tgz 2001ms (cache miss)
5026 http fetch GET 200 https://registry.npmjs.org/lit-element/-/lit-element-4.2.2.tgz 2048ms (cache miss)
5027 http fetch GET 200 https://registry.npmjs.org/@solana/codecs-strings/-/codecs-strings-5.5.1.tgz 2028ms (cache miss)
5028 http fetch GET 200 https://registry.npmjs.org/@solana/plugin-core/-/plugin-core-5.5.1.tgz 2091ms (cache miss)
5029 http fetch GET 200 https://registry.npmjs.org/pony-cause/-/pony-cause-2.1.11.tgz 2113ms (cache miss)
5030 http fetch GET 200 https://registry.npmjs.org/crc-32/-/crc-32-1.2.2.tgz 2130ms (cache miss)
5031 http fetch GET 200 https://registry.npmjs.org/@types/debug/-/debug-4.1.13.tgz 2134ms (cache miss)
5032 http fetch GET 200 https://registry.npmjs.org/@solana/codecs/-/codecs-5.5.1.tgz 2149ms (cache miss)
5033 http fetch GET 200 https://registry.npmjs.org/@ethereumjs/rlp/-/rlp-4.0.1.tgz 2161ms (cache miss)
5034 http fetch GET 200 https://registry.npmjs.org/@solana/functional/-/functional-5.5.1.tgz 2166ms (cache miss)
5035 http fetch GET 200 https://registry.npmjs.org/fast-deep-equal/-/fast-deep-equal-3.1.3.tgz 2177ms (cache miss)
5036 http fetch GET 200 https://registry.npmjs.org/once/-/once-1.4.0.tgz 2179ms (cache miss)
5037 http fetch GET 200 https://registry.npmjs.org/@walletconnect/jsonrpc-utils/-/jsonrpc-utils-1.0.8.tgz 2195ms (cache miss)
5038 http fetch GET 200 https://registry.npmjs.org/@solana/transaction-confirmation/-/transaction-confirmation-5.5.1.tgz 2193ms (cache miss)
5039 http fetch GET 200 https://registry.npmjs.org/detect-browser/-/detect-browser-5.3.0.tgz 2192ms (cache miss)
5040 http fetch GET 200 https://registry.npmjs.org/extension-port-stream/-/extension-port-stream-3.0.0.tgz 2207ms (cache miss)
5041 http fetch GET 200 https://registry.npmjs.org/is-stream/-/is-stream-2.0.1.tgz 2207ms (cache miss)
5042 http fetch GET 200 https://registry.npmjs.org/util/-/util-0.12.5.tgz 2211ms (cache miss)
5043 http fetch GET 200 https://registry.npmjs.org/pump/-/pump-3.0.4.tgz 2237ms (cache miss)
5044 http fetch GET 200 https://registry.npmjs.org/@walletconnect/time/-/time-1.0.2.tgz 2267ms (cache miss)
5045 http fetch GET 200 https://registry.npmjs.org/debug/-/debug-4.3.4.tgz 2271ms (cache miss)
5046 http fetch GET 200 https://registry.npmjs.org/webextension-polyfill/-/webextension-polyfill-0.10.0.tgz 2284ms (cache miss)
5047 http fetch GET 200 https://registry.npmjs.org/obj-multiplex/-/obj-multiplex-1.0.0.tgz 2319ms (cache miss)
5048 http fetch GET 200 https://registry.npmjs.org/eciesjs/-/eciesjs-0.4.18.tgz 2325ms (cache miss)
5049 http fetch GET 200 https://registry.npmjs.org/@solana/rpc/-/rpc-5.5.1.tgz 2355ms (cache miss)
5050 http fetch GET 200 https://registry.npmjs.org/openapi-fetch/-/openapi-fetch-0.13.8.tgz 2359ms (cache miss)
5051 http fetch GET 200 https://registry.npmjs.org/fast-safe-stringify/-/fast-safe-stringify-2.1.1.tgz 2361ms (cache miss)
5052 http fetch GET 200 https://registry.npmjs.org/@reown/appkit-utils/-/appkit-utils-1.7.8.tgz 2398ms (cache miss)
5053 http fetch GET 200 https://registry.npmjs.org/uncrypto/-/uncrypto-0.1.3.tgz 2375ms (cache miss)
5054 http fetch GET 200 https://registry.npmjs.org/utf-8-validate/-/utf-8-validate-5.0.10.tgz 2387ms (cache miss)
5055 http fetch GET 200 https://registry.npmjs.org/eventemitter2/-/eventemitter2-6.4.9.tgz 2383ms (cache miss)
5056 http fetch GET 200 https://registry.npmjs.org/@solana/codecs-core/-/codecs-core-5.5.1.tgz 2402ms (cache miss)
5057 http fetch GET 200 https://registry.npmjs.org/events/-/events-3.3.0.tgz 2410ms (cache miss)
5058 http fetch GET 200 https://registry.npmjs.org/bufferutil/-/bufferutil-4.1.0.tgz 2420ms (cache miss)
5059 http fetch GET 200 https://registry.npmjs.org/@solana/transactions/-/transactions-5.5.1.tgz 2579ms (cache miss)
5060 http fetch GET 200 https://registry.npmjs.org/md5/-/md5-2.3.0.tgz 2563ms (cache miss)
5061 http fetch GET 200 https://registry.npmjs.org/bs58/-/bs58-6.0.0.tgz 2578ms (cache miss)
5062 http fetch GET 200 https://registry.npmjs.org/@metamask/object-multiplex/-/object-multiplex-2.1.0.tgz 2591ms (cache miss)
5063 http fetch GET 200 https://registry.npmjs.org/@metamask/safe-event-emitter/-/safe-event-emitter-3.1.3.tgz 2594ms (cache miss)
5064 http fetch GET 200 https://registry.npmjs.org/axios-retry/-/axios-retry-4.5.0.tgz 2604ms (cache miss)
5065 http fetch GET 200 https://registry.npmjs.org/@solana/signers/-/signers-5.5.1.tgz 2635ms (cache miss)
5066 http fetch GET 200 https://registry.npmjs.org/eth-rpc-errors/-/eth-rpc-errors-4.0.3.tgz 2625ms (cache miss)
5067 http fetch GET 200 https://registry.npmjs.org/bowser/-/bowser-2.14.1.tgz 2634ms (cache miss)
5068 http fetch GET 200 https://registry.npmjs.org/@solana/sysvars/-/sysvars-5.5.1.tgz 2672ms (cache miss)
5069 http fetch GET 200 https://registry.npmjs.org/cross-fetch/-/cross-fetch-4.1.0.tgz 2663ms (cache miss)
5070 http fetch GET 200 https://registry.npmjs.org/@metamask/sdk-analytics/-/sdk-analytics-0.0.5.tgz 2672ms (cache miss)
5071 http fetch GET 200 https://registry.npmjs.org/@solana/codecs-numbers/-/codecs-numbers-5.5.1.tgz 2697ms (cache miss)
5072 http fetch GET 200 https://registry.npmjs.org/@solana/keys/-/keys-5.5.1.tgz 2693ms (cache miss)
5073 http fetch GET 200 https://registry.npmjs.org/use-sync-external-store/-/use-sync-external-store-1.4.0.tgz 2674ms (cache miss)
5074 http fetch GET 200 https://registry.npmjs.org/@walletconnect/core/-/core-2.21.1.tgz 2784ms (cache miss)
5075 http fetch GET 200 https://registry.npmjs.org/@solana/rpc-spec-types/-/rpc-spec-types-5.5.1.tgz 2773ms (cache miss)
5076 http fetch GET 200 https://registry.npmjs.org/@walletconnect/sign-client/-/sign-client-2.21.1.tgz 2787ms (cache miss)
5077 warn deprecated @walletconnect/sign-client@2.21.1: Reliability and performance improvements. See: https://github.com/WalletConnect/walletconnect-monorepo/releases
5078 http fetch GET 200 https://registry.npmjs.org/idb-keyval/-/idb-keyval-6.2.1.tgz 2769ms (cache miss)
5079 http fetch GET 200 https://registry.npmjs.org/@solana/codecs-data-structures/-/codecs-data-structures-5.5.1.tgz 2795ms (cache miss)
5080 http fetch GET 200 https://registry.npmjs.org/@scure/bip32/-/bip32-1.7.0.tgz 2842ms (cache miss)
5081 http fetch GET 200 https://registry.npmjs.org/@solana/rpc-types/-/rpc-types-5.5.1.tgz 2869ms (cache miss)
5082 http fetch GET 200 https://registry.npmjs.org/@paulmillr/qr/-/qr-0.2.1.tgz 2864ms (cache miss)
5083 warn deprecated @paulmillr/qr@0.2.1: Switch to "qr" (new package name) for security updates: npm install qr
5084 http fetch GET 200 https://registry.npmjs.org/@solana/addresses/-/addresses-5.5.1.tgz 2883ms (cache miss)
5085 warn deprecated @metamask/sdk-analytics@0.0.5: No longer maintained, superseded by @metamask/connect-analytics
5086 http fetch GET 200 https://registry.npmjs.org/isows/-/isows-1.0.7.tgz 2879ms (cache miss)
5087 http fetch GET 200 https://registry.npmjs.org/@solana/instructions/-/instructions-5.5.1.tgz 2918ms (cache miss)
5088 http fetch GET 200 https://registry.npmjs.org/@metamask/onboarding/-/onboarding-1.0.1.tgz 2927ms (cache miss)
5089 http fetch GET 200 https://registry.npmjs.org/@reown/appkit-common/-/appkit-common-1.7.8.tgz 2976ms (cache miss)
5090 http fetch GET 200 https://registry.npmjs.org/d3-path/-/d3-path-3.1.0.tgz 2942ms (cache miss)
5091 http fetch GET 200 https://registry.npmjs.org/internmap/-/internmap-2.0.3.tgz 2959ms (cache miss)
5092 http fetch GET 200 https://registry.npmjs.org/d3-timer/-/d3-timer-3.0.1.tgz 3001ms (cache miss)
5093 http fetch GET 200 https://registry.npmjs.org/@types/d3-color/-/d3-color-3.1.3.tgz 3001ms (cache miss)
5094 http fetch GET 200 https://registry.npmjs.org/@types/d3-path/-/d3-path-3.1.1.tgz 3003ms (cache miss)
5095 http fetch GET 200 https://registry.npmjs.org/d3-time/-/d3-time-3.1.0.tgz 3016ms (cache miss)
5096 http fetch GET 200 https://registry.npmjs.org/readable-stream/-/readable-stream-3.6.2.tgz 3043ms (cache miss)
5097 http fetch GET 200 https://registry.npmjs.org/d3-ease/-/d3-ease-3.0.1.tgz 3047ms (cache miss)
5098 http fetch GET 200 https://registry.npmjs.org/@types/d3-timer/-/d3-timer-3.0.2.tgz 3059ms (cache miss)
5099 http fetch GET 200 https://registry.npmjs.org/@types/d3-time/-/d3-time-3.0.4.tgz 3060ms (cache miss)
5100 http fetch GET 200 https://registry.npmjs.org/@types/d3-scale/-/d3-scale-4.0.9.tgz 3091ms (cache miss)
5101 http fetch GET 200 https://registry.npmjs.org/@scure/base/-/base-1.2.6.tgz 3133ms (cache miss)
5102 http fetch GET 200 https://registry.npmjs.org/is-number/-/is-number-7.0.0.tgz 3126ms (cache miss)
5103 http fetch GET 200 https://registry.npmjs.org/ua-is-frozen/-/ua-is-frozen-0.1.2.tgz 3126ms (cache miss)
5104 http fetch GET 200 https://registry.npmjs.org/@types/d3-array/-/d3-array-3.2.2.tgz 3128ms (cache miss)
5105 http fetch GET 200 https://registry.npmjs.org/@types/d3-interpolate/-/d3-interpolate-3.0.4.tgz 3128ms (cache miss)
5106 http fetch GET 200 https://registry.npmjs.org/@types/d3-ease/-/d3-ease-3.0.2.tgz 3128ms (cache miss)
5107 http fetch GET 200 https://registry.npmjs.org/thenify/-/thenify-3.3.1.tgz 3127ms (cache miss)
5108 http fetch GET 200 https://registry.npmjs.org/@solana/rpc-subscriptions/-/rpc-subscriptions-5.5.1.tgz 3162ms (cache miss)
5109 http fetch GET 200 https://registry.npmjs.org/thenify-all/-/thenify-all-1.6.0.tgz 3137ms (cache miss)
5110 http fetch GET 200 https://registry.npmjs.org/detect-node-es/-/detect-node-es-1.1.0.tgz 3139ms (cache miss)
5111 http fetch GET 200 https://registry.npmjs.org/detect-europe-js/-/detect-europe-js-0.1.2.tgz 3144ms (cache miss)
5112 http fetch GET 200 https://registry.npmjs.org/escalade/-/escalade-3.2.0.tgz 3144ms (cache miss)
5113 http fetch GET 200 https://registry.npmjs.org/ts-interface-checker/-/ts-interface-checker-0.1.13.tgz 3169ms (cache miss)
5114 http fetch GET 200 https://registry.npmjs.org/@types/d3-shape/-/d3-shape-3.2.0.tgz 3182ms (cache miss)
5115 http fetch GET 200 https://registry.npmjs.org/is-standalone-pwa/-/is-standalone-pwa-0.1.1.tgz 3178ms (cache miss)
5116 http fetch GET 200 https://registry.npmjs.org/lines-and-columns/-/lines-and-columns-1.2.4.tgz 3177ms (cache miss)
5117 http fetch GET 200 https://registry.npmjs.org/tinyglobby/-/tinyglobby-0.2.17.tgz 3179ms (cache miss)
5118 http fetch GET 200 https://registry.npmjs.org/hasown/-/hasown-2.0.4.tgz 3181ms (cache miss)
5119 http fetch GET 200 https://registry.npmjs.org/any-promise/-/any-promise-1.3.0.tgz 3185ms (cache miss)
5120 http fetch GET 200 https://registry.npmjs.org/pirates/-/pirates-4.0.7.tgz 3186ms (cache miss)
5121 http fetch GET 200 https://registry.npmjs.org/d3-color/-/d3-color-3.1.0.tgz 3199ms (cache miss)
5122 http fetch GET 200 https://registry.npmjs.org/supports-preserve-symlinks-flag/-/supports-preserve-symlinks-flag-1.0.0.tgz 3215ms (cache miss)
5123 http fetch GET 200 https://registry.npmjs.org/es-errors/-/es-errors-1.3.0.tgz 3215ms (cache miss)
5124 http fetch GET 200 https://registry.npmjs.org/function-bind/-/function-bind-1.1.2.tgz 3217ms (cache miss)
5125 http fetch GET 200 https://registry.npmjs.org/path-parse/-/path-parse-1.0.7.tgz 3216ms (cache miss)
5126 http fetch GET 200 https://registry.npmjs.org/cssesc/-/cssesc-3.0.0.tgz 3220ms (cache miss)
5127 http fetch GET 200 https://registry.npmjs.org/read-cache/-/read-cache-1.0.2.tgz 3227ms (cache miss)
5128 http fetch GET 200 https://registry.npmjs.org/binary-extensions/-/binary-extensions-2.3.0.tgz 3227ms (cache miss)
5129 http fetch GET 200 https://registry.npmjs.org/queue-microtask/-/queue-microtask-1.2.3.tgz 3230ms (cache miss)
5130 http fetch GET 200 https://registry.npmjs.org/camelcase-css/-/camelcase-css-2.0.1.tgz 3245ms (cache miss)
5131 http fetch GET 200 https://registry.npmjs.org/util-deprecate/-/util-deprecate-1.0.2.tgz 3247ms (cache miss)
5132 http fetch GET 200 https://registry.npmjs.org/to-regex-range/-/to-regex-range-5.0.1.tgz 3246ms (cache miss)
5133 http fetch GET 200 https://registry.npmjs.org/commander/-/commander-4.1.1.tgz 3252ms (cache miss)
5134 http fetch GET 200 https://registry.npmjs.org/is-extglob/-/is-extglob-2.1.1.tgz 3253ms (cache miss)
5135 http fetch GET 200 https://registry.npmjs.org/reusify/-/reusify-1.1.0.tgz 3254ms (cache miss)
5136 http fetch GET 200 https://registry.npmjs.org/run-parallel/-/run-parallel-1.2.0.tgz 3253ms (cache miss)
5137 http fetch GET 200 https://registry.npmjs.org/mz/-/mz-2.7.0.tgz 3268ms (cache miss)
5138 http fetch GET 200 https://registry.npmjs.org/fill-range/-/fill-range-7.1.1.tgz 3257ms (cache miss)
5139 http fetch GET 200 https://registry.npmjs.org/@nodelib/fs.scandir/-/fs.scandir-2.1.5.tgz 3264ms (cache miss)
5140 http fetch GET 200 https://registry.npmjs.org/is-binary-path/-/is-binary-path-2.1.0.tgz 3260ms (cache miss)
5141 http fetch GET 200 https://registry.npmjs.org/fastq/-/fastq-1.20.3.tgz 3285ms (cache miss)
5142 http fetch GET 200 https://registry.npmjs.org/anymatch/-/anymatch-3.1.3.tgz 3285ms (cache miss)
5143 http fetch GET 200 https://registry.npmjs.org/braces/-/braces-3.0.3.tgz 3287ms (cache miss)
5144 http fetch GET 200 https://registry.npmjs.org/readdirp/-/readdirp-3.6.0.tgz 3290ms (cache miss)
5145 http fetch GET 200 https://registry.npmjs.org/micromatch/-/micromatch-4.0.8.tgz 3291ms (cache miss)
5146 http fetch GET 200 https://registry.npmjs.org/postcss-nested/-/postcss-nested-6.2.0.tgz 3293ms (cache miss)
5147 http fetch GET 200 https://registry.npmjs.org/@solana/instruction-plans/-/instruction-plans-5.5.1.tgz 3347ms (cache miss)
5148 http fetch GET 200 https://registry.npmjs.org/merge2/-/merge2-1.4.1.tgz 3305ms (cache miss)
5149 http fetch GET 200 https://registry.npmjs.org/postcss-js/-/postcss-js-4.1.0.tgz 3305ms (cache miss)
5150 http fetch GET 200 https://registry.npmjs.org/@metamask/json-rpc-middleware-stream/-/json-rpc-middleware-stream-7.0.2.tgz 3351ms (cache miss)
5151 http fetch GET 200 https://registry.npmjs.org/@jridgewell/resolve-uri/-/resolve-uri-3.1.2.tgz 3329ms (cache miss)
5152 http fetch GET 200 https://registry.npmjs.org/@nodelib/fs.walk/-/fs.walk-1.2.8.tgz 3326ms (cache miss)
5153 http fetch GET 200 https://registry.npmjs.org/normalize-path/-/normalize-path-3.0.0.tgz 3330ms (cache miss)
5154 http fetch GET 200 https://registry.npmjs.org/postcss-load-config/-/postcss-load-config-6.0.1.tgz 3334ms (cache miss)
5155 http fetch GET 200 https://registry.npmjs.org/didyoumean/-/didyoumean-1.2.2.tgz 3341ms (cache miss)
5156 http fetch GET 200 https://registry.npmjs.org/is-glob/-/is-glob-4.0.3.tgz 3344ms (cache miss)
5157 http fetch GET 200 https://registry.npmjs.org/glob-parent/-/glob-parent-6.0.2.tgz 3344ms (cache miss)
5158 http fetch GET 200 https://registry.npmjs.org/@safe-global/safe-apps-provider/-/safe-apps-provider-0.18.6.tgz 3388ms (cache miss)
5159 http fetch GET 200 https://registry.npmjs.org/is-core-module/-/is-core-module-2.16.2.tgz 3376ms (cache miss)
5160 http fetch GET 200 https://registry.npmjs.org/detect-libc/-/detect-libc-2.1.2.tgz 3373ms (cache miss)
5161 http fetch GET 200 https://registry.npmjs.org/@alloc/quick-lru/-/quick-lru-5.2.0.tgz 3376ms (cache miss)
5162 http fetch GET 200 https://registry.npmjs.org/lilconfig/-/lilconfig-3.1.3.tgz 3405ms (cache miss)
5163 http fetch GET 200 https://registry.npmjs.org/arg/-/arg-5.0.2.tgz 3401ms (cache miss)
5164 http fetch GET 200 https://registry.npmjs.org/client-only/-/client-only-0.0.1.tgz 3409ms (cache miss)
5165 http fetch GET 200 https://registry.npmjs.org/js-tokens/-/js-tokens-4.0.0.tgz 3408ms (cache miss)
5166 http fetch GET 200 https://registry.npmjs.org/object-hash/-/object-hash-3.0.0.tgz 3417ms (cache miss)
5167 http fetch GET 200 https://registry.npmjs.org/ws/-/ws-8.21.0.tgz 3507ms (cache miss)
5168 http fetch GET 200 https://registry.npmjs.org/engine.io-client/-/engine.io-client-6.6.6.tgz 3585ms (cache miss)
5169 http fetch GET 200 https://registry.npmjs.org/loose-envify/-/loose-envify-1.4.0.tgz 3478ms (cache miss)
5170 http fetch GET 200 https://registry.npmjs.org/object-assign/-/object-assign-4.1.1.tgz 3497ms (cache miss)
5171 http fetch GET 200 https://registry.npmjs.org/tiny-invariant/-/tiny-invariant-1.3.3.tgz 3507ms (cache miss)
5172 http fetch GET 200 https://registry.npmjs.org/@adraffy/ens-normalize/-/ens-normalize-1.11.1.tgz 3557ms (cache miss)
5173 http fetch GET 200 https://registry.npmjs.org/picomatch/-/picomatch-2.3.2.tgz 3543ms (cache miss)
5174 http fetch GET 200 https://registry.npmjs.org/dlv/-/dlv-1.1.3.tgz 3537ms (cache miss)
5175 http fetch GET 200 https://registry.npmjs.org/eventemitter3/-/eventemitter3-4.0.7.tgz 3531ms (cache miss)
5176 http fetch GET 200 https://registry.npmjs.org/react-is/-/react-is-18.3.1.tgz 3531ms (cache miss)
5177 http fetch GET 200 https://registry.npmjs.org/get-nonce/-/get-nonce-1.0.1.tgz 3538ms (cache miss)
5178 http fetch GET 200 https://registry.npmjs.org/react-style-singleton/-/react-style-singleton-2.2.3.tgz 3539ms (cache miss)
5179 http fetch GET 200 https://registry.npmjs.org/use-sidecar/-/use-sidecar-1.1.3.tgz 3540ms (cache miss)
5180 http fetch GET 200 https://registry.npmjs.org/use-callback-ref/-/use-callback-ref-1.3.3.tgz 3541ms (cache miss)
5181 http fetch GET 200 https://registry.npmjs.org/react-remove-scroll-bar/-/react-remove-scroll-bar-2.3.8.tgz 3547ms (cache miss)
5182 http fetch GET 200 https://registry.npmjs.org/@nodelib/fs.stat/-/fs.stat-2.0.5.tgz 3579ms (cache miss)
5183 http fetch GET 200 https://registry.npmjs.org/chokidar/-/chokidar-3.6.0.tgz 3603ms (cache miss)
5184 http fetch GET 200 https://registry.npmjs.org/@img/colour/-/colour-1.1.0.tgz 3611ms (cache miss)
5185 http fetch GET 200 https://registry.npmjs.org/nanoid/-/nanoid-3.3.18.tgz 3605ms (cache miss)
5186 http fetch GET 200 https://registry.npmjs.org/@solana/accounts/-/accounts-5.5.1.tgz 3700ms (cache miss)
5187 http fetch GET 200 https://registry.npmjs.org/update-browserslist-db/-/update-browserslist-db-1.3.2.tgz 3637ms (cache miss)
5188 http fetch GET 200 https://registry.npmjs.org/node-releases/-/node-releases-2.0.54.tgz 3650ms (cache miss)
5189 http fetch GET 200 https://registry.npmjs.org/@next/env/-/env-15.5.24.tgz 3660ms (cache miss)
5190 http fetch GET 200 https://registry.npmjs.org/scheduler/-/scheduler-0.27.0.tgz 3669ms (cache miss)
5191 http fetch GET 200 https://registry.npmjs.org/picocolors/-/picocolors-1.1.1.tgz 3664ms (cache miss)
5192 http fetch GET 200 https://registry.npmjs.org/deep-object-diff/-/deep-object-diff-1.1.9.tgz 3845ms (cache miss)
5193 http fetch GET 200 https://registry.npmjs.org/modern-ahocorasick/-/modern-ahocorasick-1.1.0.tgz 3846ms (cache miss)
5194 http fetch GET 200 https://registry.npmjs.org/postcss-import/-/postcss-import-15.1.0.tgz 3871ms (cache miss)
5195 http fetch GET 200 https://registry.npmjs.org/valtio/-/valtio-1.13.2.tgz 3942ms (cache miss)
5196 http fetch GET 200 https://registry.npmjs.org/decimal.js-light/-/decimal.js-light-2.5.1.tgz 3906ms (cache miss)
5197 http fetch GET 200 https://registry.npmjs.org/prop-types/-/prop-types-15.8.1.tgz 3916ms (cache miss)
5198 http fetch GET 200 https://registry.npmjs.org/@emotion/hash/-/hash-0.9.2.tgz 3933ms (cache miss)
5199 http fetch GET 200 https://registry.npmjs.org/react-remove-scroll/-/react-remove-scroll-2.7.2.tgz 3931ms (cache miss)
5200 http fetch GET 200 https://registry.npmjs.org/dedent/-/dedent-1.7.2.tgz 3937ms (cache miss)
5201 http fetch GET 200 https://registry.npmjs.org/clsx/-/clsx-2.1.1.tgz 3936ms (cache miss)
5202 http fetch GET 200 https://registry.npmjs.org/@vanilla-extract/sprinkles/-/sprinkles-1.6.5.tgz 3937ms (cache miss)
5203 http fetch GET 200 https://registry.npmjs.org/@types/react-dom/-/react-dom-19.2.5.tgz 4022ms (cache miss)
5204 http fetch GET 200 https://registry.npmjs.org/@walletconnect/universal-provider/-/universal-provider-2.21.1.tgz 4113ms (cache miss)
5205 warn deprecated @walletconnect/universal-provider@2.21.1: Reliability and performance improvements. See: https://github.com/WalletConnect/walletconnect-monorepo/releases
5206 http fetch GET 200 https://registry.npmjs.org/browserslist/-/browserslist-4.28.8.tgz 4043ms (cache miss)
5207 http fetch GET 200 https://registry.npmjs.org/postcss-value-parser/-/postcss-value-parser-4.2.0.tgz 4055ms (cache miss)
5208 http fetch GET 200 https://registry.npmjs.org/deepmerge/-/deepmerge-4.3.1.tgz 4065ms (cache miss)
5209 http fetch GET 200 https://registry.npmjs.org/@reown/appkit-pay/-/appkit-pay-1.7.8.tgz 4149ms (cache miss)
5210 http fetch GET 200 https://registry.npmjs.org/@vanilla-extract/private/-/private-1.0.9.tgz 4073ms (cache miss)
5211 http fetch GET 200 https://registry.npmjs.org/electron-to-chromium/-/electron-to-chromium-1.5.417.tgz 4095ms (cache miss)
5212 http fetch GET 200 https://registry.npmjs.org/baseline-browser-mapping/-/baseline-browser-mapping-2.11.20.tgz 4095ms (cache miss)
5213 http fetch GET 200 https://registry.npmjs.org/tslib/-/tslib-2.8.1.tgz 4099ms (cache miss)
5214 http fetch GET 200 https://registry.npmjs.org/ethereum-cryptography/-/ethereum-cryptography-2.2.1.tgz 4181ms (cache miss)
5215 http fetch GET 200 https://registry.npmjs.org/@metamask/rpc-errors/-/rpc-errors-7.0.2.tgz 4190ms (cache miss)
5216 http fetch GET 200 https://registry.npmjs.org/fast-equals/-/fast-equals-5.4.1.tgz 4220ms (cache miss)
5217 http fetch GET 200 https://registry.npmjs.org/zustand/-/zustand-5.0.3.tgz 4264ms (cache miss)
5218 http fetch GET 200 https://registry.npmjs.org/debug/-/debug-4.4.3.tgz 4218ms (cache miss)
5219 http fetch GET 200 https://registry.npmjs.org/ms/-/ms-2.1.3.tgz 4217ms (cache miss)
5220 http fetch GET 200 https://registry.npmjs.org/@vanilla-extract/dynamic/-/dynamic-2.1.5.tgz 4228ms (cache miss)
5221 http fetch GET 200 https://registry.npmjs.org/d3-scale/-/d3-scale-4.0.2.tgz 4289ms (cache miss)
5222 http fetch GET 200 https://registry.npmjs.org/@ethereumjs/tx/-/tx-4.2.0.tgz 4331ms (cache miss)
5223 http fetch GET 200 https://registry.npmjs.org/qr/-/qr-0.7.0.tgz 4270ms (cache miss)
5224 http fetch GET 200 https://registry.npmjs.org/d3-interpolate/-/d3-interpolate-3.0.1.tgz 4342ms (cache miss)
5225 http fetch GET 200 https://registry.npmjs.org/source-map-js/-/source-map-js-1.2.1.tgz 4315ms (cache miss)
5226 http fetch GET 200 https://registry.npmjs.org/recharts-scale/-/recharts-scale-0.4.5.tgz 4340ms (cache miss)
5227 http fetch GET 200 https://registry.npmjs.org/pify/-/pify-5.0.0.tgz 4373ms (cache miss)
5228 http fetch GET 200 https://registry.npmjs.org/@solana/errors/-/errors-5.5.1.tgz 4459ms (cache miss)
5229 http fetch GET 200 https://registry.npmjs.org/ms/-/ms-2.1.3.tgz 4386ms (cache miss)
5230 http fetch GET 200 https://registry.npmjs.org/debug/-/debug-4.4.3.tgz 4392ms (cache miss)
5231 http fetch GET 200 https://registry.npmjs.org/fraction.js/-/fraction.js-5.3.4.tgz 4412ms (cache miss)
5232 http fetch GET 200 https://registry.npmjs.org/@metamask/safe-event-emitter/-/safe-event-emitter-2.0.0.tgz 4409ms (cache miss)
5233 http fetch GET 200 https://registry.npmjs.org/@solana/transaction-messages/-/transaction-messages-5.5.1.tgz 4497ms (cache miss)
5234 http fetch GET 200 https://registry.npmjs.org/csstype/-/csstype-3.2.3.tgz 4430ms (cache miss)
5235 http fetch GET 200 https://registry.npmjs.org/cuer/-/cuer-0.0.3.tgz 4438ms (cache miss)
5236 http fetch GET 200 https://registry.npmjs.org/@jridgewell/gen-mapping/-/gen-mapping-0.3.13.tgz 4505ms (cache miss)
5237 http fetch GET 200 https://registry.npmjs.org/@jridgewell/sourcemap-codec/-/sourcemap-codec-1.6.0.tgz 4507ms (cache miss)
5238 http fetch GET 200 https://registry.npmjs.org/@ethereumjs/util/-/util-8.1.0.tgz 4573ms (cache miss)
5239 http fetch GET 200 https://registry.npmjs.org/media-query-parser/-/media-query-parser-2.0.2.tgz 4508ms (cache miss)
5240 http fetch GET 200 https://registry.npmjs.org/d3-time-format/-/d3-time-format-4.1.0.tgz 4582ms (cache miss)
5241 http fetch GET 200 https://registry.npmjs.org/styled-jsx/-/styled-jsx-5.1.6.tgz 4576ms (cache miss)
5242 http fetch GET 200 https://registry.npmjs.org/@types/react/-/react-19.2.18.tgz 4589ms (cache miss)
5243 http fetch GET 200 https://registry.npmjs.org/jiti/-/jiti-1.21.7.tgz 4665ms (cache miss)
5244 http fetch GET 200 https://registry.npmjs.org/tslib/-/tslib-1.14.1.tgz 4681ms (cache miss)
5245 http fetch GET 200 https://registry.npmjs.org/uuid/-/uuid-8.3.2.tgz 4761ms (cache miss)
5246 http fetch GET 200 https://registry.npmjs.org/unstorage/-/unstorage-1.17.5.tgz 4791ms (cache miss)
5247 http fetch GET 200 https://registry.npmjs.org/lru-cache/-/lru-cache-10.4.3.tgz 4706ms (cache miss)
5248 warn deprecated uuid@8.3.2: uuid@10 and below is no longer supported.  For ESM codebases, update to uuid@latest.  For CommonJS codebases, use uuid@11 (but be aware this version will likely be deprecated in 2028).
5249 http fetch GET 200 https://registry.npmjs.org/undici-types/-/undici-types-6.21.0.tgz 4745ms (cache miss)
5250 http fetch GET 200 https://registry.npmjs.org/react-smooth/-/react-smooth-4.0.4.tgz 4787ms (cache miss)
5251 http fetch GET 200 https://registry.npmjs.org/tslib/-/tslib-1.14.1.tgz 4821ms (cache miss)
5252 http fetch GET 200 https://registry.npmjs.org/@lit/reactive-element/-/reactive-element-2.1.2.tgz 4968ms (cache miss)
5253 http fetch GET 200 https://registry.npmjs.org/tslib/-/tslib-1.14.1.tgz 4849ms (cache miss)
5254 http fetch GET 200 https://registry.npmjs.org/react-transition-group/-/react-transition-group-4.4.5.tgz 4883ms (cache miss)
5255 http fetch GET 200 https://registry.npmjs.org/tslib/-/tslib-1.14.1.tgz 4872ms (cache miss)
5256 http fetch GET 200 https://registry.npmjs.org/@solana/offchain-messages/-/offchain-messages-5.5.1.tgz 4960ms (cache miss)
5257 http fetch GET 200 https://registry.npmjs.org/react/-/react-19.2.8.tgz 4886ms (cache miss)
5258 http fetch GET 200 https://registry.npmjs.org/@scure/bip39/-/bip39-1.6.0.tgz 4963ms (cache miss)
5259 http fetch GET 200 https://registry.npmjs.org/tslib/-/tslib-1.14.1.tgz 4914ms (cache miss)
5260 http fetch GET 200 https://registry.npmjs.org/readdirp/-/readdirp-5.1.1.tgz 4942ms (cache miss)
5261 http fetch GET 200 https://registry.npmjs.org/eventemitter3/-/eventemitter3-5.0.1.tgz 4965ms (cache miss)
5262 http fetch GET 200 https://registry.npmjs.org/tslib/-/tslib-1.14.1.tgz 4987ms (cache miss)
5263 http fetch GET 200 https://registry.npmjs.org/use-sync-external-store/-/use-sync-external-store-1.2.0.tgz 4998ms (cache miss)
5264 http fetch GET 200 https://registry.npmjs.org/postcss-selector-parser/-/postcss-selector-parser-6.1.4.tgz 5042ms (cache miss)
5265 http fetch GET 200 https://registry.npmjs.org/chokidar/-/chokidar-5.0.0.tgz 5029ms (cache miss)
5266 http fetch GET 200 https://registry.npmjs.org/@scure/bip32/-/bip32-1.6.2.tgz 5028ms (cache miss)
5267 http fetch GET 200 https://registry.npmjs.org/isows/-/isows-1.0.6.tgz 5027ms (cache miss)
5268 http fetch GET 200 https://registry.npmjs.org/@gemini-wallet/core/-/core-0.3.2.tgz 5119ms (cache miss)
5269 http fetch GET 200 https://registry.npmjs.org/@jridgewell/trace-mapping/-/trace-mapping-0.3.31.tgz 5114ms (cache miss)
5270 http fetch GET 200 https://registry.npmjs.org/socket.io-client/-/socket.io-client-4.8.3.tgz 5136ms (cache miss)
5271 http fetch GET 200 https://registry.npmjs.org/@metamask/superstruct/-/superstruct-3.4.1.tgz 5153ms (cache miss)
5272 http fetch GET 200 https://registry.npmjs.org/@safe-global/safe-gateway-typescript-sdk/-/safe-gateway-typescript-sdk-3.23.1.tgz 5194ms (cache miss)
5273 warn deprecated @safe-global/safe-gateway-typescript-sdk@3.23.1: Package no longer supported. Contact Support at https://www.npmjs.com/support for more info.
5274 http fetch GET 200 https://registry.npmjs.org/@metamask/json-rpc-engine/-/json-rpc-engine-8.0.2.tgz 5208ms (cache miss)
5275 http fetch GET 200 https://registry.npmjs.org/pino/-/pino-7.11.0.tgz 5236ms (cache miss)
5276 http fetch GET 200 https://registry.npmjs.org/isows/-/isows-1.0.6.tgz 5144ms (cache miss)
5277 http fetch GET 200 https://registry.npmjs.org/semver/-/semver-7.8.5.tgz 5228ms (cache miss)
5278 http fetch GET 200 https://registry.npmjs.org/ws/-/ws-7.5.13.tgz 5204ms (cache miss)
5279 http fetch GET 200 https://registry.npmjs.org/eventemitter3/-/eventemitter3-5.0.1.tgz 5191ms (cache miss)
5280 http fetch GET 200 https://registry.npmjs.org/@solana/kit/-/kit-5.5.1.tgz 5304ms (cache miss)
5281 http fetch GET 200 https://registry.npmjs.org/d3-array/-/d3-array-3.2.4.tgz 5384ms (cache miss)
5282 http fetch GET 200 https://registry.npmjs.org/ws/-/ws-8.18.0.tgz 5356ms (cache miss)
5283 http fetch GET 200 https://registry.npmjs.org/sharp/-/sharp-0.35.4.tgz 5460ms (cache miss)
5284 http fetch GET 200 https://registry.npmjs.org/ws/-/ws-8.18.0.tgz 5607ms (cache miss)
5285 http fetch GET 200 https://registry.npmjs.org/@wagmi/connectors/-/connectors-6.2.0.tgz 5700ms (cache miss)
5286 http fetch GET 200 https://registry.npmjs.org/postcss/-/postcss-8.5.26.tgz 5654ms (cache miss)
5287 http fetch GET 200 https://registry.npmjs.org/d3-format/-/d3-format-3.1.2.tgz 5712ms (cache miss)
5288 http fetch GET 200 https://registry.npmjs.org/isows/-/isows-1.0.6.tgz 5645ms (cache miss)
5289 http fetch GET 200 https://registry.npmjs.org/@scure/bip32/-/bip32-1.6.2.tgz 5657ms (cache miss)
5290 http fetch GET 200 https://registry.npmjs.org/d3-shape/-/d3-shape-3.2.0.tgz 5732ms (cache miss)
5291 http fetch GET 200 https://registry.npmjs.org/eventemitter3/-/eventemitter3-5.0.1.tgz 5689ms (cache miss)
5292 http fetch GET 200 https://registry.npmjs.org/@metamask/json-rpc-engine/-/json-rpc-engine-7.3.3.tgz 5716ms (cache miss)
5293 http fetch GET 200 https://registry.npmjs.org/css-what/-/css-what-6.2.2.tgz 5779ms (cache miss)
5294 http fetch GET 200 https://registry.npmjs.org/@metamask/rpc-errors/-/rpc-errors-6.4.0.tgz 5844ms (cache miss)
5295 http fetch GET 200 https://registry.npmjs.org/fast-glob/-/fast-glob-3.3.3.tgz 5912ms (cache miss)
5296 http fetch GET 200 https://registry.npmjs.org/@scure/bip32/-/bip32-1.6.2.tgz 5870ms (cache miss)
5297 http fetch GET 200 https://registry.npmjs.org/tslib/-/tslib-1.14.1.tgz 5900ms (cache miss)
5298 http fetch GET 200 https://registry.npmjs.org/eventemitter3/-/eventemitter3-5.0.1.tgz 5911ms (cache miss)
5299 http fetch GET 200 https://registry.npmjs.org/isows/-/isows-1.0.6.tgz 5922ms (cache miss)
5300 http fetch GET 200 https://registry.npmjs.org/@scure/bip32/-/bip32-1.6.2.tgz 6060ms (cache miss)
5301 http fetch GET 200 https://registry.npmjs.org/ws/-/ws-8.18.0.tgz 6175ms (cache miss)
5302 http fetch GET 200 https://registry.npmjs.org/@walletconnect/ethereum-provider/-/ethereum-provider-2.21.1.tgz 6262ms (cache miss)
5303 warn deprecated @walletconnect/ethereum-provider@2.21.1: Reliability and performance improvements. See: https://github.com/WalletConnect/walletconnect-monorepo/releases
5304 http fetch GET 200 https://registry.npmjs.org/cross-fetch/-/cross-fetch-3.2.0.tgz 6206ms (cache miss)
5305 http fetch GET 200 https://registry.npmjs.org/@scure/bip32/-/bip32-1.4.0.tgz 6265ms (cache miss)
5306 http fetch GET 200 https://registry.npmjs.org/string_decoder/-/string_decoder-1.1.1.tgz 6384ms (cache miss)
5307 http fetch GET 200 https://registry.npmjs.org/safe-buffer/-/safe-buffer-5.1.2.tgz 6385ms (cache miss)
5308 http fetch GET 200 https://registry.npmjs.org/isarray/-/isarray-1.0.0.tgz 6384ms (cache miss)
5309 http fetch GET 200 https://registry.npmjs.org/debug/-/debug-4.4.3.tgz 6395ms (cache miss)
5310 http fetch GET 200 https://registry.npmjs.org/ms/-/ms-2.1.3.tgz 6420ms (cache miss)
5311 http fetch GET 200 https://registry.npmjs.org/eventemitter3/-/eventemitter3-5.0.1.tgz 6448ms (cache miss)
5312 http fetch GET 200 https://registry.npmjs.org/@solana/rpc-api/-/rpc-api-5.5.1.tgz 6582ms (cache miss)
5313 http fetch GET 200 https://registry.npmjs.org/@solana-program/system/-/system-0.10.0.tgz 6575ms (cache miss)
5314 http fetch GET 200 https://registry.npmjs.org/ws/-/ws-8.18.0.tgz 6519ms (cache miss)
5315 http fetch GET 200 https://registry.npmjs.org/eventemitter3/-/eventemitter3-5.0.1.tgz 6537ms (cache miss)
5316 http fetch GET 200 https://registry.npmjs.org/clsx/-/clsx-1.2.1.tgz 6545ms (cache miss)
5317 http fetch GET 200 https://registry.npmjs.org/clsx/-/clsx-1.2.1.tgz 6565ms (cache miss)
5318 http fetch GET 200 https://registry.npmjs.org/eventemitter3/-/eventemitter3-5.0.1.tgz 6635ms (cache miss)
5319 http fetch GET 200 https://registry.npmjs.org/eventemitter3/-/eventemitter3-5.0.1.tgz 6659ms (cache miss)
5320 http fetch GET 200 https://registry.npmjs.org/glob-parent/-/glob-parent-5.1.2.tgz 6660ms (cache miss)
5321 http fetch GET 200 https://registry.npmjs.org/clsx/-/clsx-1.2.1.tgz 6665ms (cache miss)
5322 http fetch GET 200 https://registry.npmjs.org/glob-parent/-/glob-parent-5.1.2.tgz 6682ms (cache miss)
5323 http fetch GET 200 https://registry.npmjs.org/@types/node/-/node-22.20.1.tgz 6741ms (cache miss)
5324 http fetch GET 200 https://registry.npmjs.org/react-is/-/react-is-16.13.1.tgz 6703ms (cache miss)
5325 http fetch GET 200 https://registry.npmjs.org/commander/-/commander-14.0.2.tgz 6766ms (cache miss)
5326 http fetch GET 200 https://registry.npmjs.org/@scure/base/-/base-1.1.9.tgz 6781ms (cache miss)
5327 http fetch GET 200 https://registry.npmjs.org/eventemitter3/-/eventemitter3-5.0.4.tgz 6776ms (cache miss)
5328 http fetch GET 200 https://registry.npmjs.org/uuid 6612ms (cache miss)
5329 silly packumentCache corgi:https://registry.npmjs.org/uuid set size:undefined disposed:false
5330 http fetch GET 200 https://registry.npmjs.org/@metamask/utils/-/utils-5.0.2.tgz 6839ms (cache miss)
5331 http fetch GET 200 https://registry.npmjs.org/fdir/-/fdir-6.5.0.tgz 6825ms (cache miss)
5332 http fetch GET 200 https://registry.npmjs.org/@metamask/utils/-/utils-5.0.2.tgz 6870ms (cache miss)
5333 http fetch GET 200 https://registry.npmjs.org/ws 6681ms (cache miss)
5334 silly packumentCache corgi:https://registry.npmjs.org/ws set size:undefined disposed:false
5335 http fetch GET 200 https://registry.npmjs.org/eventemitter3/-/eventemitter3-5.0.1.tgz 6877ms (cache miss)
5336 http fetch GET 200 https://registry.npmjs.org/axios 6727ms (cache miss)
5337 silly packumentCache corgi:https://registry.npmjs.org/axios set size:undefined disposed:false
5338 http fetch GET 200 https://registry.npmjs.org/@noble/ciphers/-/ciphers-1.3.0.tgz 7029ms (cache miss)
5339 http fetch GET 200 https://registry.npmjs.org/zod/-/zod-3.22.4.tgz 6989ms (cache miss)
5340 http fetch GET 200 https://registry.npmjs.org/postcss 6817ms (cache miss)
5341 silly packumentCache corgi:https://registry.npmjs.org/postcss set size:undefined disposed:false
5342 http fetch GET 200 https://registry.npmjs.org/picomatch/-/picomatch-4.0.7.tgz 7027ms (cache miss)
5343 http fetch GET 200 https://registry.npmjs.org/eventemitter3/-/eventemitter3-5.0.1.tgz 7032ms (cache miss)
5344 silly packumentCache corgi:https://registry.npmjs.org/next cache-miss
5345 http fetch GET 200 https://registry.npmjs.org/@scure/bip39/-/bip39-1.5.4.tgz 7176ms (cache miss)
5346 http fetch GET 200 https://registry.npmjs.org/readable-stream/-/readable-stream-2.3.8.tgz 7230ms (cache miss)
5347 http fetch GET 200 https://registry.npmjs.org/@scure/bip39/-/bip39-1.5.4.tgz 7382ms (cache miss)
5348 http fetch GET 200 https://registry.npmjs.org/uuid/-/uuid-9.0.1.tgz 7411ms (cache miss)
5349 warn deprecated uuid@9.0.1: uuid@10 and below is no longer supported.  For ESM codebases, update to uuid@latest.  For CommonJS codebases, use uuid@11 (but be aware this version will likely be deprecated in 2028).
5350 http fetch GET 200 https://registry.npmjs.org/axios/-/axios-1.16.0.tgz 7516ms (cache miss)
5351 http fetch GET 200 https://registry.npmjs.org/autoprefixer/-/autoprefixer-10.5.4.tgz 7495ms (cache miss)
5352 http fetch GET 200 https://registry.npmjs.org/undici-types/-/undici-types-7.29.0.tgz 7482ms (cache miss)
5353 http fetch GET 200 https://registry.npmjs.org/jose/-/jose-6.2.10.tgz 7807ms (cache miss)
5354 http fetch GET 200 https://registry.npmjs.org/@vanilla-extract/css/-/css-1.20.1.tgz 7776ms (cache miss)
5355 http fetch GET 200 https://registry.npmjs.org/@ethereumjs/common/-/common-3.2.0.tgz 7849ms (cache miss)
5356 http fetch GET 200 https://registry.npmjs.org/@scure/bip39/-/bip39-1.3.0.tgz 7789ms (cache miss)
5357 http fetch GET 200 https://registry.npmjs.org/@metamask/providers/-/providers-16.1.0.tgz 7898ms (cache miss)
5358 http fetch GET 200 https://registry.npmjs.org/multiformats/-/multiformats-9.9.0.tgz 8004ms (cache miss)
5359 http fetch GET 200 https://registry.npmjs.org/@metamask/rpc-errors/-/rpc-errors-6.4.0.tgz 7908ms (cache miss)
5360 http fetch GET 200 https://registry.npmjs.org/@walletconnect/utils/-/utils-2.21.0.tgz 7938ms (cache miss)
5361 http fetch GET 200 https://registry.npmjs.org/@scure/bip39/-/bip39-1.5.4.tgz 7946ms (cache miss)
5362 http fetch GET 200 https://registry.npmjs.org/@metamask/rpc-errors/-/rpc-errors-6.4.0.tgz 7999ms (cache miss)
5363 http fetch GET 200 https://registry.npmjs.org/@scure/bip39/-/bip39-1.5.4.tgz 8070ms (cache miss)
5364 http fetch GET 200 https://registry.npmjs.org/react-dom/-/react-dom-19.2.8.tgz 8100ms (cache miss)
5365 http fetch GET 200 https://registry.npmjs.org/resolve/-/resolve-1.22.12.tgz 8157ms (cache miss)
5366 http fetch GET 200 https://registry.npmjs.org/@walletconnect/utils/-/utils-2.21.0.tgz 8123ms (cache miss)
5367 http fetch GET 200 https://registry.npmjs.org/@reown/appkit/-/appkit-1.7.8.tgz 8328ms (cache miss)
5368 http fetch GET 200 https://registry.npmjs.org/zustand/-/zustand-5.0.0.tgz 8202ms (cache miss)
5369 http fetch GET 200 https://registry.npmjs.org/preact/-/preact-10.24.2.tgz 8373ms (cache miss)
5370 http fetch GET 200 https://registry.npmjs.org/postcss/-/postcss-8.4.31.tgz 8465ms (cache miss)
5371 http fetch GET 200 https://registry.npmjs.org/@walletconnect/utils/-/utils-2.21.0.tgz 8494ms (cache miss)
5372 http fetch GET 200 https://registry.npmjs.org/@walletconnect/types/-/types-2.21.0.tgz 8630ms (cache miss)
5373 http fetch GET 200 https://registry.npmjs.org/@metamask/sdk-install-modal-web/-/sdk-install-modal-web-0.32.1.tgz 8733ms (cache miss)
5374 http fetch GET 200 https://registry.npmjs.org/@walletconnect/types/-/types-2.21.0.tgz 8647ms (cache miss)
5375 warn deprecated @metamask/sdk-install-modal-web@0.32.1: No longer maintained, superseded by https://docs.metamask.io/metamask-connect
5376 http fetch GET 200 https://registry.npmjs.org/lit/-/lit-3.3.0.tgz 9116ms (cache miss)
5377 http fetch GET 200 https://registry.npmjs.org/@walletconnect/sign-client/-/sign-client-2.21.0.tgz 9012ms (cache miss)
5378 http fetch GET 200 https://registry.npmjs.org/@walletconnect/sign-client/-/sign-client-2.21.0.tgz 9011ms (cache miss)
5379 warn deprecated @walletconnect/sign-client@2.21.0: Reliability and performance improvements. See: https://github.com/WalletConnect/walletconnect-monorepo/releases
5380 warn deprecated @walletconnect/sign-client@2.21.0: Reliability and performance improvements. See: https://github.com/WalletConnect/walletconnect-monorepo/releases
5381 http fetch GET 200 https://registry.npmjs.org/@walletconnect/types/-/types-2.21.0.tgz 9106ms (cache miss)
5382 http fetch GET 200 https://registry.npmjs.org/uuid/-/uuid-9.0.1.tgz 9125ms (cache miss)
5383 http fetch GET 200 https://registry.npmjs.org/uuid/-/uuid-9.0.1.tgz 9130ms (cache miss)
5384 warn deprecated uuid@9.0.1: uuid@10 and below is no longer supported.  For ESM codebases, update to uuid@latest.  For CommonJS codebases, use uuid@11 (but be aware this version will likely be deprecated in 2028).
5385 warn deprecated uuid@9.0.1: uuid@10 and below is no longer supported.  For ESM codebases, update to uuid@latest.  For CommonJS codebases, use uuid@11 (but be aware this version will likely be deprecated in 2028).
5386 http fetch GET 200 https://registry.npmjs.org/uuid/-/uuid-9.0.1.tgz 9149ms (cache miss)
5387 http fetch GET 200 https://registry.npmjs.org/@noble/ciphers/-/ciphers-1.2.1.tgz 9169ms (cache miss)
5388 http fetch GET 200 https://registry.npmjs.org/uuid/-/uuid-9.0.1.tgz 9154ms (cache miss)
5389 warn deprecated uuid@9.0.1: uuid@10 and below is no longer supported.  For ESM codebases, update to uuid@latest.  For CommonJS codebases, use uuid@11 (but be aware this version will likely be deprecated in 2028).
5390 warn deprecated uuid@9.0.1: uuid@10 and below is no longer supported.  For ESM codebases, update to uuid@latest.  For CommonJS codebases, use uuid@11 (but be aware this version will likely be deprecated in 2028).
5391 http fetch GET 200 https://registry.npmjs.org/@walletconnect/universal-provider/-/universal-provider-2.21.0.tgz 9204ms (cache miss)
5392 warn deprecated @walletconnect/universal-provider@2.21.0: Reliability and performance improvements. See: https://github.com/WalletConnect/walletconnect-monorepo/releases
5393 http fetch GET 200 https://registry.npmjs.org/@walletconnect/universal-provider/-/universal-provider-2.21.0.tgz 9252ms (cache miss)
5394 warn deprecated @walletconnect/universal-provider@2.21.0: Reliability and performance improvements. See: https://github.com/WalletConnect/walletconnect-monorepo/releases
5395 http fetch GET 200 https://registry.npmjs.org/@walletconnect/sign-client/-/sign-client-2.21.0.tgz 9289ms (cache miss)
5396 http fetch GET 200 https://registry.npmjs.org/@noble/ciphers/-/ciphers-1.2.1.tgz 9299ms (cache miss)
5397 warn deprecated @walletconnect/sign-client@2.21.0: Reliability and performance improvements. See: https://github.com/WalletConnect/walletconnect-monorepo/releases
5398 http fetch GET 200 https://registry.npmjs.org/@solana-program/token/-/token-0.9.0.tgz 9498ms (cache miss)
5399 http fetch GET 200 https://registry.npmjs.org/@metamask/utils/-/utils-11.11.0.tgz 9507ms (cache miss)
5400 http fetch GET 200 https://registry.npmjs.org/@noble/ciphers/-/ciphers-1.2.1.tgz 9477ms (cache miss)
5401 http fetch GET 200 https://registry.npmjs.org/@noble/ciphers/-/ciphers-1.2.1.tgz 9548ms (cache miss)
5402 http fetch GET 200 https://registry.npmjs.org/@walletconnect/core/-/core-2.21.0.tgz 9601ms (cache miss)
5403 http fetch GET 200 https://registry.npmjs.org/@walletconnect/universal-provider/-/universal-provider-2.21.0.tgz 9621ms (cache miss)
5404 warn deprecated @walletconnect/universal-provider@2.21.0: Reliability and performance improvements. See: https://github.com/WalletConnect/walletconnect-monorepo/releases
5405 http fetch GET 200 https://registry.npmjs.org/@walletconnect/core/-/core-2.21.0.tgz 9774ms (cache miss)
5406 http fetch GET 200 https://registry.npmjs.org/lru-cache/-/lru-cache-11.5.2.tgz 9798ms (cache miss)
5407 http fetch GET 200 https://registry.npmjs.org/@noble/hashes/-/hashes-1.8.0.tgz 9912ms (cache miss)
5408 http fetch GET 200 https://registry.npmjs.org/@noble/hashes/-/hashes-1.4.0.tgz 9999ms (cache miss)
5409 http fetch GET 200 https://registry.npmjs.org/@walletconnect/core/-/core-2.21.0.tgz 10144ms (cache miss)
5410 http fetch GET 200 https://registry.npmjs.org/@noble/hashes/-/hashes-1.4.0.tgz 10136ms (cache miss)
5411 http fetch GET 200 https://registry.npmjs.org/@noble/hashes/-/hashes-1.4.0.tgz 10174ms (cache miss)
5412 http fetch GET 200 https://registry.npmjs.org/@metamask/utils/-/utils-9.3.0.tgz 10234ms (cache miss)
5413 http fetch GET 200 https://registry.npmjs.org/@metamask/utils/-/utils-8.5.0.tgz 10393ms (cache miss)
5414 http fetch GET 200 https://registry.npmjs.org/@noble/curves/-/curves-1.9.1.tgz 10483ms (cache miss)
5415 http fetch GET 200 https://registry.npmjs.org/@noble/hashes/-/hashes-1.7.0.tgz 10435ms (cache miss)
5416 http fetch GET 200 https://registry.npmjs.org/@img/sharp-win32-x64/-/sharp-win32-x64-0.35.4.tgz 10504ms (cache miss)
5417 http fetch GET 200 https://registry.npmjs.org/@noble/hashes/-/hashes-1.7.1.tgz 10653ms (cache miss)
5418 http fetch GET 200 https://registry.npmjs.org/@noble/curves/-/curves-1.8.0.tgz 10759ms (cache miss)
5419 http fetch GET 200 https://registry.npmjs.org/@noble/hashes/-/hashes-1.7.1.tgz 10852ms (cache miss)
5420 http fetch GET 200 https://registry.npmjs.org/@noble/curves/-/curves-1.8.1.tgz 10860ms (cache miss)
5421 http fetch GET 200 https://registry.npmjs.org/lit-html/-/lit-html-3.3.3.tgz 11110ms (cache miss)
5422 http fetch GET 200 https://registry.npmjs.org/dom-helpers/-/dom-helpers-5.2.1.tgz 11099ms (cache miss)
5423 http fetch GET 200 https://registry.npmjs.org/@noble/curves/-/curves-1.8.1.tgz 11068ms (cache miss)
5424 http fetch GET 200 https://registry.npmjs.org/@metamask/utils/-/utils-8.5.0.tgz 11062ms (cache miss)
5425 http fetch GET 200 https://registry.npmjs.org/@metamask/utils/-/utils-9.3.0.tgz 11085ms (cache miss)
5426 http fetch GET 200 https://registry.npmjs.org/@metamask/utils/-/utils-8.5.0.tgz 11091ms (cache miss)
5427 http fetch GET 200 https://registry.npmjs.org/@noble/hashes/-/hashes-1.7.1.tgz 11100ms (cache miss)
5428 http fetch GET 200 https://registry.npmjs.org/@metamask/utils/-/utils-9.3.0.tgz 11099ms (cache miss)
5429 http fetch GET 200 https://registry.npmjs.org/@metamask/utils/-/utils-8.5.0.tgz 11103ms (cache miss)
5430 http fetch GET 200 https://registry.npmjs.org/@coinbase/wallet-sdk/-/wallet-sdk-3.9.3.tgz 11206ms (cache miss)
5431 http fetch GET 200 https://registry.npmjs.org/@noble/hashes/-/hashes-1.7.1.tgz 11170ms (cache miss)
5432 http fetch GET 200 https://registry.npmjs.org/@noble/curves/-/curves-1.4.2.tgz 11238ms (cache miss)
5433 http fetch GET 200 https://registry.npmjs.org/@noble/curves/-/curves-1.8.1.tgz 11250ms (cache miss)
5434 http fetch GET 200 https://registry.npmjs.org/@safe-global/safe-apps-sdk/-/safe-apps-sdk-9.1.0.tgz 11355ms (cache miss)
5435 http fetch GET 200 https://registry.npmjs.org/@babel/runtime/-/runtime-7.29.7.tgz 11340ms (cache miss)
5436 http fetch GET 200 https://registry.npmjs.org/@noble/curves/-/curves-1.8.1.tgz 11323ms (cache miss)
5437 http fetch GET 200 https://registry.npmjs.org/sucrase/-/sucrase-3.35.1.tgz 11446ms (cache miss)
5438 http fetch GET 200 https://registry.npmjs.org/@noble/hashes/-/hashes-1.8.0.tgz 11453ms (cache miss)
5439 http fetch GET 200 https://registry.npmjs.org/@noble/hashes/-/hashes-1.8.0.tgz 11452ms (cache miss)
5440 http fetch GET 200 https://registry.npmjs.org/@noble/curves/-/curves-1.9.7.tgz 11776ms (cache miss)
5441 http fetch GET 200 https://registry.npmjs.org/next 5016ms (cache miss)
5442 silly packumentCache corgi:https://registry.npmjs.org/next set size:undefined disposed:false
5443 http fetch GET 200 https://registry.npmjs.org/dayjs/-/dayjs-1.11.13.tgz 12556ms (cache miss)
5444 silly packumentCache corgi:https://registry.npmjs.org/viem cache-miss
5445 silly packumentCache corgi:https://registry.npmjs.org/isows cache-miss
5446 http fetch GET 200 https://registry.npmjs.org/tailwindcss/-/tailwindcss-3.4.19.tgz 12522ms (cache miss)
5447 http fetch GET 200 https://registry.npmjs.org/isows 321ms (cache miss)
5448 silly packumentCache corgi:https://registry.npmjs.org/isows set size:undefined disposed:false
5449 http fetch GET 200 https://registry.npmjs.org/abitype/-/abitype-1.2.3.tgz 12866ms (cache miss)
5450 http fetch GET 200 https://registry.npmjs.org/typescript/-/typescript-5.9.3.tgz 12821ms (cache miss)
5451 http fetch GET 200 https://registry.npmjs.org/@reown/appkit-controllers/-/appkit-controllers-1.7.8.tgz 12992ms (cache miss)
5452 http fetch GET 200 https://registry.npmjs.org/viem 475ms (cache miss)
5453 silly packumentCache corgi:https://registry.npmjs.org/viem set size:undefined disposed:false
5454 silly packumentCache corgi:https://registry.npmjs.org/@coinbase%2fcdp-sdk cache-miss
5455 silly packumentCache corgi:https://registry.npmjs.org/axios-retry cache-miss
5456 http fetch GET 200 https://registry.npmjs.org/ua-parser-js/-/ua-parser-js-2.0.10.tgz 13170ms (cache miss)
5457 http fetch GET 200 https://registry.npmjs.org/axios-retry 94ms (cache miss)
5458 silly packumentCache corgi:https://registry.npmjs.org/axios-retry set size:undefined disposed:false
5459 http fetch GET 200 https://registry.npmjs.org/@coinbase%2fcdp-sdk 157ms (cache miss)
5460 silly packumentCache corgi:https://registry.npmjs.org/@coinbase%2fcdp-sdk set size:undefined disposed:false
5461 silly packumentCache corgi:https://registry.npmjs.org/@metamask%2fsdk cache-miss
5462 silly packumentCache corgi:https://registry.npmjs.org/@metamask%2fsdk-communication-layer cache-miss
5463 silly packumentCache corgi:https://registry.npmjs.org/@metamask%2futils cache-miss
5464 http fetch GET 200 https://registry.npmjs.org/recharts/-/recharts-2.15.4.tgz 13377ms (cache miss)
5465 warn deprecated recharts@2.15.4: 1.x and 2.x branches are no longer active. Bump to Recharts v3 to receive latest features and bugfixes. See https://github.com/recharts/recharts/wiki/3.0-migration-guide
5466 http fetch GET 200 https://registry.npmjs.org/@swc/helpers/-/helpers-0.5.15.tgz 13394ms (cache miss)
5467 http fetch GET 200 https://registry.npmjs.org/abitype/-/abitype-1.0.8.tgz 13385ms (cache miss)
5468 http fetch GET 200 https://registry.npmjs.org/abitype/-/abitype-1.0.8.tgz 13464ms (cache miss)
5469 http fetch GET 200 https://registry.npmjs.org/@metamask%2futils 331ms (cache miss)
5470 silly packumentCache corgi:https://registry.npmjs.org/@metamask%2futils set size:undefined disposed:false
5471 http fetch GET 200 https://registry.npmjs.org/victory-vendor/-/victory-vendor-36.9.2.tgz 13667ms (cache miss)
5472 http fetch GET 200 https://registry.npmjs.org/abitype/-/abitype-1.0.8.tgz 13653ms (cache miss)
5473 http fetch GET 200 https://registry.npmjs.org/abitype/-/abitype-1.0.8.tgz 13686ms (cache miss)
5474 http fetch GET 200 https://registry.npmjs.org/abitype/-/abitype-1.0.6.tgz 13739ms (cache miss)
5475 http fetch GET 200 https://registry.npmjs.org/@metamask%2fsdk 590ms (cache miss)
5476 silly packumentCache corgi:https://registry.npmjs.org/@metamask%2fsdk set size:undefined disposed:false
5477 http fetch GET 200 https://registry.npmjs.org/@tanstack/query-core/-/query-core-5.102.8.tgz 14005ms (cache miss)
5478 http fetch GET 200 https://registry.npmjs.org/@metamask%2fsdk-communication-layer 709ms (cache miss)
5479 silly packumentCache corgi:https://registry.npmjs.org/@metamask%2fsdk-communication-layer set size:undefined disposed:false
5480 silly packumentCache corgi:https://registry.npmjs.org/@walletconnect%2futils cache-miss
5481 http fetch GET 200 https://registry.npmjs.org/@types/lodash/-/lodash-4.17.25.tgz 14520ms (cache miss)
5482 http fetch GET 200 https://registry.npmjs.org/@tanstack/react-query/-/react-query-5.102.8.tgz 14521ms (cache miss)
5483 http fetch GET 200 https://registry.npmjs.org/@walletconnect%2futils 604ms (cache miss)
5484 silly packumentCache corgi:https://registry.npmjs.org/@walletconnect%2futils set size:undefined disposed:false
5485 silly packumentCache corgi:https://registry.npmjs.org/@base-org%2faccount cache-miss
5486 http fetch GET 200 https://registry.npmjs.org/@base-org%2faccount 122ms (cache miss)
5487 silly packumentCache corgi:https://registry.npmjs.org/@base-org%2faccount set size:undefined disposed:false
5488 silly packumentCache corgi:https://registry.npmjs.org/@metamask%2frpc-errors cache-miss
5489 silly packumentCache corgi:https://registry.npmjs.org/@metamask%2fproviders cache-miss
5490 silly packumentCache corgi:https://registry.npmjs.org/@metamask%2fjson-rpc-engine cache-miss
5491 silly packumentCache corgi:https://registry.npmjs.org/@metamask%2fjson-rpc-middleware-stream cache-miss
5492 http fetch GET 200 https://registry.npmjs.org/@metamask%2fjson-rpc-engine 98ms (cache miss)
5493 silly packumentCache corgi:https://registry.npmjs.org/@metamask%2fjson-rpc-engine set size:undefined disposed:false
5494 http fetch GET 200 https://registry.npmjs.org/@metamask%2frpc-errors 500ms (cache miss)
5495 silly packumentCache corgi:https://registry.npmjs.org/@metamask%2frpc-errors set size:undefined disposed:false
5496 http fetch GET 200 https://registry.npmjs.org/@metamask%2fjson-rpc-middleware-stream 539ms (cache miss)
5497 silly packumentCache corgi:https://registry.npmjs.org/@metamask%2fjson-rpc-middleware-stream set size:undefined disposed:false
5498 http fetch GET 200 https://registry.npmjs.org/@coinbase/wallet-sdk/-/wallet-sdk-4.3.6.tgz 15567ms (cache miss)
5499 http fetch GET 200 https://registry.npmjs.org/wagmi/-/wagmi-2.19.5.tgz 15627ms (cache miss)
5500 http fetch GET 200 https://registry.npmjs.org/@metamask%2fproviders 727ms (cache miss)
5501 silly packumentCache corgi:https://registry.npmjs.org/@metamask%2fproviders set size:undefined disposed:false
5502 silly packumentCache corgi:https://registry.npmjs.org/@wagmi%2fconnectors cache-miss
5503 http fetch GET 200 https://registry.npmjs.org/@wagmi%2fconnectors 159ms (cache miss)
5504 silly packumentCache corgi:https://registry.npmjs.org/@wagmi%2fconnectors set size:undefined disposed:false
5505 silly packumentCache corgi:https://registry.npmjs.org/@walletconnect%2fethereum-provider cache-miss
5506 silly packumentCache corgi:https://registry.npmjs.org/@walletconnect%2fsign-client cache-miss
5507 silly packumentCache corgi:https://registry.npmjs.org/@walletconnect%2funiversal-provider cache-miss
5508 silly packumentCache corgi:https://registry.npmjs.org/@walletconnect%2fcore cache-miss
5509 http fetch GET 200 https://registry.npmjs.org/hono/-/hono-4.13.5.tgz 16289ms (cache miss)
5510 http fetch GET 200 https://registry.npmjs.org/@base-org/account/-/account-2.4.0.tgz 16354ms (cache miss)
5511 http fetch GET 200 https://registry.npmjs.org/@walletconnect%2fsign-client 529ms (cache miss)
5512 silly packumentCache corgi:https://registry.npmjs.org/@walletconnect%2fsign-client set size:undefined disposed:false
5513 http fetch GET 200 https://registry.npmjs.org/@walletconnect%2funiversal-provider 971ms (cache miss)
5514 silly packumentCache corgi:https://registry.npmjs.org/@walletconnect%2funiversal-provider set size:undefined disposed:false
5515 http fetch GET 200 https://registry.npmjs.org/lodash/-/lodash-4.18.1.tgz 16916ms (cache miss)
5516 http fetch GET 200 https://registry.npmjs.org/@walletconnect%2fcore 1026ms (cache miss)
5517 silly packumentCache corgi:https://registry.npmjs.org/@walletconnect%2fcore set size:undefined disposed:false
5518 http fetch GET 200 https://registry.npmjs.org/@walletconnect%2fethereum-provider 1074ms (cache miss)
5519 silly packumentCache corgi:https://registry.npmjs.org/@walletconnect%2fethereum-provider set size:undefined disposed:false
5520 silly packumentCache corgi:https://registry.npmjs.org/@gemini-wallet%2fcore cache-miss
5521 http fetch GET 200 https://registry.npmjs.org/zod/-/zod-3.25.76.tgz 17166ms (cache miss)
5522 http fetch GET 200 https://registry.npmjs.org/@gemini-wallet%2fcore 874ms (cache miss)
5523 silly packumentCache corgi:https://registry.npmjs.org/@gemini-wallet%2fcore set size:undefined disposed:false
5524 silly packumentCache corgi:https://registry.npmjs.org/wagmi cache-miss
5525 http fetch GET 200 https://registry.npmjs.org/wagmi 162ms (cache miss)
5526 silly packumentCache corgi:https://registry.npmjs.org/wagmi set size:undefined disposed:false
5527 silly packumentCache corgi:https://registry.npmjs.org/@reown%2fappkit cache-miss
5528 silly packumentCache corgi:https://registry.npmjs.org/@reown%2fappkit-controllers cache-miss
5529 silly packumentCache corgi:https://registry.npmjs.org/@reown%2fappkit-utils cache-miss
5530 http fetch GET 200 https://registry.npmjs.org/@reown%2fappkit-controllers 393ms (cache miss)
5531 silly packumentCache corgi:https://registry.npmjs.org/@reown%2fappkit-controllers set size:undefined disposed:false
5532 http fetch GET 200 https://registry.npmjs.org/@reown%2fappkit-utils 438ms (cache miss)
5533 silly packumentCache corgi:https://registry.npmjs.org/@reown%2fappkit-utils set size:undefined disposed:false
5534 http fetch GET 200 https://registry.npmjs.org/@reown%2fappkit 491ms (cache miss)
5535 silly packumentCache corgi:https://registry.npmjs.org/@reown%2fappkit set size:undefined disposed:false
5536 silly packumentCache corgi:https://registry.npmjs.org/@rainbow-me%2frainbowkit cache-miss
5537 silly packumentCache corgi:https://registry.npmjs.org/porto cache-miss
5538 http fetch GET 200 https://registry.npmjs.org/caniuse-lite/-/caniuse-lite-1.0.30001810.tgz 19440ms (cache miss)
5539 http fetch GET 200 https://registry.npmjs.org/porto 271ms (cache miss)
5540 silly packumentCache corgi:https://registry.npmjs.org/porto set size:undefined disposed:false
5541 http fetch GET 200 https://registry.npmjs.org/ox/-/ox-0.6.7.tgz 19743ms (cache miss)
5542 http fetch GET 200 https://registry.npmjs.org/ox/-/ox-0.6.7.tgz 19758ms (cache miss)
5543 http fetch GET 200 https://registry.npmjs.org/@rainbow-me%2frainbowkit 527ms (cache miss)
5544 silly packumentCache corgi:https://registry.npmjs.org/@rainbow-me%2frainbowkit set size:undefined disposed:false
5545 silly packumentCache corgi:https://registry.npmjs.org/@reown%2fappkit-pay cache-miss
5546 silly packumentCache corgi:https://registry.npmjs.org/@reown%2fappkit-scaffold-ui cache-miss
5547 silly packumentCache corgi:https://registry.npmjs.org/@reown%2fappkit-ui cache-miss
5548 http fetch GET 200 https://registry.npmjs.org/ox/-/ox-0.6.7.tgz 20427ms (cache miss)
5549 http fetch GET 200 https://registry.npmjs.org/ox/-/ox-0.6.7.tgz 20432ms (cache miss)
5550 http fetch GET 200 https://registry.npmjs.org/ox/-/ox-0.6.9.tgz 20544ms (cache miss)
5551 http fetch GET 200 https://registry.npmjs.org/ox/-/ox-0.6.9.tgz 20553ms (cache miss)
5552 http fetch GET 200 https://registry.npmjs.org/@reown%2fappkit-pay 953ms (cache miss)
5553 silly packumentCache corgi:https://registry.npmjs.org/@reown%2fappkit-pay set size:undefined disposed:false
5554 http fetch GET 200 https://registry.npmjs.org/@wagmi/core/-/core-2.22.1.tgz 20983ms (cache miss)
5555 http fetch GET 200 https://registry.npmjs.org/@reown%2fappkit-scaffold-ui 1030ms (cache miss)
5556 silly packumentCache corgi:https://registry.npmjs.org/@reown%2fappkit-scaffold-ui set size:undefined disposed:false
5557 http fetch GET 200 https://registry.npmjs.org/porto/-/porto-0.2.35.tgz 21042ms (cache miss)
5558 http fetch GET 200 https://registry.npmjs.org/@reown%2fappkit-ui 1079ms (cache miss)
5559 silly packumentCache corgi:https://registry.npmjs.org/@reown%2fappkit-ui set size:undefined disposed:false
5560 http fetch GET 200 https://registry.npmjs.org/ox/-/ox-0.9.17.tgz 22989ms (cache miss)
5561 http fetch GET 200 https://registry.npmjs.org/zod/-/zod-4.5.4.tgz 23116ms (cache miss)
5562 http fetch GET 200 https://registry.npmjs.org/@next/swc-win32-x64-msvc/-/swc-win32-x64-msvc-15.5.24.tgz 23800ms (cache miss)
5563 http fetch GET 200 https://registry.npmjs.org/@rainbow-me/rainbowkit/-/rainbowkit-2.2.11.tgz 23796ms (cache miss)
5564 http fetch GET 200 https://registry.npmjs.org/@reown/appkit-scaffold-ui/-/appkit-scaffold-ui-1.7.8.tgz 23890ms (cache miss)
5565 http fetch GET 200 https://registry.npmjs.org/es-toolkit/-/es-toolkit-1.33.0.tgz 24052ms (cache miss)
5566 http fetch GET 200 https://registry.npmjs.org/ox/-/ox-0.14.34.tgz 24033ms (cache miss)
5567 http fetch GET 200 https://registry.npmjs.org/@reown/appkit-ui/-/appkit-ui-1.7.8.tgz 25093ms (cache miss)
5568 http fetch GET 200 https://registry.npmjs.org/@metamask/sdk-communication-layer/-/sdk-communication-layer-0.33.1.tgz 25482ms (cache miss)
5569 warn deprecated @metamask/sdk-communication-layer@0.33.1: No longer maintained, superseded by https://docs.metamask.io/metamask-connect
5570 http fetch GET 200 https://registry.npmjs.org/@metamask/sdk/-/sdk-0.33.1.tgz 28541ms (cache miss)
5571 warn deprecated @metamask/sdk@0.33.1: No longer maintained, superseded by https://docs.metamask.io/metamask-connect
5572 http fetch GET 200 https://registry.npmjs.org/@coinbase/cdp-sdk/-/cdp-sdk-1.55.0.tgz 29784ms (cache miss)
5573 http fetch GET 200 https://registry.npmjs.org/lucide-react/-/lucide-react-0.468.0.tgz 33942ms (cache miss)
5574 http fetch GET 200 https://registry.npmjs.org/date-fns/-/date-fns-2.30.0.tgz 38460ms (cache miss)
5575 http fetch GET 200 https://registry.npmjs.org/viem/-/viem-2.23.2.tgz 45386ms (cache miss)
5576 http fetch GET 200 https://registry.npmjs.org/viem/-/viem-2.23.2.tgz 45468ms (cache miss)
5577 http fetch GET 200 https://registry.npmjs.org/viem/-/viem-2.23.2.tgz 45489ms (cache miss)
5578 http fetch GET 200 https://registry.npmjs.org/viem/-/viem-2.23.2.tgz 45515ms (cache miss)
5579 http fetch GET 200 https://registry.npmjs.org/next/-/next-15.5.24.tgz 48308ms (cache miss)
5580 http fetch GET 200 https://registry.npmjs.org/viem/-/viem-2.56.1.tgz 50285ms (cache miss)
5581 warn cleanup Failed to remove some directories [
5581 warn cleanup   [
5581 warn cleanup     '\\\\?\\C:\\Users\\chaiy\\OneDrive\\Documents\\thetanuts track 1\\node_modules\\@metamask\\providers\\node_modules',
5581 warn cleanup     [Error: EPERM: operation not permitted, rmdir 'C:\Users\chaiy\OneDrive\Documents\thetanuts track 1\node_modules\@metamask\providers\node_modules\.uuid-xdhV3ilw\dist\esm-node'] {
5581 warn cleanup       errno: -4048,
5581 warn cleanup       code: 'EPERM',
5581 warn cleanup       syscall: 'rmdir',
5581 warn cleanup       path: 'C:\\Users\\chaiy\\OneDrive\\Documents\\thetanuts track 1\\node_modules\\@metamask\\providers\\node_modules\\.uuid-xdhV3ilw\\dist\\esm-node'
5581 warn cleanup     }
5581 warn cleanup   ],
5581 warn cleanup   [
5581 warn cleanup     '\\\\?\\C:\\Users\\chaiy\\OneDrive\\Documents\\thetanuts track 1\\node_modules\\@metamask\\json-rpc-middleware-stream\\node_modules',
5581 warn cleanup     [Error: ENOTEMPTY: directory not empty, rmdir 'C:\Users\chaiy\OneDrive\Documents\thetanuts track 1\node_modules\@metamask\json-rpc-middleware-stream\node_modules'] {
5581 warn cleanup       errno: -4051,
5581 warn cleanup       code: 'ENOTEMPTY',
5581 warn cleanup       syscall: 'rmdir',
5581 warn cleanup       path: 'C:\\Users\\chaiy\\OneDrive\\Documents\\thetanuts track 1\\node_modules\\@metamask\\json-rpc-middleware-stream\\node_modules'
5581 warn cleanup     }
5581 warn cleanup   ],
5581 warn cleanup   [
5581 warn cleanup     '\\\\?\\C:\\Users\\chaiy\\OneDrive\\Documents\\thetanuts track 1\\node_modules',
5581 warn cleanup     [Error: ENOTEMPTY: directory not empty, rmdir 'C:\Users\chaiy\OneDrive\Documents\thetanuts track 1\node_modules'] {
5581 warn cleanup       errno: -4051,
5581 warn cleanup       code: 'ENOTEMPTY',
5581 warn cleanup       syscall: 'rmdir',
5581 warn cleanup       path: 'C:\\Users\\chaiy\\OneDrive\\Documents\\thetanuts track 1\\node_modules'
5581 warn cleanup     }
5581 warn cleanup   ]
5581 warn cleanup ]
5582 verbose stack Error: ENOENT: no such file or directory, chmod 'C:\Users\chaiy\OneDrive\Documents\thetanuts track 1\node_modules\.bin\autoprefixer'
5582 verbose stack     at async chmod (node:internal/fs/promises:1797:10)
5582 verbose stack     at async Promise.all (index 0)
5582 verbose stack     at async Promise.all (index 0)
5582 verbose stack     at async Promise.all (index 0)
5582 verbose stack     at async RetryOperation.<anonymous> (C:\Program Files\nodejs\node_modules\npm\node_modules\@gar\promise-retry\lib\index.js:46:24)
5583 error code ENOENT
5584 error syscall chmod
5585 error path C:\Users\chaiy\OneDrive\Documents\thetanuts track 1\node_modules\.bin\autoprefixer
5586 error errno -4058
5587 error enoent ENOENT: no such file or directory, chmod 'C:\Users\chaiy\OneDrive\Documents\thetanuts track 1\node_modules\.bin\autoprefixer'
5588 error enoent This is related to npm not being able to find a file.
5588 error enoent
5589 silly unfinished npm timer reify 1788177440089
5590 silly unfinished npm timer reify:build 1788177529156
5591 silly unfinished npm timer build 1788177529156
5592 silly unfinished npm timer build:deps 1788177529156
5593 silly unfinished npm timer build:link 1788177529169
5594 silly unfinished npm timer build:link:node_modules/autoprefixer 1788177529170
5595 silly unfinished npm timer build:link:node_modules/baseline-browser-mapping 1788177529170
5596 silly unfinished npm timer build:link:node_modules/browserslist 1788177529170
5597 silly unfinished npm timer build:link:node_modules/crc-32 1788177529170
5598 silly unfinished npm timer build:link:node_modules/cssesc 1788177529170
5599 silly unfinished npm timer build:link:node_modules/jiti 1788177529170
5600 silly unfinished npm timer build:link:node_modules/loose-envify 1788177529170
5601 silly unfinished npm timer build:link:node_modules/nanoid 1788177529170
5602 silly unfinished npm timer build:link:node_modules/next 1788177529170
5603 silly unfinished npm timer build:link:node_modules/node-gyp-build 1788177529170
5604 silly unfinished npm timer build:link:node_modules/pino 1788177529170
5605 silly unfinished npm timer build:link:node_modules/porto 1788177529170
5606 silly unfinished npm timer build:link:node_modules/qrcode 1788177529171
5607 silly unfinished npm timer build:link:node_modules/resolve 1788177529171
5608 silly unfinished npm timer build:link:node_modules/semver 1788177529171
5609 silly unfinished npm timer build:link:node_modules/sha.js 1788177529171
5610 silly unfinished npm timer build:link:node_modules/sucrase 1788177529171
5611 silly unfinished npm timer build:link:node_modules/tailwindcss 1788177529171
5612 silly unfinished npm timer build:link:node_modules/typescript 1788177529171
5613 silly unfinished npm timer build:link:node_modules/ua-parser-js 1788177529171
5614 silly unfinished npm timer build:link:node_modules/update-browserslist-db 1788177529171
5615 silly unfinished npm timer build:link:node_modules/uuid 1788177529171
5616 verbose cwd C:\Users\chaiy\OneDrive\Documents\thetanuts track 1
5617 verbose os Windows_NT 10.0.26200
5618 verbose node v24.20.0
5619 verbose npm  v11.19.0
5620 notice
5620 notice New major version of npm available! 11.19.0 -> 12.0.2
5620 notice Changelog: https://github.com/npm/cli/releases/tag/v12.0.2
5620 notice To update run: npm install -g npm@12.0.2
5620 notice  { force: true, Symbol(proc-log.meta): true }
5621 verbose exit -4058
5622 verbose code -4058
5623 error A complete log of this run can be found in: C:\Users\chaiy\OneDrive\Documents\thetanuts track 1\.npm-cache\_logs\2026-08-31T11_57_19_674Z-debug-0.log
